term,aliases,category,definition,source_name,source_url
120MA,[],가격/차트,"120MA는 120일 동안의 주가 평균을 연결한 선입니다. 주식 차트에서 중장기 추세를 파악할 때 쓰이며, 향후 반기 경기를 가늠하는 지표라는 의미에서 '경기선'이라고도 부릅니다. 120일선이 상승 추세일 때는 향후 경기를 긍정적으로 해석하는 경향이 있으나, 과거의 평균치를 나타내는 지표인 만큼 실제 경기 흐름이나 기업 실적과는 차이가 있을 수 있습니다.",KB증권 금융용어사전,https://www.kbsec.com/go.able?linkcd=m04110000
20MA,[],가격/차트,"20MA는 20일 동안의 평균 주가를 연결한 선입니다. 주식 시장의 영업일 기준으로 약 1개월간의 평균 가격 흐름을 나타내며, 차트에서 주가의 추세를 파악하는 지표로 활용됩니다. 맥락에 따라 주기 매매선이나 추세선이라고도 부릅니다.",KB증권 금융용어사전,https://www.kbsec.com/go.able?linkcd=m04110000
5MA,[],가격/차트,"5MA는 5일 동안의 주가 평균치를 연결한 선으로, 주가 차트에서 단기적인 흐름을 파악하는 지표입니다. 단기 매매선이나 생명선이라고도 불리며, 주가가 5일선보다 낮아지면 최근 시세에 비해 단기적인 상승 동력이 약해진 것으로 해석되기도 합니다. 주로 단기 투자자들이 시장의 흐름을 빠르게 포착하고자 할 때 활용하는 이동평균선입니다.",KB증권 금융용어사전,https://www.kbsec.com/go.able?linkcd=m04110000
60MA,[],가격/차트,60MA는 60일 동안의 주가 평균을 연결한 선입니다. 약 3개월간의 주가 흐름을 나타내어 기업의 분기 실적을 전망하는 지표로 활용되기도 합니다. 시장의 수요와 공급 평균치를 파악할 수 있다는 의미에서 '수급선'이라고도 불립니다.,KB증권 금융용어사전,https://www.kbsec.com/go.able?linkcd=m04110000
CD(certificates of deposit),[],채권/금리/환율,"CD(양도성예금증서)는 은행이 정기예금에 대해 발행한 양도 가능한 증서입니다. 무기명으로 발행되어 제3자에게 자유롭게 양도할 수 있는 특징이 있습니다. 주로 단기 유휴 자금을 운용하는 목적으로 활용되며, 예금의 성격과 유통성을 동시에 갖춘 금융 상품입니다.",미래에셋증권 증권용어사전,https://securities.miraeasset.com/hki/hki3028/r01.do
CMA약정식RP,[],채권/금리/환율,"CMA약정식RP는 CMA 계좌에서 가입할 수 있는 약정형 RP 상품을 뜻합니다. 정해진 기간 동안 약속된 이율을 제공하며, 만기 시에는 현금화됩니다. 만기일에 출금 등 별도의 업무 처리가 없으면 정해진 시간에 일반 CMA RP로 자동 재투자되는 특징이 있습니다.",KB증권 금융용어사전,https://www.kbsec.com/go.able?linkcd=m04110000
DLS(파생결합증권),[],파생/구조화상품,"DLS(파생결합증권)는 채권, 환율, 실물자산, 신용위험 등 다양한 자산의 가격 변동에 연계되어 수익이 결정되는 금융상품입니다. 기초자산의 가격이 미리 정해진 범위 내에서 움직이면 약속된 수익을 제공하는 구조를 가집니다. 상품마다 기초자산의 종류와 수익이 발생하는 조건이 다를 수 있습니다.",KB증권 금융용어사전,https://www.kbsec.com/go.able?linkcd=m04110000
DLS·DLB,[],파생/구조화상품,"DLS와 DLB는 금리, 원자재, 환율, 신용위험 등 다양한 기초자산의 가격이나 지수 변동에 따라 수익률이 결정되는 금융상품입니다. 원금 손실 가능성 여부에 따라 원금비보장형은 DLS(기타파생결합증권), 원금보장형은 DLB(기타파생결합사채)로 분류합니다. 주식 외의 다양한 경제 지표와 연동되므로 뉴스나 상품 설명서에서 주로 접하게 되며, 기초자산의 성격에 따라 수익 구조가 다르게 설계됩니다.",iM증권 금융용어사전,https://www.imfnsec.com/research/financial_guide/fg000000.jsp
DR(Depository Receipts),[],시장/상장,"DR(주식예탁증서)은 기업이 해외 자본시장에서 주식을 유통할 때, 원본 주식을 대신하여 발행하는 증서입니다. 국가 간의 법률이나 제도 차이, 주권 수송의 번거로움을 해결하기 위해 사용됩니다. 기업은 이를 통해 국내 지분 구조를 유지하면서 외화 자금을 조달할 수 있으며, DR 보유자는 예탁기관과의 권리 관계에 따라 이를 원본 주식으로 교환할 수도 있습니다. 주로 해외 상장이나 자금 조달 관련 공시, 뉴스에서 접할 수 있습니다.",미래에셋증권 증권용어사전,https://securities.miraeasset.com/hki/hki3028/r01.do
ELS(주가연계증권),[],파생/구조화상품,"ELS(주가연계증권)는 주가지수나 개별 종목의 주가를 기초자산으로 삼아, 미리 정해진 조건을 충족하면 수익을 지급하는 금융상품입니다. 기초자산의 가격 변동에 따라 수익률이 결정되는 구조를 가지고 있습니다. 상품마다 수익을 얻기 위한 조건과 손실 발생 가능성이 다르므로, 공시나 상품 설명에 명시된 구체적인 조건을 확인해야 합니다.",KB증권 금융용어사전,https://www.kbsec.com/go.able?linkcd=m04110000
ELS/DLS 기초자산,[],파생/구조화상품,"ELS/DLS 기초자산은 ELS(주가연계증권)나 DLS(파생결합증권)의 수익과 손실을 결정하는 기준이 되는 자산입니다. 개별 주식, 주가지수, 금리 등이 주로 활용되며, 이 자산들의 가격이 미리 정해진 조건에 따라 어떻게 움직이는지에 따라 투자 결과가 달라집니다.",iM증권 금융용어사전,https://www.imfnsec.com/research/financial_guide/fg000000.jsp
ELS/DLS 만기평가가격,[],파생/구조화상품,"ELS/DLS 만기평가가격은 만기 시 수익이나 손실 여부를 판단하기 위해 기준으로 삼는 각 기초자산의 가격입니다. 만기 시점에 기초자산의 가격이 어느 수준인지에 따라 최종적인 투자 결과가 결정되므로, 상품의 성과를 확인하는 공시나 리포트에서 중요하게 다뤄집니다.",iM증권 금융용어사전,https://www.imfnsec.com/research/financial_guide/fg000000.jsp
ELS/DLS수익률,[],파생/구조화상품,"ELS/DLS수익률은 ELS나 DLS 상품이 조기 또는 만기 상환될 때 투자자가 원금 대비 받게 되는 수익의 비율을 뜻합니다. 일반적으로 연환산된 세전 수익률로 표기되며, 상품 설명이나 수익률 확인 화면에서 주로 쓰입니다. 상환 시점의 조건 충족 여부에 따라 실제 수익이 달라질 수 있습니다.",iM증권 금융용어사전,https://www.imfnsec.com/research/financial_guide/fg000000.jsp
ELS/DLS중도상환,[],파생/구조화상품,"ELS/DLS 중도상환은 투자자의 요청에 따라 만기가 되기 전에 파생결합증권을 청산하여 투자금을 돌려받는 것을 의미합니다. 만기 이전에 자금을 회수할 수 있는 방법이지만, 이 과정에서 중도수수료가 발생할 수 있다는 점에 유의해야 합니다.",iM증권 금융용어사전,https://www.imfnsec.com/research/financial_guide/fg000000.jsp
ELS/DLS최초기준가격,[],파생/구조화상품,"ELS/DLS최초기준가격은 자동조기상환이나 만기상환 수익 등을 판단하기 위해 처음에 기준으로 정하는 기초자산의 가격입니다. 상품의 수익 조건을 결정하는 기준이 되며, 이후 기초자산의 가격이 이 가격 대비 어느 수준인지에 따라 상환 여부가 결정됩니다.",iM증권 금융용어사전,https://www.imfnsec.com/research/financial_guide/fg000000.jsp
ELS·ELB,[],파생/구조화상품,"ELS와 ELB는 주가지수나 개별 주식의 가격 변동에 연동하여 수익이 결정되는 증권입니다. 원금비보장형은 ELS(주가연계증권), 원금보장형은 ELB(주가연계파생결합사채)로 분류합니다. 기초자산의 가격 흐름에 따라 수익률이 달라지는 구조화 상품의 특성을 가지고 있습니다.",iM증권 금융용어사전,https://www.imfnsec.com/research/financial_guide/fg000000.jsp
ETF,[],ETF/펀드,"ETF는 인덱스 펀드를 거래소에 상장시켜 주식처럼 실시간으로 사고팔 수 있게 만든 상품입니다. 주가 화면에서 개별 종목처럼 검색하고 거래할 수 있으며, 펀드의 분산 투자 성격과 주식의 매매 편의성을 함께 갖추고 있는 것이 특징입니다.",KB증권 금융용어사전,https://www.kbsec.com/go.able?linkcd=m04110000
ETN,[],ETF/펀드,"ETN(상장지수채권)은 증권사가 발행하며 특정 기초지수의 성과를 따르도록 설계된 상품입니다. 주식처럼 거래소에 상장되어 실시간으로 거래할 수 있는 것이 특징입니다. 기초지수의 수익률에 따라 가치가 결정되며, 발행 주체인 증권사가 수익 지급을 약속하는 형태로 운영됩니다.",KB증권 금융용어사전,https://www.kbsec.com/go.able?linkcd=m04110000
EV/EBITDA,[],투자지표/밸류에이션,"EV/EBITDA는 기업가치(EV)를 세금·이자지급전 이익(EBITDA)으로 나눈 지표입니다. 기업가치가 순수한 영업활동을 통한 이익의 몇 배인지를 나타내며, 이 비율이 낮을수록 기업가치에 비해 주가가 저평가된 것으로 해석되기도 합니다. 예를 들어 이 수치가 2배라면, 기업이 벌어들인 이익을 2년간 합했을 때 기업가치만큼의 투자 원금을 회수할 수 있다는 의미로 이해할 수 있습니다.",iM증권 금융용어사전,https://www.imfnsec.com/research/financial_guide/fg000000.jsp
HTS,[],거래/주문/결제,"HTS는 Home Trading System의 약자로, 집에서도 인터넷을 이용해 주식을 거래할 수 있는 시스템입니다. 과거에는 거래소나 특정 장소에서만 주식 거래가 가능했으나, HTS를 통해 개인 투자자가 온라인으로 직접 주문을 낼 수 있게 되었습니다.",KB증권 금융용어사전,https://www.kbsec.com/go.able?linkcd=m04110000
IRP ETF약정등록/해지,[],ETF/펀드,"IRP ETF약정등록/해지는 IRP 계좌 내에서 일반 펀드 계좌와 ETF 투자용 계좌 간에 자금을 이동시키는 절차를 의미합니다. 약정등록은 수익증권펀드 계좌에 있는 자금을 ETF를 매매할 수 있는 계좌로 옮기는 행위이며, 약정해지는 반대로 ETF 투자운용계좌의 자금을 다시 펀드 계좌로 보내는 행위입니다.",iM증권 금융용어사전,https://www.imfnsec.com/research/financial_guide/fg000000.jsp
KONEX,[],시장/상장,"코넥스는 기술력과 성장 가능성은 있으나 상장 요건을 충족하지 못한 초기 중소기업을 지원하기 위한 전용 시장입니다. 상장 요건 완화와 공시 항목 축소 등을 통해 기업 성장의 디딤돌 역할을 하며, 이곳에서 성장한 기업은 코스닥 시장으로 이전 상장하기도 합니다. 다만, 시세 급등락에 따른 위험을 관리하기 위해 개인 투자자의 투자 조건이 일반 시장보다 까다롭게 설정되어 있습니다.",KB증권 금융용어사전,https://www.kbsec.com/go.able?linkcd=m04110000
KOSDAQ,[],시장/상장,"코스닥(KOSDAQ)은 중견기업이나 벤처기업 등을 육성하기 위해 설립된 증권시장입니다. 유가증권시장(KOSPI)에 비해 상대적으로 현재의 실적보다는 미래의 성장 가치에 주목하는 기업들이 많이 상장되어 있습니다. 기업 유형에 따라 매출액이나 자기자본 등 상장 요건에 차이가 있으며, 상장 특례 제도를 통해 일부 요건을 예외 적용받는 경우도 있습니다.",KB증권 금융용어사전,https://www.kbsec.com/go.able?linkcd=m04110000
KOSPI,[],시장/상장,"KOSPI는 우리나라를 대표하는 주식시장으로, 규모가 크고 경영 실적이 비교적 안정적인 기업들이 상장되어 거래되는 시장입니다. 주로 인지도가 높은 대기업들이 상장되어 있으며, 상장을 위해서는 자기자본 300억 원 이상, 최근 매출액 1,000억 원 이상 등 까다로운 규모와 수익성, 건전성 요건을 충족해야 합니다. 한국거래소의 심사를 거쳐 상장된 기업들은 대체로 대규모의 건실한 매출 구조와 지배구조를 갖춘 것으로 평가됩니다.",KB증권 금융용어사전,https://www.kbsec.com/go.able?linkcd=m04110000
MACD,[],가격/차트,MACD는 이동평균선들이 서로 가까워지거나 멀어지는 성질을 이용해 주가의 추세를 분석하는 지표입니다. 주가 차트에서 이동평균선 간의 차이를 시각화하여 추세의 전환이나 과매수·과매도 구간 진입 여부를 파악할 때 활용합니다. 기준선 돌파 등의 신호를 통해 주가의 흐름을 살피는 용도로 쓰입니다.,KB증권 금융용어사전,https://www.kbsec.com/go.able?linkcd=m04110000
MMF(Money Market Fund),[],ETF/펀드,"MMF는 고객의 자금을 모아 CD(양도성예금증서), CP(기업어음), 콜론 등 단기 금융상품에 투자하여 수익을 돌려주는 실적배당형 상품입니다. 금리가 높은 단기 상품에 집중 투자하여 운용 성과를 배분하는 특징이 있습니다. 주로 단기 자금을 운용하는 맥락에서 언급되며, 투자 대상의 성격에 따라 수익률이 달라질 수 있습니다.",미래에셋증권 증권용어사전,https://securities.miraeasset.com/hki/hki3028/r01.do
MTS,[],거래/주문/결제,"MTS는 Mobile Trading System의 약자로, 휴대폰을 이용해 주식을 거래하는 시스템입니다. 모바일 기기에서 실시간 주가 확인과 주문을 할 수 있는 환경을 뜻하며, 장소의 제약 없이 거래가 가능하다는 특징이 있습니다.",KB증권 금융용어사전,https://www.kbsec.com/go.able?linkcd=m04110000
NAV,[],ETF/펀드,"NAV는 ETF 1주당 순자산 가치를 나타내는 지표입니다. ETF의 실제 가치를 보여주며, 현재 시장에서 거래되는 ETF의 가격이 실제 가치와 얼마나 차이가 나는지 비교할 때 사용합니다. 시장 가격은 수급 상황에 따라 NAV와 다를 수 있습니다.",KB증권 금융용어사전,https://www.kbsec.com/go.able?linkcd=m04110000
NYSE (New York Stick Exchange),[],시장/상장,"NYSE는 뉴욕 증권거래소를 의미합니다. 미국의 대표적인 주식 시장으로, 국내 증시의 흐름을 파악하기 위해 글로벌 시장 동향을 살필 때 뉴스나 리포트에서 자주 언급됩니다.",미래에셋증권 증권용어사전,https://securities.miraeasset.com/hki/hki3028/r01.do
OBV지표(On Balance Volume),[],가격/차트,"OBV(On Balance Volume)는 거래량을 활용해 시장이 매집 단계인지 분산 단계인지를 나타내는 기술적 지표입니다. 주가가 뚜렷한 방향 없이 정체되어 있을 때 향후 추세를 가늠하는 용도로 차트 분석에서 주로 사용됩니다. 종가가 전일보다 상승하면 해당 거래량을 더하고, 하락하면 차감하는 방식으로 산출하며, 배당락이나 권리락 발생 시에는 별도의 기준에 따라 계산합니다. 주가와 OBV의 흐름이 다르게 나타나는 현상을 통해 추세 전환 가능성을 해석하기도 하나, 지표의 움직임만으로 주가 방향을 단정해서는 안 됩니다.",미래에셋증권 증권용어사전,https://securities.miraeasset.com/hki/hki3028/r01.do
PBR,[],투자지표/밸류에이션,"PBR은 주가를 1주당 순자산으로 나눈 지표로, 주가순자산비율이라고도 합니다. 주가가 기업의 순자산에 비해 몇 배 수준에서 거래되고 있는지 나타냅니다. PER과 함께 주가의 상대적인 수준을 파악할 때 활용하며, 기업의 재무 상태나 업종 특성에 따라 다르게 해석될 수 있습니다.",iM증권 금융용어사전,https://www.imfnsec.com/research/financial_guide/fg000000.jsp
PER,[],투자지표/밸류에이션,"PER는 주가를 주당순이익으로 나눈 투자지표입니다. 기업이 벌어들이는 이익에 비해 주가가 어느 정도 수준인지 볼 때 사용합니다. 주가가 1주당 수익의 몇 배가 되는지를 나타내며, 종목 정보나 리포트에서 기업의 가치를 판단하는 지표로 자주 활용됩니다.",iM증권 금융용어사전,https://www.imfnsec.com/research/financial_guide/fg000000.jsp
PSR,[],투자지표/밸류에이션,"PSR은 시가총액을 매출액으로 나누거나 주가를 1주당 매출액으로 나눈 지표입니다. 기업의 매출 규모에 비해 주가가 어느 정도 수준인지 보여주며, 주로 기업의 성장성에 주안점을 두고 가치를 평가할 때 사용합니다. PSR이 낮을수록 매출 대비 주가가 상대적으로 저평가된 것으로 해석되기도 합니다.",iM증권 금융용어사전,https://www.imfnsec.com/research/financial_guide/fg000000.jsp
PSR(price selling ratio),[],투자지표/밸류에이션,"PSR은 주가를 주당 매출액으로 나눈 투자지표입니다. 기업의 수익성보다는 성장성에 초점을 맞춰, 현재 주가가 매출 규모에 비해 어느 정도 수준인지 파악할 때 사용합니다. 주로 당장의 이익보다 미래 가치가 중요한 벤처기업이나 코스닥 상장사 분석에 활용됩니다. PSR이 낮을수록 성장 잠재력 대비 주가가 저평가된 것으로 해석하기도 하지만, 이익률이 낮은 경우에도 지표가 낮게 나타날 수 있으므로 매출액 증가율이나 영업이익률 등을 함께 고려하는 것이 좋습니다.",미래에셋증권 증권용어사전,https://securities.miraeasset.com/hki/hki3028/r01.do
RP 만기후이율,[],채권/금리/환율,RP 만기후이율은 약정식 RP 상품의 만기가 지난 후에도 투자자가 직접 매도하지 않았을 때 적용되는 이율입니다. 만기 이후에는 기존 약정 금리가 아닌 0.1%의 이율이 적용됩니다. 주로 RP 상품의 상세 정보나 계좌 관리 화면에서 만기 이후의 수익률 기준을 설명할 때 사용됩니다.,KB증권 금융용어사전,https://www.kbsec.com/go.able?linkcd=m04110000
RP자동재투자,[],채권/금리/환율,"RP자동재투자는 약정한 기간이 지나면 해당 시점의 수익률로 RP를 다시 매수하는 기능입니다. 투자자가 직접 매수하지 않아도 회사가 정한 주기에 따라 자동으로 재투자가 이루어지며, 이때 적용되는 수익률은 재투자 시점에 회사가 고시한 약정 수익률을 따릅니다.",KB증권 금융용어사전,https://www.kbsec.com/go.able?linkcd=m04110000
Step-up 발행어음,[],채권/금리/환율,Step-up 발행어음은 이자율이 일정 주기마다 점차 상승하는 구조의 상품입니다. 시간이 지날수록 적용되는 금리가 단계적으로 높아지는 특징이 있습니다. 주로 금융상품 화면이나 관련 공시에서 상품의 금리 구조를 설명할 때 사용됩니다.,KB증권 금융용어사전,https://www.kbsec.com/go.able?linkcd=m04110000
가격변동준비금 (reserve for fluctuation),[],재무/회계,가격변동준비금은 기업이 보유한 재고자산이나 유가증권의 가격 하락으로 발생할 수 있는 손실에 대비해 미리 적립해 두는 금액입니다. 주로 투자신탁회사가 자산 운용 과정에서 발생한 이익의 일부를 쌓아두어 향후 가격 변동 위험을 관리하는 데 활용합니다. 재무제표나 공시에서 기업이 예상치 못한 자산 가치 하락에 대응하기 위해 마련한 완충 장치의 역할을 합니다.,미래에셋증권 증권용어사전,https://securities.miraeasset.com/hki/hki3028/r01.do
가격산정 (pricing),[],투자지표/밸류에이션,가격산정(Pricing)은 주식의 가치나 새로 발행하는 채권의 수익률을 결정하는 것을 의미합니다. 주로 주식이나 채권을 새로 발행할 때 시장 상황과 자산의 가치를 고려하여 적정한 가격이나 금리 수준을 정하는 과정을 말합니다.,미래에셋증권 증권용어사전,https://securities.miraeasset.com/hki/hki3028/r01.do
가격신축성 (price flexibility),[],거시경제,"가격신축성은 수요와 공급의 변화에 따라 가격이 변동하는 정도를 뜻합니다. 수요가 공급보다 많아지면 가격이 상승하고, 반대로 공급이 많아지면 가격이 하락하는 수급 관계의 원리를 설명합니다. 주로 거시경제 뉴스나 리포트에서 시장의 가격 조정 메커니즘을 설명할 때 사용되는 용어입니다.",미래에셋증권 증권용어사전,https://securities.miraeasset.com/hki/hki3028/r01.do
가격제한폭,[],가격/차트,"가격제한폭은 하루 동안 주가가 변동할 수 있는 범위를 제한하는 제도입니다. 보통 전일 종가 대비 ±30% 범위로 정해지며, 주가 화면에서 상한가와 하한가를 결정하는 기준이 됩니다. 정리매매 종목 등 일부 특수한 경우에는 이 제한이 적용되지 않을 수 있습니다.",KB증권 금융용어사전,https://www.kbsec.com/go.able?linkcd=m04110000
가격제한폭(restriction of price range),[],가격/차트,"가격제한폭은 하루 동안 주가가 움직일 수 있는 범위를 제한하여 급격한 변동에 따른 시장 혼란을 방지하는 제도입니다. 전일 종가를 기준으로 주가가 오를 수 있는 최상단을 상한가, 내려갈 수 있는 최하단을 하한가라고 합니다. 투자자 보호와 공정한 가격 형성을 목적으로 하지만, 인위적인 제한으로 인해 주가가 정보를 즉시 반영하지 못하거나 변동성이 다음 날로 이어지는 요인이 되기도 합니다.",미래에셋증권 증권용어사전,https://securities.miraeasset.com/hki/hki3028/r01.do
가격지지 (peg),[],시장/상장,"가격지지는 새로 발행된 증권이 유통시장에서 상장가 아래로 떨어지지 않도록 발행 기간 동안 공개시장에서 가격을 고정시키는 것을 말합니다. 주로 신규 상장 종목의 가격 안정을 돕는 시장조성 과정에서 활용됩니다. 가격이 일정 수준으로 유지되는 상태를 나타내며, 이를 주가의 방향성을 결정짓는 절대적인 지표로만 해석해서는 안 됩니다.",미래에셋증권 증권용어사전,https://securities.miraeasset.com/hki/hki3028/r01.do
가격파급효과분석,[],거시경제,가격파급효과분석은 원재료 가격이나 임금 같은 비용의 변화가 최종 생산물 가격에 어떤 영향을 주는지 분석하는 방법입니다. 산업연관표를 활용해 특정 항목의 가격 변동이 경제 전반의 물가에 미치는 파급력을 파악할 때 쓰입니다. 주로 거시경제 리포트나 뉴스에서 원가 상승이 산업별 제품 가격에 미치는 영향을 설명하는 맥락에서 사용됩니다.,미래에셋증권 증권용어사전,https://securities.miraeasset.com/hki/hki3028/r01.do
가격할증 (markup),[],거래/주문/결제,"가격할증은 증권의 시장가격이 상승함에 따라 딜러가 해당 증권의 가치를 높게 재평가하거나, 딜러가 일반 투자자에게 판매하는 가격과 시장 조성자의 매도가격 사이의 차이를 뜻합니다. 거래나 주문 과정에서 발생하는 가격의 차이를 설명할 때 주로 쓰입니다. 시장 상황이나 거래 주체에 따라 발생하는 비용적 성격을 포함하므로 단순한 가격 상승과는 구분하여 이해해야 합니다.",미래에셋증권 증권용어사전,https://securities.miraeasset.com/hki/hki3028/r01.do
가장매매,[],거래/주문/결제,가장매매는 동일한 투자자가 같은 종목의 매도와 매수 주문을 동시에 내어 거래가 활발한 것처럼 꾸미거나 시세를 조정하는 행위입니다. 2인 이상이 미리 약속하고 거래하는 '통정매매'와 함께 대표적인 시세조종 수단으로 꼽힙니다. 시장의 공정한 거래 질서를 해치는 행위로 간주되어 법적으로 금지되어 있습니다.,미래에셋증권 증권용어사전,https://securities.miraeasset.com/hki/hki3028/r01.do
가중주가평균 (weighted stock price average),[],가격/차트,"가중주가평균은 각 종목의 거래량이나 상장주식수를 가중치로 반영하여 산출한 평균 주가입니다. 단순히 주가만을 산술평균하는 방식과 달리, 시장의 규모나 거래 현황을 함께 고려하는 것이 특징입니다. 거래량을 가중치로 하면 시장의 인기나 경기 동향을 파악하기에 적합하고, 상장주식수를 가중치로 하면 시장의 전반적인 주가 수준을 확인하는 데 유용합니다.",미래에셋증권 증권용어사전,https://securities.miraeasset.com/hki/hki3028/r01.do
가중평균 수익률,[],투자지표/밸류에이션,"가중평균 수익률은 여러 종목의 수익률을 합산할 때 각 기업의 자본금 규모를 반영하여 계산한 지표입니다. 단순히 종목 수로 나누는 산술평균과 달리, 각 종목의 배당금 총액을 전체 시가총액으로 나누어 산출합니다. 자본금 규모가 큰 대형주의 영향력이 더 크게 반영되는 특징이 있으며, 시장 전체나 특정 업종의 전반적인 배당 수준을 파악하는 용도로 활용됩니다.",미래에셋증권 증권용어사전,https://securities.miraeasset.com/hki/hki3028/r01.do
가중평균금리 (weighted average rate),[],채권/금리/환율,가중평균금리는 금융기관이 취급하는 금융상품의 금리를 거래 빈도나 금액 비중에 따라 가중치를 두어 산출한 평균 금리입니다. 단순히 금리 수치를 산술 평균하는 것보다 실제 시장의 자금 흐름과 금리 수준을 더 대표성 있게 보여주는 지표로 활용됩니다. 한국은행은 금액에 가중치를 둔 가중평균금리를 발표하여 시장의 기준 금리 흐름을 파악할 수 있게 합니다.,미래에셋증권 증권용어사전,https://securities.miraeasset.com/hki/hki3028/r01.do
가중평균배당수익률,[],배당/주주환원,"가중평균배당수익률은 시장에 상장된 전체 종목의 배당금 총액을 시가총액으로 나누어 산출한 평균 배당수익률입니다. 개별 종목의 배당수익률을 단순히 합산해 나누는 방식과 달리, 상장주식 수에 따른 비중을 반영하여 계산합니다. 시가총액이 큰 종목의 배당 수준에 더 많은 영향을 받으므로, 시장 전체의 실질적인 배당 수익 현황을 파악하는 지표로 활용됩니다.",미래에셋증권 증권용어사전,https://securities.miraeasset.com/hki/hki3028/r01.do
가중평균상환기간 (weighted average term to maturity),[],채권/금리/환율,"가중평균상환기간은 채권에서 발생하는 이자와 원금 등 모든 현금흐름의 평균적인 회수기간을 의미합니다. 만기까지의 기간보다 짧은 것이 일반적인데, 이는 중간에 지급되는 이자까지 고려하여 계산하기 때문입니다. 이자 지급액이 클수록 기간은 짧아지며, 이자 지급이 없는 할인채는 만기 기간과 가중평균상환기간이 동일합니다. 모든 현금흐름을 고려한다는 장점이 있으나, 각 현금흐름의 시간가치는 반영하지 않는다는 특징이 있습니다.",미래에셋증권 증권용어사전,https://securities.miraeasset.com/hki/hki3028/r01.do
가중평균자본비용 (weighted average cost of capital),[],투자지표/밸류에이션,"가중평균자본비용(WACC)은 기업이 조달한 부채, 우선주, 보통주 등 각 자본의 비용을 전체 자본에서 차지하는 비중에 따라 가중평균한 것입니다. 일반적으로 기업의 전체적인 자본비용을 의미하며, 기업 가치를 평가하거나 재무적 의사결정을 내릴 때 핵심적인 지표로 쓰입니다. 투자자에게는 요구수익률의 기준이 되고, 기업에게는 투자와 자금 조달의 효율성을 판단하는 기준이 됩니다.",미래에셋증권 증권용어사전,https://securities.miraeasset.com/hki/hki3028/r01.do
가중평균주가 (weighted stock price average),[],가격/차트,"가중평균주가는 특정 기준에 가중치를 두어 계산한 평균 주가입니다. 시장 전체의 시가총액을 상장주식수로 나누어 상장주식수에 중점을 둔 평균 주가 수준을 파악하거나, 일정 기간의 총 거래대금을 총 거래량으로 나누어 매매 거래에 중점을 둔 평균 주가를 산출할 때 사용합니다.",미래에셋증권 증권용어사전,https://securities.miraeasset.com/hki/hki3028/r01.do
간사회사(management cooperation),[],시장/상장,"간사회사는 주식이나 채권 같은 증권 발행 업무를 총괄하는 금융기관을 말합니다. 발행 조건과 시기를 결정하고, 인수단을 구성해 증권을 직접 인수함으로써 발행에 따른 위험을 나누는 역할을 합니다. 업무 비중에 따라 주간사회사와 공동간사회사로 구분하며, 주로 공시나 뉴스에서 기업의 상장이나 자금 조달 소식을 전할 때 등장합니다.",미래에셋증권 증권용어사전,https://securities.miraeasset.com/hki/hki3028/r01.do
간접공시,[],공시/기업행위,"간접공시는 상장법인이 거래소에 신고한 기업 내용을 거래소가 해당 기업을 대신하여 공시하는 제도입니다. 기업은 간접공시 사유가 발생한 날로부터 3일 이내에 그 내용을 거래소에 신고해야 합니다. 주요 항목으로는 사업 목적 변경을 위한 이사회 결의, 자본금의 20% 이상에 해당하는 대규모 소송 제기, 경영권 분쟁, 조세 범칙 사건 조사 등이 있습니다. 공시를 통해 기업의 경영 목적 변화나 법적 분쟁 발생 여부를 확인할 수 있습니다.",미래에셋증권 증권용어사전,https://securities.miraeasset.com/hki/hki3028/r01.do
간접금융(indirect financing),[],거시경제,"간접금융은 자금을 빌려주는 사람과 빌리는 사람이 직접 거래하지 않고, 은행과 같은 금융중개기관을 거쳐 자금이 전달되는 방식입니다. 개인이 은행에 예금을 하고, 은행이 그 자금을 다시 기업 등에 대출하거나 투자하는 형태가 대표적입니다.",미래에셋증권 증권용어사전,https://securities.miraeasset.com/hki/hki3028/r01.do
간접모집(indirect offering),[],시장/상장,"간접모집은 발행회사가 직접 투자자를 모집하지 않고 증권사 등 전문 중개기관을 통해 주식이나 채권을 발행하는 방식입니다. 중개기관에 수수료를 지급해야 하는 부담은 있지만, 전문성을 활용해 신속하고 효율적으로 자금을 조달할 수 있다는 특징이 있습니다. 발행 위험을 누가 부담하는지나 사무 처리 범위에 따라 위탁모집, 인수모집, 총액인수 등으로 구분됩니다.",미래에셋증권 증권용어사전,https://securities.miraeasset.com/hki/hki3028/r01.do
간접발행(indirect issuing),[],시장/상장,"간접발행은 증권을 발행하는 기업이 직접 투자자를 모집하지 않고, 증권사나 은행 같은 전문기관을 중개자로 세워 발행 업무를 진행하는 방식입니다. 전문기관의 신용과 네트워크를 활용해 투자자를 폭넓게 모집하고 발행 사무를 원활하게 처리하기 위해 주로 사용됩니다. 발행 위험을 누가 부담하느냐에 따라 위탁모집, 잔액인수, 총액인수 등으로 구분하며, 이때 발생하는 비용은 발행 기업이 부담합니다.",미래에셋증권 증권용어사전,https://securities.miraeasset.com/hki/hki3028/r01.do
간접투자,[],ETF/펀드,"간접투자는 투자자가 직접 증권을 매수하는 대신 금융기관에 자금을 맡겨 대신 투자하도록 하는 방식입니다. 직접투자와 반대되는 개념으로, 금융기관이 예금 등의 형식으로 위탁받은 자금을 기업에 빌려주거나 증권에 투자하는 것을 의미합니다.",미래에셋증권 증권용어사전,https://securities.miraeasset.com/hki/hki3028/r01.do
감리종목,[],시장/상장,감리종목은 주가의 비정상적인 움직임이나 매매 행위가 포착되어 감독기관의 조사 대상이 된 종목을 말합니다. 증권거래소는 시장 관리상 필요하다고 판단할 경우 일정 기간 매매 거래를 정지시킬 수 있습니다. 감리종목으로 지정되면 대용증권으로 활용할 수 없고 신용거래가 중단되는 등 거래 시 제약이 발생합니다.,미래에셋증권 증권용어사전,https://securities.miraeasset.com/hki/hki3028/r01.do
감자,[],공시/기업행위,"감자는 회사가 주식 금액이나 주식 수를 줄여 자본금을 낮추는 것을 말합니다. 증자와 반대되는 개념으로, 주식의 액면금액을 낮추거나 주식 소각 또는 병합을 통해 주식 수를 줄이는 방식으로 진행됩니다. 공시나 뉴스에서 기업의 자본금 변동을 설명할 때 쓰이며, 방식에 따라 주식 수나 액면가가 달라질 수 있습니다.",iM증권 금융용어사전,https://www.imfnsec.com/research/financial_guide/fg000000.jsp
감자 (reduction of capital),[],공시/기업행위,"감자는 기업이 자본금을 줄이는 것을 뜻합니다. 주식 수를 줄이거나 주식의 액면가를 낮추는 방식으로 진행되며, 주로 기업의 손실을 메우거나 재무 구조를 개선하기 위한 목적으로 공시됩니다. 회사의 실제 재산이 함께 줄어드는 실질적 감자와, 장부상 자본금만 줄어드는 형식적 감자로 나뉩니다. 주주와 채권자의 이해관계에 큰 영향을 미치는 결정이므로 주주총회 특별결의 등의 절차를 거치게 됩니다. 감자 사유와 방식에 따라 기업 상황이 다르므로 공시 내용을 면밀히 확인해야 합니다.",미래에셋증권 증권용어사전,https://securities.miraeasset.com/hki/hki3028/r01.do
감자차익,[],재무/회계,"감자차익은 기업이 자본금을 줄이는 과정(감자)에서 발생한 이익을 뜻합니다. 자본금을 줄인 액수가 주식을 소각하거나 주주에게 돌려준 비용, 또는 결손금을 메우는 데 쓴 금액보다 클 때 그 차액을 의미합니다. 재무제표상 자본준비금으로 적립되며, 기업의 자본 구조가 변하는 과정에서 발생하는 회계적 항목으로 공시나 재무제표에서 확인할 수 있습니다.",미래에셋증권 증권용어사전,https://securities.miraeasset.com/hki/hki3028/r01.do
강세스프레드,[],파생/구조화상품,"강세스프레드는 선물이나 옵션 거래에서 기초자산의 가격이 상승할 때 이익을 얻기 위해 서로 다른 두 개의 계약을 동시에 매수하고 매도하는 전략입니다. 가격 상승에 따른 수익을 기대하면서도, 발생할 수 있는 손실 가능액을 줄이기 위해 두 개의 계약을 조합하여 활용하는 것이 특징입니다.",미래에셋증권 증권용어사전,https://securities.miraeasset.com/hki/hki3028/r01.do
강형가설(strong form),[],주식 기초,"강형가설은 주가가 공개된 정보뿐만 아니라 기업 내부 정보와 사적 정보까지 모두 반영하고 있다는 가설입니다. 시장이 이상적으로 효율적이라 주가는 항상 공정한 가치를 나타내며, 어떤 투자자도 정보를 이용해 시장보다 우월한 주가 예측을 하기 어렵다는 의미를 담고 있습니다.",미래에셋증권 증권용어사전,https://securities.miraeasset.com/hki/hki3028/r01.do
개방형,[],ETF/펀드,개방형은 투자자가 원할 때 언제든지 펀드를 환매할 수 있는 형태를 말합니다. 펀드나 ETF 상품 정보에서 투자자가 자금을 회수하고 싶을 때 언제든 환매를 신청할 수 있는 운용 방식을 설명할 때 주로 사용됩니다.,iM증권 금융용어사전,https://www.imfnsec.com/research/financial_guide/fg000000.jsp
개방형뮤추얼펀드,[],ETF/펀드,개방형뮤추얼펀드는 투자자가 원할 때 언제든지 투자한 자금의 상환을 청구할 수 있는 형태의 투자신탁입니다. 투자자는 회사가 정한 기준 가격으로 주식을 거래하여 언제든지 주주가 되거나 해약할 수 있습니다. 투자자의 요청에 따라 자본의 유입과 상환이 자유롭게 이루어지는 구조를 가집니다.,미래에셋증권 증권용어사전,https://securities.miraeasset.com/hki/hki3028/r01.do
개별경쟁매매,[],거래/주문/결제,"개별경쟁매매는 상장된 종목별로 매수와 매도 호가를 모아 가격을 결정하는 거래 방식입니다. 과거에는 거래소 내 특정 장소(포스트)에서 직접 호가를 집계하여 '포스트 매매'라고도 불렸으나, 현재는 전산 시스템을 통해 컴퓨터로 처리되고 있습니다.",미래에셋증권 증권용어사전,https://securities.miraeasset.com/hki/hki3028/r01.do
개시증거금 (Initial Margin),[],파생/구조화상품,"개시증거금은 선물 거래를 시작할 때 계약 이행을 보증하기 위해 예치해야 하는 증거금입니다. 선물 포지션을 취할 때 요구되며, 발생할 수 있는 가격 변동폭을 감당할 수 있는 수준으로 설정됩니다. 거래소가 정한 최소 기준이 있으나 중개회사는 이보다 높은 수준의 증거금을 요구할 수 있습니다.",미래에셋증권 증권용어사전,https://securities.miraeasset.com/hki/hki3028/r01.do
개인,[],수급/투자자,개인은 기관투자자와 외국인 투자자를 제외한 일반 대중 투자자를 뜻합니다. 주식 화면의 투자자별 매매 동향이나 수급 관련 뉴스에서 주요 투자 주체 중 하나로 분류됩니다. 특정 기관의 통제된 의사결정이 아닌 개별 투자자들의 판단에 따라 거래가 이루어지는 특징이 있습니다.,KB증권 금융용어사전,https://www.kbsec.com/go.able?linkcd=m04110000
갭 (gap),[],가격/차트,"갭은 주가 차트에서 전일의 가격 범위와 당일의 가격 범위 사이에 빈 공간이 나타나는 현상을 말합니다. 주가가 전일 고가보다 높은 수준에서 시작하거나 전일 저가보다 낮은 수준에서 시작할 때 발생하며, 가격 차이가 급격하게 벌어지는 것이 특징입니다. 차트 분석 시 발생 위치나 성격에 따라 보통 갭, 돌파 갭, 계속 갭, 소모 갭 등으로 구분하여 해석합니다.",미래에셋증권 증권용어사전,https://securities.miraeasset.com/hki/hki3028/r01.do
갱신차금,[],파생/구조화상품,갱신차금은 선물가격 변동에 따른 손익을 증거금에 반영하기 위해 계산하는 차손익입니다. 전날까지 청산되지 않은 계약(미결제약정)을 당일의 결제가격으로 다시 평가하여 산출합니다. 선물 거래 과정에서 매일 발생하는 가격 변화를 투자자의 계좌 잔고에 반영하는 기준이 됩니다.,미래에셋증권 증권용어사전,https://securities.miraeasset.com/hki/hki3028/r01.do
거래단위,[],파생/구조화상품,"거래단위는 선물시장에서 거래되는 상품의 기본 거래 단위로, 선물계약 1건의 규모를 의미합니다. 거래소는 상품을 상장할 때 적정한 물량을 표준화하여 거래하도록 정하고 있습니다. 이렇게 정해진 하나의 단위를 '1계약'이라고 부르며, 매매 주문 시 입력하는 수량은 이 계약 건수를 뜻합니다.",미래에셋증권 증권용어사전,https://securities.miraeasset.com/hki/hki3028/r01.do
거래대금,[],가격/차트,"거래대금은 주식의 가격에 거래량을 곱한 금액입니다. 개별 종목의 거래 규모를 파악할 때뿐만 아니라, 코스피와 코스닥 시장 전체의 거래대금 추이를 통해 시장의 동향을 분석하는 지표로 활용됩니다.",KB증권 금융용어사전,https://www.kbsec.com/go.able?linkcd=m04110000
거래량,[],가격/차트,거래량은 특정 기간 동안 시장에서 매수와 매도가 이루어져 거래된 주식의 총 수량을 의미합니다. 주가 차트나 거래 화면에서 시장의 수요와 공급 동향을 파악하는 주요 지표로 활용됩니다. 거래량의 변화 추이는 주가 움직임의 강도나 추세를 분석하는 데 중요한 참고 자료가 됩니다.,KB증권 금융용어사전,https://www.kbsec.com/go.able?linkcd=m04110000
거래량 이동 평균 (volume moving average),[],가격/차트,"거래량 이동 평균은 일정 기간 동안의 거래량을 산술 평균하여 나타낸 지표입니다. 주가 차트에서 거래량의 흐름과 추세를 파악할 때 사용하며, 6일(단기), 25일(중기), 75일(장기) 등 특정 기간의 거래량 합계를 해당 일수로 나누어 계산합니다. 거래량이 주가에 선행한다는 가정을 바탕으로 주가 변화를 분석하는 데 활용되나, 거래량의 증감이 항상 주가 방향과 일치하는 것은 아니므로 분석 시 주의가 필요합니다.",미래에셋증권 증권용어사전,https://securities.miraeasset.com/hki/hki3028/r01.do
거래량 회전률(turnover ratio),[],가격/차트,"거래량 회전율은 거래량과 총 상장 주식 수의 비율을 백분율로 나타낸 지표입니다. 주식이 일정 기간 동안 얼마나 활발하게 매매되었는지 보여주며, 당일 거래량(6일 이동 평균)에 연간 거래일수(300일)를 곱한 값을 총 상장 주식 수로 나누어 계산합니다. 차트나 분석 화면에서 종목의 거래 활성도를 파악할 때 활용되나, 회전율의 높고 낮음이 주가의 향방을 직접적으로 결정하는 것은 아닙니다.",미래에셋증권 증권용어사전,https://securities.miraeasset.com/hki/hki3028/r01.do
거래량비율(volume ratio),[],가격/차트,"거래량비율(VR)은 일정 기간 동안 주가가 오른 날의 거래량 합계를 주가가 내린 날의 거래량 합계로 나누어 백분율로 나타낸 지표입니다. 주로 주가 차트에서 거래량의 추이를 분석해 시장의 과열이나 침체 정도를 가늠할 때 활용합니다. 보통 150%를 표준으로 보며, 450%를 초과하면 주가의 경계 신호로, 70% 수준이면 바닥권으로 해석하기도 합니다. 다만 수치에 따른 해석은 시장 상황이나 종목 특성에 따라 달라질 수 있습니다.",미래에셋증권 증권용어사전,https://securities.miraeasset.com/hki/hki3028/r01.do
거래량위험 (volume risk),[],거래/주문/결제,거래량위험은 특정 시장에서 거래 규모가 과도하게 커짐에 따라 발생할 수 있는 손실 위험을 뜻합니다. 주로 금융기관이나 딜러가 거래할 수 있는 한도를 설정하고 관리함으로써 이 위험을 조절합니다. 과거 대형 금융 사고를 방지하기 위해 거래 한도를 정해두고 이를 초과하는지 예의 주시하는 방식으로 관리되기도 합니다.,미래에셋증권 증권용어사전,https://securities.miraeasset.com/hki/hki3028/r01.do
거래량지표,[],가격/차트,"거래량지표는 주식시장의 거래량을 활용해 시장의 흐름이나 투자 심리를 파악하는 지표입니다. 일정 기간의 총거래량을 상장주식 수로 나눈 '거래량 회전율'이 대표적이며, 이 수치가 높을수록 시장이 강세이거나 종목의 인기가 높다고 봅니다. 또한 거래가 발생한 종목 수나 일수의 비율을 통해 주식의 환금성과 시장성을 측정하기도 합니다. 지표의 수치에 따라 시장의 침체나 과열 상태를 판단하는 기준으로 쓰이지만, 개별 종목이나 시장 상황에 따라 유연하게 해석해야 합니다.",미래에셋증권 증권용어사전,https://securities.miraeasset.com/hki/hki3028/r01.do
거래소,[],시장/상장,거래소는 주식이나 지수 같은 기초자산이 상장되어 거래되는 장소를 말합니다. 한국거래소(KRX)나 홍콩증권거래소(HKEX)처럼 특정 자산의 매매가 이루어지는 시장이나 그 운영 기관을 의미합니다. 공시나 시장 정보에서 해당 자산이 어느 거래소에 속해 있는지 확인할 때 주로 쓰입니다.,iM증권 금융용어사전,https://www.imfnsec.com/research/financial_guide/fg000000.jsp
거래소영업일,[],거래/주문/결제,"거래소영업일은 거래소와 관련 거래소가 정규 거래 시간 동안 문을 열고 주식 거래가 이루어지는 날을 의미합니다. 주식의 주문, 체결, 결제 등 거래와 관련된 일정을 계산할 때 주요한 기준으로 사용됩니다.",iM증권 금융용어사전,https://www.imfnsec.com/research/financial_guide/fg000000.jsp
거래원,[],거래/주문/결제,거래원은 증권업자로 등록하여 거래소에서 주식 매매를 수행할 수 있는 증권회사를 의미합니다. 국내 증권사뿐만 아니라 우리나라에서 주식거래업을 신청한 외국계 증권사도 포함됩니다. 주가 화면의 거래원 집계 등에서 매수와 매도 주문이 어느 증권사를 통해 많이 발생하고 있는지 확인할 때 주로 쓰이는 용어입니다.,KB증권 금융용어사전,https://www.kbsec.com/go.able?linkcd=m04110000
거래원 등록제도,[],거래/주문/결제,거래원 등록제도는 증권거래소에서 거래 업무를 수행하기 위해 필요한 자격을 갖추고 등록하는 제도입니다. 증권 거래의 전문성과 사회적·경제적 중요성을 고려하여 거래원의 자격 요건을 엄격하게 관리하기 위해 운영됩니다.,미래에셋증권 증권용어사전,https://securities.miraeasset.com/hki/hki3028/r01.do
거액여신총한도제,[],재무/회계,"거액여신총한도제는 은행이 특정 개인이나 기업 집단에 대출 및 지급보증을 과도하게 해주는 것을 방지하기 위해 대출 총액을 제한하는 제도입니다. 개별 은행 자기자본의 15%를 초과하는 여신을 '거액여신'으로 정의하고, 이들의 합계가 자기자본의 일정 배수를 넘지 않도록 관리합니다. 은행의 자산 건전성을 높이기 위한 장치로, 주로 금융권 뉴스나 리포트에서 특정 기업에 대한 여신 편중 리스크를 다룰 때 언급됩니다.",미래에셋증권 증권용어사전,https://securities.miraeasset.com/hki/hki3028/r01.do
거치식,[],ETF/펀드,"거치식은 일정 금액을 한꺼번에 펀드나 ETF 등에 투자하는 방식입니다. 정기적으로 일정한 금액을 나누어 투자하는 적립식과 대비되는 개념입니다. 투자 시점의 시장 상황에 따라 결과가 달라질 수 있으므로, 상품 설명이나 투자 화면에서 적립식과 투자 방식을 구분할 때 주로 사용됩니다.",iM증권 금융용어사전,https://www.imfnsec.com/research/financial_guide/fg000000.jsp
건설가계정,[],재무/회계,"건설가계정은 건물이나 설비 등 유형자산을 만드는 과정에서 완공 전까지 지출된 비용을 처리하는 계정과목입니다. 재무제표에서 유형자산으로 분류되지만, 아직 자산의 원가가 확정되지 않은 상태이므로 감가상각 대상에서는 제외됩니다. 공사가 끝나 자산이 완성되면 건물이나 기계장치 등 해당되는 유형자산 항목으로 대체됩니다.",미래에셋증권 증권용어사전,https://securities.miraeasset.com/hki/hki3028/r01.do
견질어음,[],재무/회계,"견질어음은 금융기관이 기업에 대출을 해줄 때 담보력을 보강하기 위해 기업으로부터 받아두는 어음입니다. 금액이나 만기일, 발행일이 적혀 있지 않은 백지어음의 성격을 띠며, 이를 소지한 금융기관이 나중에 필요한 내용을 기입해 어음을 교환할 수 있습니다. 기업의 자금 상황에 큰 영향을 줄 수 있는 요소로, 주로 재무제표나 공시 등에서 기업의 채무 부담이나 자금난 가능성을 파악할 때 확인합니다.",iM증권 금융용어사전,https://www.imfnsec.com/research/financial_guide/fg000000.jsp
결산 (closing anaccount),[],재무/회계,"결산은 회계연도가 끝날 때 장부를 정리하고 재무제표를 작성하는 절차입니다. 일정 기간의 손익을 계산해 기업의 재무 상태를 명확히 하는 것이 목적입니다. 재고자산 평가나 감가상각비 계상 등을 거쳐 대차대조표와 손익계산서가 작성되며, 주주총회 승인을 통해 최종 확정됩니다. 투자자는 결산 결과를 담은 재무제표와 공시를 통해 기업의 경영 성과를 파악할 수 있습니다.",미래에셋증권 증권용어사전,https://securities.miraeasset.com/hki/hki3028/r01.do
결산시세,[],가격/차트,"결산시세는 은행, 보험, 증권사 등 금융기관의 결산 시기가 다가오면서 주가에 영향을 미치는 시장 상황을 뜻합니다. 금융기관이 보유한 주식의 평가액을 조정하거나 이익이 난 종목을 매도하여 장부가액을 현실화하는 과정에서 주로 나타납니다. 상장기업의 결산 활동이 주가 흐름에 변동을 줄 수 있으므로 시장의 수급 변화를 파악할 때 사용되는 용어입니다.",미래에셋증권 증권용어사전,https://securities.miraeasset.com/hki/hki3028/r01.do
결손금(deficit),[],재무/회계,"결손금은 기업이 벌어들인 수익보다 지출이 많아 발생한 손실을 의미합니다. 재무제표에서는 이익잉여금의 반대 개념으로 쓰이며, 당기순손실이 누적되거나 벌어들인 이익보다 많은 배당을 지급했을 때 발생합니다. 때로는 영업활동에서 생긴 영업손실을 뜻하기도 합니다. 결손금이 생기면 기업은 내부의 각종 적립금 등을 활용해 이를 보전하는 과정을 거칩니다.",미래에셋증권 증권용어사전,https://securities.miraeasset.com/hki/hki3028/r01.do
결제,[],거래/주문/결제,"결제는 주식 매매거래를 최종적으로 마무리하는 과정으로, 확정된 권리와 의무에 따라 증권과 대금을 실제로 주고받는 행위를 뜻합니다. 청산 과정을 거쳐 확정된 채권과 채무를 이행함으로써 거래가 종결됩니다. 증권의 인도는 예탁결제원을 통해, 대금의 지급은 한국은행이나 시중은행을 통해 진행됩니다.",KB증권 금융용어사전,https://www.kbsec.com/go.able?linkcd=m04110000
결제가격 (clearing price),[],파생/구조화상품,"결제가격은 선물거래에서 일일정산과 다음날의 가격 변동폭을 결정하기 위해 거래소가 공식적으로 정하는 기준가격입니다. 일반적으로 당일의 종가가 결제가격이 되며, 주가지수선물 거래에서는 이를 결제지수라고 부르기도 합니다. 선물 거래 화면이나 관련 공시에서 정산의 기준이 되는 가격을 확인할 때 주로 사용됩니다.",미래에셋증권 증권용어사전,https://securities.miraeasset.com/hki/hki3028/r01.do
결제기관 (clearing house),[],거래/주문/결제,결제기관은 증권거래에서 매수자와 매도자 사이의 결제를 보증하는 제3의 기관입니다. 거래 상대방의 신용도를 직접 확인하기 어려운 거래소 환경에서 모든 이용자가 안심하고 매매할 수 있도록 돕는 역할을 합니다. 주식 주문 후 실제 결제가 이루어지는 과정에서 거래의 안정성을 확보하기 위해 존재합니다.,미래에셋증권 증권용어사전,https://securities.miraeasset.com/hki/hki3028/r01.do
결제수수료 (clearing commission),[],거래/주문/결제,"결제수수료는 주식 거래가 체결된 후 결제 업무를 수행해 주는 대가로 결제기관이 받는 수수료입니다. 결제기관이 결제회원으로부터 징수하며, 주식 거래 과정에서 발생하는 비용 항목 중 하나로 쓰입니다.",미래에셋증권 증권용어사전,https://securities.miraeasset.com/hki/hki3028/r01.do
결제월간 스프레드거래 (calendar spread trading),[],파생/구조화상품,"결제월간 스프레드거래는 만기일(결제월)이 서로 다른 두 개의 선물 상품 간의 가격 차이를 이용하는 거래 방식입니다. 가격이 상대적으로 높은 선물은 매도하고 낮은 선물은 매수한 뒤, 두 상품의 가격 관계가 정상화될 때 반대 매매를 통해 수익을 내고자 합니다. 일반적인 선물 거래보다 위험을 제한하면서 차익을 얻으려는 목적으로 파생상품 시장에서 주로 사용됩니다.",미래에셋증권 증권용어사전,https://securities.miraeasset.com/hki/hki3028/r01.do
결제은행(clearing bank),[],거래/주문/결제,결제은행은 기업이 다른 기업에 대금을 지급하기 위해 발행한 당좌수표의 발행 은행을 의미합니다. 기업 간의 거래나 대금 결제 과정에서 자금을 지급하는 당사자가 이용하는 은행을 지칭할 때 사용됩니다.,미래에셋증권 증권용어사전,https://securities.miraeasset.com/hki/hki3028/r01.do
결제일,[],거래/주문/결제,"결제일은 주식 매매가 성립된 후 실제로 주식과 현금이 오가는 날을 뜻합니다. 주식을 팔았을 때는 현금을 인출할 수 있는 날이 되고, 주식을 샀을 때는 매수 대금이 계좌에서 빠져나가는 날이 됩니다. 국내 주식 시장에서는 매매가 체결된 날을 포함해 3영업일째 되는 날(T+2)을 결제일로 보며, 토요일과 일요일, 공휴일은 계산에서 제외합니다.",KB증권 금융용어사전,https://www.kbsec.com/go.able?linkcd=m04110000
결제지수 (settlement index),[],파생/구조화상품,결제지수는 주가지수선물거래에서 매일의 손익을 정산할 때 기준이 되는 가격입니다. 일반적으로 해당 거래일의 마지막 거래 가격인 최종약정지수를 결제지수로 사용합니다. 파생상품 시장에서 당일의 거래 결과를 확정 짓는 지표로 활용됩니다.,미래에셋증권 증권용어사전,https://securities.miraeasset.com/hki/hki3028/r01.do
결제회원 (clearing member),[],거래/주문/결제,"결제회원은 결제기관을 통해 주식 거래의 결제 업무를 직접 수행할 수 있는 자격을 갖춘 회원입니다. 거래소 회원 중 일정한 자격 요건을 갖추고 심사를 통과한 자만이 결제회원이 될 수 있습니다. 자신의 결제 업무를 처리하거나 비결제회원의 업무를 대행하며, 결제 이행을 보증하기 위해 증거금을 예탁해야 합니다. 또한 다른 결제회원이 결제를 이행하지 못할 경우 공동으로 책임을 지는 의무를 가집니다.",미래에셋증권 증권용어사전,https://securities.miraeasset.com/hki/hki3028/r01.do
겸업주의(universal banking system),[],거시경제,겸업주의는 은행이 대출 업무 외에도 유가증권 인수나 경영 지도 등 다양한 금융 서비스를 함께 제공하는 제도입니다. 은행과 증권사의 업무 영역 구분이 모호해지며 금융 서비스가 종합화되는 현상을 의미합니다. 국내에서도 은행이 국공채 업무를 하거나 증권사가 예금·대출 업무를 담당하는 등 금융기관의 업무 범위가 넓어지는 맥락에서 사용됩니다.,미래에셋증권 증권용어사전,https://securities.miraeasset.com/hki/hki3028/r01.do
경기선행지수,[],거시경제,"경기선행지수는 여러 경제 통계 중 실제 경기의 움직임보다 앞서서 변화하는 지수입니다. 시중에 돈이 얼마나 풀려 있는지 파악하기 위한 통화량(M1, M2)이나 총유동성(M3) 같은 통화 지표가 대표적입니다. 향후 경기 흐름을 예측하는 뉴스나 리포트에서 자주 인용되며, 통화 지표는 현금, 예금, 금융채 등 포함되는 자산의 범위에 따라 단계별로 나뉩니다.",미래에셋증권 증권용어사전,https://securities.miraeasset.com/hki/hki3028/r01.do
경기순환,[],거시경제,"경기순환은 경제 활동이 상승하는 확장 국면과 하강하는 수축 국면을 반복하는 현상을 뜻합니다. 일반적으로 회복, 호황, 후퇴, 불황의 네 가지 국면이 순환하며, 경제 리포트나 뉴스에서 현재의 경제 위치를 파악하는 기준으로 활용됩니다. 주기가 일정하지는 않으나 기간에 따라 키친 파동, 주글라 파동 등으로 구분하기도 하며, 기술 혁신이나 투자 등 여러 요인이 복합적으로 작용하여 발생합니다.",미래에셋증권 증권용어사전,https://securities.miraeasset.com/hki/hki3028/r01.do
경기예고지표,[],거시경제,"경기예고지표는 과거의 경제 동향과 실적을 바탕으로 현재 경제가 과열, 안정, 침체 중 어떤 상태인지 나타내는 종합경기판단지표입니다. 주요 경제지표의 추세를 분석하여 산출하며, 거시경제의 흐름을 파악하고 현재의 경기 상황을 진단하는 데 활용됩니다.",미래에셋증권 증권용어사전,https://securities.miraeasset.com/hki/hki3028/r01.do
경기종합지수(composite index),[],거시경제,"경기종합지수는 경기에 민감한 여러 경제 지표를 종합하여 경제의 흐름을 파악할 수 있도록 만든 지표입니다. 개별 지표의 변동률을 가중치에 따라 합산해 지수화하며, 기준 연도를 100으로 설정합니다. 경기 전환점과의 관계에 따라 선행, 동행, 후행 지수로 구분하며, 이를 통해 향후 경기를 예측하거나 현재와 과거의 경기 상태를 확인하는 데 활용합니다.",미래에셋증권 증권용어사전,https://securities.miraeasset.com/hki/hki3028/r01.do
경상거래(current transactions),[],거시경제,"경상거래는 국가 간에 상품이나 서비스를 사고팔거나, 이자나 배당 같은 투자 수익을 주고받는 등 실물 경제와 관련된 거래를 뜻합니다. 국제수지를 작성할 때 자본의 이동을 다루는 자본거래와 구분하여 경상계정으로 분류합니다. 크게 수출입 물품을 다루는 무역수지와 여행, 운송, 보험, 투자 수익 등을 포함하는 무역외수지로 나뉩니다. 국가의 경제 상황을 설명하는 뉴스나 거시경제 리포트에서 주요 지표로 인용됩니다.",미래에셋증권 증권용어사전,https://securities.miraeasset.com/hki/hki3028/r01.do
경상수지 비율,[],재무/회계,"경상수지 비율은 경상수입을 경상지출로 나눈 값을 백분율로 나타낸 지표입니다. 재무제표를 통해 기업의 지불 능력이나 부채 변제 능력을 파악할 때 활용하며, 유동성 분석의 핵심 지표 중 하나로 쓰입니다. 일반적으로 이 비율이 높을수록 기업의 지불 능력이 높은 것으로 보지만, 기업의 전반적인 재무 상황에 따라 해석이 달라질 수 있습니다.",미래에셋증권 증권용어사전,https://securities.miraeasset.com/hki/hki3028/r01.do
경상이익,[],재무/회계,"경상이익은 기업이 일상적이고 반복적인 경영 활동을 통해 얻은 이익을 뜻합니다. 영업이익에 영업 외적인 손익을 더하거나 빼서 계산하며, 기업의 실질적인 운영 성과를 보여주는 지표입니다. 일시적인 특별손익이 포함되는 당기순이익과 달리 기업의 지속적인 수익 창출 능력을 파악하는 데 유용하여 재무제표나 리포트에서 중요하게 다뤄집니다.",미래에셋증권 증권용어사전,https://securities.miraeasset.com/hki/hki3028/r01.do
경영분석(business analysis),[],재무/회계,"경영분석은 재무제표를 바탕으로 기업의 수익력과 자산 상태 등 전반적인 경영 상황을 판단하는 것을 말합니다. 재무분석이라고도 하며, 대차대조표나 손익계산서 같은 재무 자료를 활용해 기업의 상태를 확인하는 데 쓰입니다. 분석 목적에 따라 신용을 평가하는 신용분석과 유가증권에 투자할 때 활용하는 투자분석으로 구분되기도 합니다.",미래에셋증권 증권용어사전,https://securities.miraeasset.com/hki/hki3028/r01.do
경영위험 (business risk),[],재무/회계,"경영위험은 기업의 투자 의사결정 과정에서 발생하는 위험을 의미합니다. 주로 미래 매출액의 불확실성이나 영업 레버리지도를 통해 평가하며, 재무제표나 리포트 등에서 기업의 사업 안정성을 파악할 때 활용됩니다. 위험의 정도는 기업의 경영 환경과 구조에 따라 다르게 나타날 수 있습니다.",미래에셋증권 증권용어사전,https://securities.miraeasset.com/hki/hki3028/r01.do
경영지표(management index),[],투자지표/밸류에이션,"경영지표는 기업의 경영 상태를 파악하고 평가하는 데 기준이 되는 지표입니다. 재무제표나 분석 리포트에서 기업의 효율성과 건전성을 확인할 때 주로 활용됩니다. 자본회전율, 매출액 대 영업이익률, 유동비율, 생산성 등이 주요 항목입니다. 예를 들어 매출액 대 영업이익률은 매출액 대비 영업이익의 비중을 나타내며, 지표의 성격에 따라 수치가 높을수록 경영 상태가 양호하다고 평가되기도 합니다.",미래에셋증권 증권용어사전,https://securities.miraeasset.com/hki/hki3028/r01.do
"경쟁매매(competitive bidding, auction)",[],거래/주문/결제,"경쟁매매는 다수의 매도자와 매수자가 서로 경쟁하여 거래를 성립시키는 방식입니다. 주식 시장에서 거래가 이루어지는 기본적인 원리로, 매도호가는 낮은 가격이, 매수호가는 높은 가격이 우선하여 체결됩니다. 가격이 같을 경우에는 먼저 접수된 주문을 먼저 처리하는 시간 우선의 원칙이 적용됩니다.",미래에셋증권 증권용어사전,https://securities.miraeasset.com/hki/hki3028/r01.do
계속성의 원칙(principle of consistency),[],재무/회계,"계속성의 원칙은 기업이 회계 처리 기준이나 방법을 매 기간 일관되게 적용해야 한다는 원칙입니다. 재무제표를 통해 기업의 실적 변화를 파악할 때, 과거와 현재의 수치를 공정하게 비교할 수 있도록 정당한 사유 없이 회계 방식을 바꾸지 않아야 함을 뜻합니다.",미래에셋증권 증권용어사전,https://securities.miraeasset.com/hki/hki3028/r01.do
계약형 투자신탁,[],ETF/펀드,"계약형 투자신탁은 자산운용사, 신탁은행, 투자자 간의 계약에 의해 성립되는 투자신탁입니다. 운용사가 정한 약관을 바탕으로 투자자로부터 자금을 모으고, 운용사의 지시에 따라 은행이 자산을 관리·운용하는 구조를 가집니다. 현재 국내의 투자신탁은 대부분 계약형으로 운영되고 있으며, 펀드나 ETF의 구조를 설명하는 공시나 상품 정보에서 주로 쓰이는 용어입니다.",미래에셋증권 증권용어사전,https://securities.miraeasset.com/hki/hki3028/r01.do
계정결제인 (accountee),[],채권/금리/환율,"계정결제인은 어음 거래에서 최종적으로 어음 대금을 지급하는 당사자를 말합니다. 신용장 거래 시 은행이 대금을 먼저 지급하더라도, 결과적으로 그 대금을 부담하는 개설의뢰인이 이에 해당합니다. 어음 증서상에서 대금 결제의 주체로 기재된 사람이나 기업을 의미합니다.",미래에셋증권 증권용어사전,https://securities.miraeasset.com/hki/hki3028/r01.do
계좌대체(book-keeping entry),[],거래/주문/결제,"계좌대체는 실물 주권을 직접 주고받는 대신, 장부상 계좌 간 기록을 변경하여 주식을 주고받는 것을 의미합니다. 증권결제원에 계좌를 둔 당사자들 사이에서 주식의 소유권이 이동할 때 전산상으로 처리하는 방식입니다. 실제 유가증권이 오가지 않아도 거래가 이루어진 것과 같은 효과를 가집니다.",미래에셋증권 증권용어사전,https://securities.miraeasset.com/hki/hki3028/r01.do
고가,[],가격/차트,"고가는 특정 기간 중 가장 높게 거래된 가격을 뜻합니다. 주가 차트나 시세 화면에서 1일 고가, 30분 고가 등으로 다양하게 표현됩니다. 특히 당일의 고점인 당일 고가와 지난 1년 동안의 최고가인 52주 신고가는 주가의 중장기적인 추세를 파악할 때 자주 활용됩니다.",KB증권 금융용어사전,https://www.kbsec.com/go.able?linkcd=m04110000
고객예탁금,[],거래/주문/결제,"고객예탁금은 투자자가 주식을 매매하기 위해 증권회사 계좌에 맡겨둔 돈을 말합니다. 위탁자예수금, 청약자예수금 등 고객이 예탁한 다양한 형태의 금전이 포함됩니다. 증권 시장의 자금 상황을 보여주는 지표로 활용되며, 주로 당일 수치와 전일 대비 변동 등이 백만 원 단위로 표시됩니다.",미래에셋증권 증권용어사전,https://securities.miraeasset.com/hki/hki3028/r01.do
고객예탁금 반환준비금,[],거래/주문/결제,"고객예탁금 반환준비금은 증권회사가 고객의 예탁금 반환 요구에 언제든 응할 수 있도록 의무적으로 보유해야 하는 준비금입니다. 위탁자 예수금, 저축자 예수금, 자기신용융자, 대주담보금, 수입담보금을 합한 금액의 10%를 기준으로 적립합니다. 증권사의 자금 운용 상황을 파악하는 지표로 활용됩니다.",미래에셋증권 증권용어사전,https://securities.miraeasset.com/hki/hki3028/r01.do
고객예탁금 이용료,[],거래/주문/결제,고객예탁금 이용료는 증권사가 고객이 계좌에 맡겨둔 현금(예탁금)을 사용하는 대가로 지급하는 비용입니다. 주식을 사기 위해 넣어둔 위탁자 예수금을 대상으로 지급됩니다. 증권사 계좌에 현금을 예치했을 때 발생하는 이자와 유사한 성격으로 이해할 수 있습니다.,미래에셋증권 증권용어사전,https://securities.miraeasset.com/hki/hki3028/r01.do
고객예탁증권,[],거래/주문/결제,"고객예탁증권은 증권회사가 주식 매매 등 거래와 관련하여 고객으로부터 받아 일시적으로 보관하고 있는 증권을 말합니다. 증권회사의 회계 처리 시에는 '예수유가증권'이라는 용어로 쓰이기도 합니다. 여기에는 위탁자 유가증권, 저축자 유가증권, 조건부 매도채권 등이 포함됩니다.",미래에셋증권 증권용어사전,https://securities.miraeasset.com/hki/hki3028/r01.do
고금리정책(higher interest policy),[],거시경제,"고금리정책은 중앙은행이 금리를 인상하여 시중의 유동성을 줄이고 과열된 경기를 진정시키는 금융정책입니다. 인플레이션 우려를 해소하거나 외자 유입을 촉진하기 위해 시행됩니다. 기업의 이자 부담을 가중시켜 국제 경쟁력을 약화시키는 요인이 될 수도 있으므로, 경제 상황에 따라 미치는 영향이 다를 수 있습니다.",미래에셋증권 증권용어사전,https://securities.miraeasset.com/hki/hki3028/r01.do
고난도 금융투자상품,[],파생/구조화상품,고난도 금융투자상품은 만기 또는 자동 조기상환 시 기초자산의 가격 변동에 따라 원금의 20%를 초과하는 손실이 발생할 수 있는 상품을 말합니다. 주로 구조가 복잡하여 이해하기 어렵거나 손실 위험이 큰 상품들이 해당됩니다. 투자 시 상품의 특성과 손실 가능성을 명확히 인지해야 하는 상품군을 분류할 때 쓰이는 용어입니다.,KB증권 금융용어사전,https://www.kbsec.com/go.able?linkcd=m04110000
고용보험제(employment insurance),[],거시경제,"고용보험제는 국가가 실직자에게 실업급여를 지급하고 근로자의 능력을 파악해 산업현장에 재배치하는 사회보험제도입니다. 비용은 사업주와 근로자, 정부가 분담하며, 거시경제 뉴스에서 고용 시장의 안전망이나 노동 정책을 설명할 때 주로 쓰입니다. 일정 규모 이상의 사업체에 의무적으로 적용되는 제도입니다.",미래에셋증권 증권용어사전,https://securities.miraeasset.com/hki/hki3028/r01.do
고유재산,[],재무/회계,"고유재산은 회사 등이 자체적으로 소유하고 있는 재산으로, 고객의 자산인 펀드재산과 구분하여 관리되는 것을 말합니다. 주로 금융회사의 재무 상태나 공시를 확인할 때 쓰이며, 회사가 직접 보유한 자산의 규모를 나타냅니다.",iM증권 금융용어사전,https://www.imfnsec.com/research/financial_guide/fg000000.jsp
고정부채(fixed liability),[],재무/회계,"고정부채는 결산일로부터 상환 기한이 1년 이내에 도래하지 않는 장기적인 부채를 의미합니다. 재무제표에서 사채, 장기차입금, 퇴직급여충당금 등이 대표적인 항목입니다. 기업의 재무 상태를 파악할 때 자기자본과 함께 장기적인 자금 조달 원천을 확인하는 용도로 쓰입니다.",미래에셋증권 증권용어사전,https://securities.miraeasset.com/hki/hki3028/r01.do
고정비(fixed cost),[],재무/회계,"고정비는 생산량이나 조업도의 변동과 관계없이 일정하게 발생하는 비용을 뜻합니다. 재무제표나 기업 리포트에서 비용 구조를 파악할 때 사용하며, 인건비, 감가상각비, 금융비용, 제경비 등이 여기에 해당합니다. 매출 규모와 상관없이 지출되는 비용이므로, 기업의 수익성 변화를 분석할 때 중요한 요소로 다뤄집니다.",미래에셋증권 증권용어사전,https://securities.miraeasset.com/hki/hki3028/r01.do
고정자산 구성비율(fixed asset ratio),[],재무/회계,"고정자산 구성비율은 기업의 총자산 중에서 고정자산이 차지하는 비중을 백분율로 나타낸 지표입니다. 재무제표에서 자산의 구성 상태를 파악할 때 사용하며, 고정비율(고정자산/자기자본 * 100)과 함께 기업의 재무 구조를 검토하는 데 도움을 줍니다.",미래에셋증권 증권용어사전,https://securities.miraeasset.com/hki/hki3028/r01.do
고정주(pegged stock),[],수급/투자자,"고정주는 대주주나 과점주주가 경영권 확보를 위해 보유하고 있는 주식을 뜻합니다. 회사의 실적이나 주가 변동과 관계없이 장기간 보유하는 성격이 강해, 원칙적으로는 시장에서 매매 거래가 이루어지지 않습니다. 주식의 수급 상황을 파악할 때 실제 유통 가능한 물량을 구분하는 기준으로 활용됩니다.",미래에셋증권 증권용어사전,https://securities.miraeasset.com/hki/hki3028/r01.do
고정환율제도(fixed exchange rate system),[],채권/금리/환율,"고정환율제도는 환율의 변동이 없거나 그 변동폭을 매우 좁은 범위로 제한하는 환율제도입니다. 금본위제나 과거 브레튼우즈 체제처럼 특정 기준에 환율을 고정하여 운영하며, 국가의 정책적 개입 여지가 적다는 특징이 있습니다. 현재는 많은 국가가 변동환율제를 채택하고 있으나, 환율의 역사나 국가 간 통화 체계를 다루는 뉴스 및 리포트에서 주요하게 쓰이는 용어입니다.",미래에셋증권 증권용어사전,https://securities.miraeasset.com/hki/hki3028/r01.do
골든크로스(Golden Cross),[],가격/차트,"골든크로스는 단기 이동평균선이 중장기 이동평균선을 아래에서 위로 상향 돌파하는 현상을 말합니다. 주가 차트에서 단기적인 흐름이 평균치를 상회할 때 나타나며, 주로 주가 상승의 신호로 해석됩니다. 분석하는 기간에 따라 단기, 중기, 장기 골든크로스로 구분할 수 있습니다.",KB증권 금융용어사전,https://www.kbsec.com/go.able?linkcd=m04110000
공개매수,[],공시/기업행위,"공개매수는 경영권을 확보하기 위해 주식의 매입 기간, 수량, 가격을 미리 공표하고 증권 시장 밖에서 주식을 사들이는 방법입니다. 대상 회사의 경영진과 협의 하에 진행되는 우호적 공개매수와 경영진의 의사와 상관없이 진행되는 적대적 공개매수로 구분됩니다. 주로 경영권 승계나 기업 인수합병(M&A) 과정에서 활용되며, 공시를 통해 구체적인 매수 조건을 확인할 수 있습니다.",KB증권 금융용어사전,https://www.kbsec.com/go.able?linkcd=m04110000
공개매입제도,[],공시/기업행위,"공개매입제도는 경영권 확보 등을 목적으로 기간, 가격, 수량을 미리 정해 주식을 증권시장 밖에서 공개적으로 매수하는 제도입니다. 영국에서는 Take Over Bid, 미국에서는 Tender Offer라고 부르기도 합니다. 주로 기업의 지배구조 변경이나 경영권 분쟁 관련 공시 및 뉴스에서 핵심적인 개념으로 등장합니다.",미래에셋증권 증권용어사전,https://securities.miraeasset.com/hki/hki3028/r01.do
공개시장조작(open market operation),[],거시경제,"공개시장조작은 중앙은행이 금융시장에서 국공채 등 유가증권을 매매하여 시중의 통화량과 금리를 조절하는 정책 수단입니다. 중앙은행이 증권을 팔면 시중 자금이 흡수되어 유동성이 줄어드는 긴축 효과가 나타나고, 반대로 증권을 사들이면 자금이 공급되어 유동성이 늘어나는 완화 효과가 나타납니다. 거시경제 뉴스나 리포트에서 시장 금리 변동과 유동성 환경을 설명할 때 주로 사용됩니다.",미래에셋증권 증권용어사전,https://securities.miraeasset.com/hki/hki3028/r01.do
공개주,[],시장/상장,공개주는 증권거래소 시장에 상장되어 누구나 자유롭게 거래할 수 있는 주식을 뜻합니다. 기업이 주식을 처음으로 상장하는 기업공개(IPO) 과정을 거쳐 시장에 유통되는 상태를 말합니다. 특정 소수만 보유하는 비공개주에 비해 시장에서 사고팔기 쉬워 유동성과 환금성이 높다는 특징이 있습니다.,미래에셋증권 증권용어사전,https://securities.miraeasset.com/hki/hki3028/r01.do
공개호가,[],거래/주문/결제,"공개호가는 매수와 매도 가격을 공개적으로 크게 외쳐서 거래 상대방을 찾는 거래 방식입니다. 미국의 선물거래소나 증권거래소, 각종 입찰 등에서 주로 활용됩니다. 현재 우리나라의 주식 및 선물 시장은 전산 시스템을 통한 매매 방식을 채택하고 있어, 공개호가 방식과는 차이가 있습니다.",미래에셋증권 증권용어사전,https://securities.miraeasset.com/hki/hki3028/r01.do
공동결제일거래,[],파생/구조화상품,"공동결제일거래는 선물거래에서 수도결제일을 정하는 방법 중 하나로, 한 달 중 특정일을 정기 거래일로 정해 공동으로 결제하는 방식입니다. 매도자와 매수자가 결제일을 개별적으로 결정하는 개별결제일 거래와 구분되는 개념입니다.",미래에셋증권 증권용어사전,https://securities.miraeasset.com/hki/hki3028/r01.do
공동주관회사,[],시장/상장,공동주관회사는 증권 공모 시 둘 이상의 금융투자회사가 공동으로 주관 업무를 맡은 경우를 말합니다. 기업공개(IPO)나 장외법인공모 시 주관회사가 해당 기업의 주식을 5% 이상 보유하고 있다면 반드시 공동주관회사를 두어야 합니다. 공모주 청약 관련 공시나 뉴스에서 주관 업무를 수행하는 증권사들을 설명할 때 주로 사용됩니다.,iM증권 금융용어사전,https://www.imfnsec.com/research/financial_guide/fg000000.jsp
공매(Short sale),[],거래/주문/결제,"공매는 주식을 보유하지 않은 상태에서 주식을 빌려 파는 거래 방식입니다. 주가가 하락할 것으로 예상될 때 시세 차익을 얻거나, 보유한 주식의 가격 하락 위험을 분산하기 위해 활용됩니다. 공매도는 나중에 주식을 사서 갚아야 하는 의무가 있으므로, 시장에서는 향후 주식을 사들이는 매수 세력이 될 가능성도 함께 고려하여 해석합니다.",미래에셋증권 증권용어사전,https://securities.miraeasset.com/hki/hki3028/r01.do
공매도,[],거래/주문/결제,"공매도는 주식을 보유하지 않은 상태에서 주식을 빌려 매도하는 거래 방식입니다. 주가가 하락할 것으로 예상될 때 주식을 빌려 먼저 팔고, 나중에 주가가 실제로 떨어지면 시장에서 싼값에 사서 되갚아 차익을 얻는 원리입니다. 주로 주가 하락이 예상되는 상황에서 수익을 내기 위한 방법으로 활용됩니다.",KB증권 금융용어사전,https://www.kbsec.com/go.able?linkcd=m04110000
공매비율,[],수급/투자자,공매비율은 대주 잔고를 거래량으로 나누어 시장 규모 대비 공매 물량의 수준을 파악하는 지표입니다. 계산식은 '대주잔고 수 / 거래량(6일 평균) * 100'으로 산출합니다. 공매비율이 높아지면 공매 물량이 늘어난 만큼 향후 이를 되사려는 잠재적인 매입 세력이 증가한 것으로 해석하기도 합니다. 반대로 비율이 낮아지면 이러한 시장 기조의 변화 가능성이 낮아진 것으로 봅니다.,미래에셋증권 증권용어사전,https://securities.miraeasset.com/hki/hki3028/r01.do
공모,[],시장/상장,"공모는 회사를 설립하거나 증자할 때 기존 주주나 특정 거래처가 아닌 불특정 다수의 일반 투자자를 대상으로 주식을 발행하고 모집하는 것을 뜻합니다. 주주 층을 넓혀 주식의 시장성을 높이거나 재무제표상의 자본금을 조정하기 위해 활용됩니다. 모든 투자자에게 동일한 발행 조건이 적용되도록 법적 규제를 받으며, 기존 주주의 이익을 고려하여 공모 가격이 산정되기도 합니다.",미래에셋증권 증권용어사전,https://securities.miraeasset.com/hki/hki3028/r01.do
공모주,[],시장/상장,"공모주는 기업이 증권시장에 상장하기 위해 일반인 등 투자자로부터 청약을 받아 배정하는 주식입니다. 증권사 계좌를 통해 청약에 참여할 수 있으며, 배정 방식은 증거금 규모에 비례하는 비례배정과 청약자에게 동일하게 배정하는 균등배정 방식이 함께 활용됩니다. 증권사별 거래 실적에 따라 배정 기준이 다를 수 있으며, 상장 이후의 주가 변동성은 개별 기업의 상황에 따라 다르게 나타날 수 있습니다.",KB증권 금융용어사전,https://www.kbsec.com/go.able?linkcd=m04110000
"공모주 청약, 배정",[],시장/상장,"공모주 청약은 기업이 상장을 위해 주식을 공개적으로 모집할 때 투자자가 주식을 사겠다고 신청하는 것을 말하며, 배정은 신청한 투자자들에게 주식을 나누어 주는 것을 뜻합니다. 신주 발행이나 기존 주주의 주식 매각(구주 매출)을 통해 기업을 공개하는 과정에서 진행됩니다. 상장 후 주가가 공모가를 웃도는 경우 시세 차익을 얻을 수 있어 투자자들의 관심이 높으나, 시장 상황에 따라 주가 흐름은 달라질 수 있습니다.",미래에셋증권 증권용어사전,https://securities.miraeasset.com/hki/hki3028/r01.do
공모증자(capital increase by public offering),[],공시/기업행위,"공모증자는 기업이 새로운 주식을 발행할 때 일반 대중을 대상으로 투자 응모를 받아 자본금을 늘리는 방식입니다. 불특정 다수에게 주식을 살 기회를 주는 증자 형태로, 기업 공시나 뉴스에서 자금 조달 방식을 설명할 때 주로 사용됩니다.",미래에셋증권 증권용어사전,https://securities.miraeasset.com/hki/hki3028/r01.do
공사채,[],채권/금리/환율,공사채는 국가나 지방자치단체가 발행하는 공채와 일반 기업이 발행하는 사채를 통칭하는 용어입니다. 채권 시장에서 발행 주체에 따른 구분 없이 채권 전반을 아우를 때 주로 사용됩니다. 발행 주체가 공공기관인지 민간 기업인지에 따라 채권의 성격이 달라질 수 있으므로 이를 구분하여 이해할 필요가 있습니다.,미래에셋증권 증권용어사전,https://securities.miraeasset.com/hki/hki3028/r01.do
공사채형 투자신탁,[],ETF/펀드,"공사채형 투자신탁은 국공채나 회사채 등 공사채를 주요 투자 대상으로 삼아 운용하는 투자신탁입니다. 일반적으로 주식은 운용 대상에서 제외하며, 주식형 투자신탁과 구분되는 상품 유형입니다. 펀드 상품의 투자 대상을 분류할 때 주로 쓰이는 용어입니다.",미래에셋증권 증권용어사전,https://securities.miraeasset.com/hki/hki3028/r01.do
공시,[],공시/기업행위,"공시는 기업이 투자 판단에 영향을 줄 수 있는 중요한 정보를 모든 투자자에게 공평하게 알리는 제도입니다. 특정 투자자만 정보를 독점하는 것을 막아 공정한 거래 환경을 조성하는 역할을 합니다. 주식 발행과 관련된 발행시장 공시와 주식 유통과 관련된 유통시장 공시로 구분되며, 유통시장 공시에는 정기공시, 수시공시, 공정공시, 주요사항보고서 등이 있습니다.",KB증권 금융용어사전,https://www.kbsec.com/go.able?linkcd=m04110000
공시최고(public summon),[],공시/기업행위,"공시최고는 주권이나 무기명 증권 등을 분실, 도난, 멸실하여 권리 행사가 어려워졌을 때, 법원이 이해관계인의 신청을 받아 불특정 다수에게 해당 권리를 신고하도록 알리는 절차입니다. 주로 신문 공고 등을 통해 이루어지며, 정해진 기간 내에 신고하지 않으면 권리를 잃을 수 있다는 경고를 포함합니다. 주식 실물과 관련된 권리 관계를 법적으로 확인하거나 정리해야 하는 상황에서 쓰이는 용어입니다.",미래에셋증권 증권용어사전,https://securities.miraeasset.com/hki/hki3028/r01.do
공적결제수지 (official settlement balance),[],거시경제,"공적결제수지는 국제수지를 정의하는 방법 중 하나로, 공적 결제 수단인 외화보유고의 변화를 나타내는 지표입니다. 거시경제 뉴스나 리포트에서 국가 간 거래 결과에 따른 외화보유고의 변동을 파악할 때 활용됩니다.",미래에셋증권 증권용어사전,https://securities.miraeasset.com/hki/hki3028/r01.do
공정가액(기준가),[],채권/금리/환율,공정가액(기준가)은 채권 평가 기관들이 산정한 해당 증권의 평가 금액을 단순 평균한 값입니다. 주로 채권이나 관련 금융상품의 가치를 평가할 때 기준이 되는 가격으로 활용됩니다.,KB증권 금융용어사전,https://www.kbsec.com/go.able?linkcd=m04110000
공정공시,[],공시/기업행위,"공정공시는 기업이 중요한 정보를 애널리스트나 기관투자자 등 특정인에게 제공하기 전, 일반 투자자에게도 공시하도록 하는 제도입니다. 특정 집단이 정보를 독점하여 이익을 취하는 정보 비대칭 문제를 방지하기 위해 운영됩니다. 공시 화면이나 뉴스에서 기업의 주요 정보가 공개되는 시점과 방식을 설명할 때 주로 사용됩니다.",KB증권 금융용어사전,https://www.kbsec.com/go.able?linkcd=m04110000
과세기준가격,[],ETF/펀드,"과세기준가격은 배당소득세를 산정하기 위해 별도로 산출하는 가격입니다. 펀드나 ETF의 자산 중 국내 상장 주식 및 관련 상품의 매매 손익은 과세 대상에서 제외하며, 채권의 평가 및 매매 손익, 이자, 배당, 해외 주식의 손익 등을 반영하여 계산합니다.",iM증권 금융용어사전,https://www.imfnsec.com/research/financial_guide/fg000000.jsp
관련거래소,[],파생/구조화상품,관련거래소는 발행회사(계산대리인)가 해당 기초자산과 관련된 전체 선물·옵션 시장에서 중요한 비중을 차지한다고 판단한 거래소를 말합니다. 주로 파생상품이나 구조화상품의 공시에서 기초자산의 가격 산정이나 시장 상황을 확인하는 기준이 되는 거래소를 특정할 때 사용됩니다.,iM증권 금융용어사전,https://www.imfnsec.com/research/financial_guide/fg000000.jsp
관리보수(management fee),[],ETF/펀드,"관리보수는 펀드나 ETF를 운용하고 관리하는 대가로 위탁자와 수탁자가 함께 받는 보수입니다. 순자산 총액의 평균 잔액에 일정 비율을 곱해 계산하며, 결산 시점이나 신탁 해약 시 신탁재산에서 인출됩니다. 위탁자와 수탁자 사이의 협정된 비율에 따라 배분되는 비용입니다.",미래에셋증권 증권용어사전,https://securities.miraeasset.com/hki/hki3028/r01.do
관리종목,[],시장/상장,"관리종목은 영업실적 악화, 주식분산요건 미달, 유동성 부족 등 상장폐지 기준에 해당할 우려가 있어 거래소가 별도로 지정한 종목을 의미합니다. 투자자에게는 주의 신호를 보내는 역할을 하며, 해당 기업에는 상장폐지를 피할 수 있는 유예기간을 부여하는 성격이 있습니다. 관리종목으로 지정되면 대용증권으로 사용할 수 없다는 점에 유의해야 합니다.",KB증권 금융용어사전,https://www.kbsec.com/go.able?linkcd=m04110000
관망세(wait-and-see attitude),[],가격/차트,관망세는 향후 주가 전망이 불투명하여 투자자들이 매매를 망설이는 상태를 뜻합니다. 주가 변동이 거의 없고 거래량이 평균 수준 이하로 줄어드는 것이 특징입니다. 시장의 방향성이 뚜렷하지 않을 때 뉴스나 시황 리포트에서 시장 상황을 설명하기 위해 자주 사용됩니다.,미래에셋증권 증권용어사전,https://securities.miraeasset.com/hki/hki3028/r01.do
괴리율,[],ETF/펀드,"괴리율은 ETF의 시장 가격과 실제 가치인 순자산가치(NAV) 사이의 차이를 나타내는 지표입니다. ETF가 시장에서 거래되는 가격이 실제 가치를 얼마나 잘 반영하고 있는지 보여줍니다. 괴리율이 낮을수록 시장 가격이 실제 가치에 가깝게 형성되어 있음을 의미하며, ETF 상세 화면 등에서 상품의 효율성을 확인할 때 주로 쓰입니다.",KB증권 금융용어사전,https://www.kbsec.com/go.able?linkcd=m04110000
교란일,[],거래/주문/결제,"교란일은 예정된 거래일에 거래소가 개장하지 못하거나, 거래 중 장애 또는 조기 폐장 등으로 인해 시장이 정상적으로 운영되지 않는 날을 뜻합니다. 거래소 시스템이나 외부 요인으로 인해 정상적인 거래가 이루어지지 않는 상황을 나타냅니다. 시장 운영이 비정상적인 날이므로, 결제 일정이나 관련 거래 조건에 영향을 줄 수 있습니다.",iM증권 금융용어사전,https://www.imfnsec.com/research/financial_guide/fg000000.jsp
교환사채(exchangeable bond),[],채권/금리/환율,"교환사채(EB)는 채권 보유자가 일정 기간 내에 미리 정해진 조건으로 발행 회사가 보유한 상장 주식과 교환할 수 있는 권리가 부여된 채권입니다. 교환 시 발행 회사의 자산과 부채가 동시에 줄어들며, 자본금이 늘어나는 전환사채(CB)나 추가 자금 유입이 발생하는 신주인수권부사채(BW)와는 차이가 있습니다. 기업은 보유 주식을 활용해 조기에 자금을 조달할 수 있다는 장점이 있으나, 교환 시 자산이 급격히 감소하거나 교환 대상 주식을 일정 기간 예탁해야 하므로 자산 운용에 제약이 생길 수 있습니다.",미래에셋증권 증권용어사전,https://securities.miraeasset.com/hki/hki3028/r01.do
구매력평가설(theory of purchasing power parity),[],채권/금리/환율,"구매력평가설은 환율이 각국 화폐의 구매력 비율에 의해 결정된다는 이론입니다. 양국 화폐가 각 나라에서 가지는 구매력, 즉 물가 수준의 차이가 환율을 정한다는 사고방식입니다. 환율 관련 뉴스나 리포트에서 장기적인 환율 변동 원인을 설명할 때 주로 사용됩니다. 특정 시점의 물가 지수 변화를 반영해 적정 환율을 산출하며, 한 나라의 물가가 올라 화폐 가치가 떨어지면 환율도 그에 맞춰 변동한다고 설명합니다.",미래에셋증권 증권용어사전,https://securities.miraeasset.com/hki/hki3028/r01.do
구조조정펀드(structural regulation fund),[],ETF/펀드,"구조조정펀드는 기술력과 성장성은 우수하지만 일시적인 경영난이나 자금 부족을 겪는 기업에 투자하여 기업 가치를 높이는 펀드입니다. 전문 경영인 유치나 경영 개선 등 적극적인 구조조정 과정을 통해 기업을 정상화한 뒤, 주가 상승에 따른 시세차익을 얻는 것을 목적으로 합니다.",미래에셋증권 증권용어사전,https://securities.miraeasset.com/hki/hki3028/r01.do
국가위험(country risk),[],거시경제,"국가위험은 투자 대상 국가의 정치, 경제, 법령상의 문제로 인해 투자한 원금이나 이자를 제때 돌려받지 못하게 될 위험을 의미합니다. 거시경제 뉴스나 리포트에서 특정 국가의 투자 환경이나 대외 불확실성을 다룰 때 주로 사용됩니다. 채무불능, 지급 정지, 지급 연기 등이 포함되며, 정치적·경제적 요인이나 해당 국가의 법령 및 관습에 따라 발생할 수 있습니다.",미래에셋증권 증권용어사전,https://securities.miraeasset.com/hki/hki3028/r01.do
국내신용(domestic credit),[],거시경제,"국내신용은 금융기관이 국내의 정부와 민간 부문에 제공한 대출이나 투자 등의 신용을 모두 합한 지표입니다. 시중에 풀린 유동성의 규모를 공급 측면에서 파악할 때 사용하며, 정부신용과 민간신용을 합산하여 산출합니다. 거시경제 지표로서 총통화가 공급되는 원천을 보여주는 역할을 합니다.",미래에셋증권 증권용어사전,https://securities.miraeasset.com/hki/hki3028/r01.do
국내총생산,[],거시경제,"국내총생산(GDP)은 일정 기간 동안 국내에서 발생한 경제 활동의 총량을 금액으로 나타낸 지표입니다. 특정 시점의 자산 규모가 아닌, 정해진 기간 동안의 경제적 흐름(Flow)을 측정하는 개념입니다. 뉴스나 경제 리포트에서 국가의 경제 규모와 성장 수준을 파악하는 핵심 지표로 활용됩니다.",미래에셋증권 증권용어사전,https://securities.miraeasset.com/hki/hki3028/r01.do
국내총생산증가율,[],거시경제,"국내총생산증가율은 일정 기간 동안 생산된 국내총생산(GDP)이 전년 대비 얼마나 증가했는지를 나타내는 지표입니다. 국가 경제의 성장 속도를 보여주는 대표적인 거시경제 지표로, 뉴스나 리포트에서 경제 상황을 진단하고 흐름을 설명할 때 주로 사용됩니다.",미래에셋증권 증권용어사전,https://securities.miraeasset.com/hki/hki3028/r01.do
국제결제은행(BIS) 규제,[],거시경제,국제결제은행(BIS) 규제는 국제 업무를 담당하는 은행의 건전성을 확보하기 위해 자기자본 비율을 일정 수준 이상으로 유지하도록 정한 국제적 통일 기준입니다. 자산의 위험도에 따라 비중을 둔 총자산 대비 자기자본의 비율을 8% 이상으로 유지하는 것을 골자로 합니다. 이때 자기자본의 절반 이상은 중심이 되는 자본으로 구성해야 합니다. 금융 뉴스나 리포트에서 은행의 재무 건전성과 위기 대응 능력을 판단하는 주요 지표로 언급됩니다.,미래에셋증권 증권용어사전,https://securities.miraeasset.com/hki/hki3028/r01.do
국제결제은행(BIS) 비율,[],재무/회계,"국제결제은행(BIS) 비율은 은행, 종합금융사 등 금융기관의 건전성을 판단하는 기준이 되는 자기자본비율입니다. 자기자본을 대출이나 보증 같은 위험자산으로 나눈 뒤 100을 곱해 산출하며, 이때 자기자본에는 납입자본금과 이익잉여금 외에도 재평가적립금이나 후순위채권 같은 보완 자본이 포함됩니다. 보통 8%를 넘는지에 따라 금융기관의 건전성과 생존 가능성을 평가하며, 재무제표나 뉴스에서 금융사의 안정성을 확인하는 지표로 활용됩니다.",미래에셋증권 증권용어사전,https://securities.miraeasset.com/hki/hki3028/r01.do
국제수지(balance of payments),[],거시경제,"국제수지는 일정 기간 동안 국내와 국외 사이에 오고 간 자금의 흐름을 정리한 지표입니다. 크게 상품·서비스의 수출입과 증여 등을 다루는 경상계정과 자본의 유출입을 기록하는 자본계정으로 구분합니다. 들어온 돈이 나간 돈보다 많으면 흑자가 되어 대외채권이 늘어나고, 반대의 경우 적자가 되어 대외채무가 늘어납니다. 거시경제의 흐름을 보여주는 뉴스나 리포트에서 국가 간 거래 상태를 설명할 때 쓰입니다.",미래에셋증권 증권용어사전,https://securities.miraeasset.com/hki/hki3028/r01.do
국제유동성(international liquidity),[],거시경제,"국제유동성은 국가 간의 거래에서 발생하는 결제나 채무를 갚기 위해 사용되는 자산을 말합니다. 좁은 의미로는 정부나 중앙은행이 보유한 외환보유액(금, 달러, SDR 등)을 뜻하며, 넓은 의미로는 민간 부문의 외화 자산이나 국가 간 신용 공여까지 포함합니다. 국제수지 적자를 해결하는 수단으로 쓰이며, 경제 뉴스나 거시경제 리포트에서 국가의 대외 지급 능력을 설명할 때 주로 등장합니다.",미래에셋증권 증권용어사전,https://securities.miraeasset.com/hki/hki3028/r01.do
국제투자신탁,[],ETF/펀드,"국제투자신탁은 국내외 투자자로부터 자금을 모아 국내 및 해외 증권에 투자하는 형태의 투자신탁입니다. 여러 국가의 증권에 분산 투자하여 가격 하락 위험을 낮추거나, 국내에 없는 해외 성장 산업에 투자할 수 있다는 특징이 있습니다. 펀드나 ETF 관련 정보에서 투자 대상과 범위를 설명할 때 주로 사용됩니다.",미래에셋증권 증권용어사전,https://securities.miraeasset.com/hki/hki3028/r01.do
권리락,[],공시/기업행위,"권리락은 주식을 사도 증자나 배당 같은 특정 권리를 받을 수 없게 된 상태를 뜻합니다. 증자나 배당을 받기 위해 정해진 기준일이 지나 권리가 사라진 것을 의미하며, 권리락일에는 해당 권리의 가치가 빠진 만큼 주가 기준이 하향 조정될 수 있습니다. 주가가 내려 보이더라도 권리 소멸에 따른 조정이 반영된 것이므로 단순한 주가 하락으로만 해석하지 않아야 합니다.",KB증권 금융용어사전,https://www.kbsec.com/go.able?linkcd=m04110000
권리부,[],공시/기업행위,"권리부는 배당이나 신주를 받을 수 있는 권리가 포함된 상태의 주식을 뜻합니다. 주로 신주인수권과 관련하여 사용되며, 특정 권리를 얻을 수 있는 자격이 있는 상태를 의미합니다. 공시나 주식 화면에서 권리락과 대비되는 개념으로 활용됩니다.",미래에셋증권 증권용어사전,https://securities.miraeasset.com/hki/hki3028/r01.do
권리행사가격,[],파생/구조화상품,권리행사가격은 옵션 매수자가 권리를 행사할 때 적용하기로 미리 약정한 가격입니다. KOSPI 200 옵션과 같은 파생상품 거래에서 매수자가 매도자에게 권리를 행사할 수 있는 기준이 됩니다. 사전에 정해진 이 가격과 실제 시장 가격을 비교하여 권리 행사 여부를 판단하게 됩니다.,미래에셋증권 증권용어사전,https://securities.miraeasset.com/hki/hki3028/r01.do
권리행사결제가격,[],파생/구조화상품,권리행사결제가격은 권리를 행사할 수 있는 날의 최종 KOSPI 200 지수를 의미합니다. 파생상품이나 구조화상품에서 권리를 행사할 때 정산 기준이 되는 가격으로 사용됩니다.,미래에셋증권 증권용어사전,https://securities.miraeasset.com/hki/hki3028/r01.do
권종,[],주식 기초,권종은 채권이나 주권 실물을 인쇄할 때의 단위를 뜻합니다. 실물 증권이 발행될 때 어떤 단위로 나누어 인쇄되는지를 나타내는 용어입니다.,미래에셋증권 증권용어사전,https://securities.miraeasset.com/hki/hki3028/r01.do
그린 메일(green mail),[],공시/기업행위,"그린 메일은 특정 기업의 주식을 대량으로 사들인 뒤, 경영권을 인수할 것처럼 행동하며 해당 기업이 주식을 비싼 가격에 되사도록 유도해 이익을 얻는 행위를 뜻합니다. 달러 지폐의 색인 초록색(Green)과 협박을 뜻하는 블랙메일(Blackmail)을 합친 용어입니다. 주로 M&A 과정에서 기업이 경영권을 방어하기 위해 프리미엄을 얹어 주식을 되사는 상황을 설명할 때 사용됩니다.",미래에셋증권 증권용어사전,https://securities.miraeasset.com/hki/hki3028/r01.do
근저당(fixed collateral),[],채권/금리/환율,"근저당은 기업이 은행과 지속적으로 거래할 때, 미리 담보를 제공하고 설정된 금액 범위 내에서 자금을 빌릴 수 있도록 하는 제도입니다. 주로 당좌대월 계약 등에서 활용되며, 기업의 재무제표나 공시에서 담보 제공 현황을 파악할 때 쓰입니다. 미리 정해둔 한도 내에서 반복적으로 자금을 빌릴 수 있다는 점이 특징입니다.",미래에셋증권 증권용어사전,https://securities.miraeasset.com/hki/hki3028/r01.do
금리스왑,[],파생/구조화상품,금리스왑은 두 거래당사자가 각자 보유한 자산이나 부채의 금리 조건을 일정 기간 서로 바꾸기로 하는 계약입니다. 변동금리 부채를 고정금리로 교환하는 식의 거래를 통해 금리 변동에 따른 위험에 대비할 수 있습니다. 주로 기업의 재무 보고서나 공시에서 금리 위험 관리 수단으로 언급됩니다.,iM증권 금융용어사전,https://www.imfnsec.com/research/financial_guide/fg000000.jsp
금리스왑(interest term coupon swap),[],파생/구조화상품,"금리스왑은 고정금리와 변동금리를 서로 교환하는 금융 거래를 뜻합니다. 기업이나 금융기관이 향후 금리 변동에 따른 위험을 관리하거나 이자 비용을 조절하기 위해 주로 활용합니다. 뉴스나 리포트에서 기업의 재무 리스크 관리 수단으로 자주 언급되며, 금리 전망에 따라 고정금리를 변동금리로 바꾸거나 그 반대의 거래를 선택하여 이자 부담을 관리하는 효과를 얻을 수 있습니다.",미래에셋증권 증권용어사전,https://securities.miraeasset.com/hki/hki3028/r01.do
금리평가설(interest rate parity theory),[],채권/금리/환율,"금리평가설은 국가 간의 금리 차이가 환율의 변동으로 상쇄되어, 결과적으로 어느 나라의 금융상품에 투자하더라도 동일한 수익을 얻게 된다는 이론입니다. 금융시장에서 동일한 가치를 지닌 상품의 가격은 같아야 한다는 원리를 전제로 합니다. 국가 간 금리가 다를 경우 자금이 이동하며 환율과 금리가 조정되고, 최종적으로는 추가적인 이익을 얻을 수 없는 균형 상태에 이르게 된다는 점을 설명할 때 주로 사용됩니다.",미래에셋증권 증권용어사전,https://securities.miraeasset.com/hki/hki3028/r01.do
금융비용부담률,[],재무/회계,"금융비용부담률은 기업이 차입금이나 회사채 등에 대해 지불하는 이자 비용이 매출액에서 차지하는 비중을 나타내는 지표입니다. 기업이 외부 자금을 이용하면서 발생하는 금융비용 부담이 어느 정도인지 측정할 때 사용하며, 주로 재무제표나 기업 분석 리포트에서 확인합니다. 통상적으로 이 비율이 낮을수록 매출 대비 이자 부담이 적어 재무구조가 건실한 것으로 평가하지만, 기업의 성장 단계나 업종 특성에 따라 다르게 해석될 수 있습니다.",미래에셋증권 증권용어사전,https://securities.miraeasset.com/hki/hki3028/r01.do
금융선물거래(financial future trading),[],파생/구조화상품,"금융선물거래는 통화, 금리, 주가지수 등을 거래 대상으로 하여, 현재 시점에서 정한 가격으로 미래의 특정 시점에 결제하기로 약속하는 거래입니다. 파생상품 시장에서 주로 활용되며, 거래를 약속하는 시점과 실제 결제가 이루어지는 시점이 다르다는 점이 특징입니다. 기초자산의 가격 변동에 따른 위험을 관리하거나 시장 상황에 대응하는 수단으로 쓰입니다.",미래에셋증권 증권용어사전,https://securities.miraeasset.com/hki/hki3028/r01.do
금융수지,[],재무/회계,"금융수지는 기업이 이자나 배당금으로 벌어들인 금융수입에서 이자 비용 등 금융비용을 뺀 차액을 말합니다. 재무제표에서 영업외손익을 구성하는 주요 요소로, 기업의 자금 운용 효율성을 보여줍니다. 과거에는 차입금을 통한 투자가 많아 마이너스인 경우가 흔했으나, 최근에는 내실 경영을 통해 금융수지를 개선하려는 경향도 나타납니다.",미래에셋증권 증권용어사전,https://securities.miraeasset.com/hki/hki3028/r01.do
금융연관비율(financila interrelations ratio),[],거시경제,"금융연관비율은 특정 시점의 금융자산 총액을 국부총액(유형자산과 순대외자산의 합)으로 나눈 지표입니다. 한 국가의 금융 시스템이 얼마나 발달했는지, 혹은 자금 흐름이 얼마나 복잡한지를 나타낼 때 사용합니다. 저축과 투자의 주체가 분리되거나 기업의 외부 자금 의존도가 높을수록, 또는 금융 중개 과정이 복잡해질수록 이 비율은 높아집니다.",미래에셋증권 증권용어사전,https://securities.miraeasset.com/hki/hki3028/r01.do
금융자산투자(portfolio investment),[],거시경제,"금융자산투자는 주식, 채권, 상업어음, 양도성예금증서(CD) 등과 같은 금융상품에 투자하는 것을 뜻합니다. 기업의 경영권 취득을 목적으로 하는 직접투자와 달리, 주로 투자 수익을 얻기 위해 이루어집니다. 국제투자 맥락에서 실물자산에 대한 투자와 구분하여 사용되는 용어입니다.",미래에셋증권 증권용어사전,https://securities.miraeasset.com/hki/hki3028/r01.do
금융장세,[],거시경제,금융장세는 금리 인하나 유동성 공급 등 금융 환경의 변화에 따라 주가가 움직이는 시장 상황을 뜻합니다. 주로 경기가 침체된 시기에 금리가 내려가면서 시중에 자금이 풍부해질 때 나타납니다. 금리가 낮아지면 기업의 이자 부담이 줄어들고 주식 투자의 상대적인 매력이 높아져 주가에 영향을 줄 수 있습니다. 보통 불경기 중반부터 호경기 초입 사이에 자주 관찰되는 현상입니다.,미래에셋증권 증권용어사전,https://securities.miraeasset.com/hki/hki3028/r01.do
금융중개기관(financial intermediary),[],거시경제,"금융중개기관은 자금의 여유가 있는 개인(흑자주체)으로부터 자금이 필요한 기업으로 자금이 이동할 수 있도록 중개하는 기관을 뜻합니다. 거시경제 관점에서 자금의 흐름을 설명할 때 쓰이는 용어로, 시장 내에서 자금이 효율적으로 배분되도록 돕는 역할을 합니다.",미래에셋증권 증권용어사전,https://securities.miraeasset.com/hki/hki3028/r01.do
금융채,[],채권/금리/환율,"금융채는 특수채 중 은행이 발행한 채권을 뜻합니다. 산업금융채권, 외국환금융채권, 중소기업금융채권, 통화안정증권 등이 여기에 해당합니다. 산업금융채권이나 통화안정증권 같은 일부 사례를 제외하면, 대부분 발행 은행의 자체 신용을 바탕으로 발행된다는 특징이 있습니다.",미래에셋증권 증권용어사전,https://securities.miraeasset.com/hki/hki3028/r01.do
금융채권(financial bond),[],채권/금리/환율,"금융채권은 특별법에 따라 설립된 금융기관이 장기 대출에 필요한 자금을 조달하기 위해 발행하는 채권입니다. 한국산업은행의 산업금융채권, 중소기업은행의 중소기업금융채권 등이 대표적입니다. 금융기관이 자금을 마련하는 주요 수단으로, 채권 시장이나 금리 관련 뉴스에서 자주 언급됩니다.",미래에셋증권 증권용어사전,https://securities.miraeasset.com/hki/hki3028/r01.do
금융투자,[],수급/투자자,"금융투자는 증권사나 선물사처럼 금융투자업을 영위하는 기업이 회사의 자산을 직접 운용하는 투자 주체를 뜻합니다. 주식 화면의 수급 정보에서 기관 투자자의 한 분류로 나타나며, 해당 기업들이 시장에서 어떤 매매 흐름을 보이는지 확인할 때 사용됩니다.",KB증권 금융용어사전,https://www.kbsec.com/go.able?linkcd=m04110000
금융투자상품,[],주식 기초,"금융투자상품은 이익을 얻거나 손실을 피할 목적으로 취득하는 권리로, 원금 손실 가능성이 있는 금융상품을 말합니다. 투자자가 지급한 금액이 회수하는 금액보다 커질 수 있는 '투자성'이 핵심적인 특징이며, 증권과 파생상품 등이 대표적인 예시입니다.",iM증권 금융용어사전,https://www.imfnsec.com/research/financial_guide/fg000000.jsp
금융투자협회 펀드코드,[],ETF/펀드,금융투자협회 펀드코드는 금융투자협회가 펀드 공시 내용을 투자자가 쉽게 찾고 활용할 수 있도록 각 펀드에 부여하는 5자리의 고유 번호입니다. 펀드 정보를 조회하거나 공시 자료를 확인할 때 해당 펀드를 식별하는 용도로 사용됩니다.,KB증권 금융용어사전,https://www.kbsec.com/go.able?linkcd=m04110000
기간산업(key industry),[],거시경제,"기간산업은 한 나라의 경제 활동과 산업 발전에 토대가 되는 기초 산업을 뜻합니다. 철강, 에너지, 기계 산업 등이 대표적이며 최근에는 자동차, 조선, 첨단산업까지 그 범위가 넓어지고 있습니다. 다른 제조업의 성장을 돕는 촉매 역할을 하므로 국가 경제 전반에 미치는 영향력이 큽니다.",미래에셋증권 증권용어사전,https://securities.miraeasset.com/hki/hki3028/r01.do
기관,[],수급/투자자,"기관은 투자신탁, 증권, 은행, 보험, 연기금 등 법인 형태의 전문 투자자를 통칭하는 용어입니다. 개인, 외국인과 함께 국내 주식 시장의 주요 투자 주체 중 하나로 꼽히며 시장에 미치는 영향력이 큽니다. 주가 화면의 투자자별 매매 동향이나 수급 관련 뉴스에서 주로 확인할 수 있습니다.",KB증권 금융용어사전,https://www.kbsec.com/go.able?linkcd=m04110000
기관투자자,[],수급/투자자,"기관투자자는 법인 형태로 주식 시장에 참여하는 투자 주체를 말합니다. 은행, 보험사, 증권사, 연기금, 기금 등이 여기에 해당합니다. 주가 화면의 수급 정보나 뉴스에서 주요 매매 주체 중 하나로 표시되며, 구체적인 범위는 관련 규정에 따라 정의됩니다.",iM증권 금융용어사전,https://www.imfnsec.com/research/financial_guide/fg000000.jsp
기금형투자신탁,[],ETF/펀드,"기금형투자신탁은 계약 기간의 제한 없이 언제든지 추가로 자금을 넣거나 환매할 수 있는 형태의 투자신탁입니다. 추가형 또는 오픈형이라고도 불리며, 신탁 재산의 규모를 일정하게 유지하는 단위형 투자신탁과 대비되는 개념입니다. 계약 기간이 정해져 있지 않아 운용 중에도 추가 설정이 가능하고, 언제든지 환매할 수 있다는 특징이 있습니다.",미래에셋증권 증권용어사전,https://securities.miraeasset.com/hki/hki3028/r01.do
기명식 장기저리채권,[],채권/금리/환율,"기명식 장기저리채권은 만기가 보통 5년 이상으로 길고 금리가 낮은 채권으로, 구입 시 소유자의 실명을 등록해야 하는 채권입니다. 정부가 금융실명제를 보완하기 위해 도입한 장기저리 실명등록채권이 대표적이며, 발행 방식에 따라 1종과 2종으로 구분됩니다.",미래에셋증권 증권용어사전,https://securities.miraeasset.com/hki/hki3028/r01.do
기본적분석,"[""기본적 분석""]",투자지표/밸류에이션,"기본적분석은 기업의 내재 가치를 분석하여 주가를 예측하는 방법입니다. 기업이 가진 여러 정보를 바탕으로 미래 가치를 추정하고 이를 현재 가치로 환산하여 기업의 실제 가치를 판단합니다. 재무제표나 공시 등 다양한 지표를 활용하며, 주가 화면이나 리포트에서 기업의 가치를 평가하는 주요 방법론으로 언급됩니다.",KB증권 금융용어사전,https://www.kbsec.com/go.able?linkcd=m04110000
기술적 분석(technical analysis),[],가격/차트,"기술적 분석은 차트를 통해 과거의 시세 변동과 습성을 파악하여 앞으로의 주가 흐름을 예측하는 기법입니다. 주가에는 모든 정보가 이미 반영되어 있고, 가격은 일정한 추세를 따르며 과거의 패턴이 반복된다는 전제를 바탕으로 합니다. 주로 차트 화면이나 리포트에서 주가의 움직임을 분석할 때 활용됩니다.",미래에셋증권 증권용어사전,https://securities.miraeasset.com/hki/hki3028/r01.do
기술적분석,[],가격/차트,"기술적분석은 주가와 거래량 같은 시장 내부의 통계 데이터를 분석하여 미래의 주가 추세를 예측하는 기법입니다. 모든 시장 요인이 가격에 반영되어 있다는 전제 아래, 차트에 나타나는 일정한 형태나 패턴을 파악하는 데 집중합니다. 주로 주가 차트 화면에서 과거의 흐름을 통해 향후 방향성을 가늠할 때 사용하며, 흔히 차트 분석으로 통용됩니다.",KB증권 금융용어사전,https://www.kbsec.com/go.able?linkcd=m04110000
기업가치영업력배수(EV/EBITDA),[],투자지표/밸류에이션,"기업가치영업력배수(EV/EBITDA)는 시가총액(우선주 포함)을 세전영업이익에 유형자산감가상각비를 더한 값(EBITDA)으로 나눈 지표입니다. 기업이 영업활동을 통해 벌어들이는 이익에 비해 시가총액이 몇 배 수준인지를 나타냅니다. 수치가 낮을수록 기업가치가 저평가된 것으로 해석되기도 하지만, 업종별 특성이나 기업의 재무 상황을 함께 고려해야 합니다.",KB증권 금융용어사전,https://www.kbsec.com/go.able?linkcd=m04110000
기업결합(business coalition),[],공시/기업행위,"기업결합은 둘 이상의 기업이 자본, 인적, 조직적 결합을 통해 하나의 관리 체제로 통합되는 과정을 의미합니다. 개별 기업의 경제적 독립성이 사라지고 단일한 경영 체계를 갖추게 되는 것이 특징입니다. 결합 방식에 따라 동종 기업 간의 '수평적 결합', 생산 공정상 관계있는 기업 간의 '수직적 결합', 업종에 관계없이 지배력을 강화하는 '자본적 결합' 등으로 구분됩니다. 주로 기업 공시나 뉴스에서 합병, 경영 효율화, 사업 다각화 소식을 전할 때 자주 등장하는 용어입니다.",미래에셋증권 증권용어사전,https://securities.miraeasset.com/hki/hki3028/r01.do
기업공개(IPO),[],시장/상장,"기업공개(IPO)는 비상장 기업이 주식을 법정 절차에 따라 대중에게 분산하고 재무 내용을 투명하게 공개하며 주식시장에 상장하는 절차를 말합니다. 기업은 이 과정을 통해 주식시장에 진입하고, 투자자는 공개된 정보를 바탕으로 기업의 가치를 확인할 수 있습니다. 상장 전보다 엄격한 공시 의무가 부여되므로 시장의 신뢰를 얻기 위한 필수적인 과정으로 쓰입니다.",KB증권 금융용어사전,https://www.kbsec.com/go.able?linkcd=m04110000
기업공개(going public),[],시장/상장,기업공개는 주식회사가 발행한 주식을 일반 대중에게 널리 분산하고 재무 내용을 공시하여 공적인 기업 체제를 갖추는 것을 의미합니다. 소수의 대주주가 소유하던 주식을 대중에게 분산시켜 증권시장에서 자유롭게 거래될 수 있도록 하는 과정입니다. 이를 통해 기업은 원활한 자금 조달을 기하고 자본과 경영을 분리하여 경영 합리화를 도모할 수 있습니다.,미래에셋증권 증권용어사전,https://securities.miraeasset.com/hki/hki3028/r01.do
기업공시(disclousure),[],공시/기업행위,기업공시는 상장회사가 투자자의 판단에 영향을 미칠 수 있는 경영 상태나 주가 관련 중요 정보를 공개하는 제도입니다. 시장의 공정한 거래를 위해 기업은 발생한 주요 사실을 신속하고 정확하게 알릴 의무가 있습니다. 투자자는 공시를 통해 기업의 재무 상황이나 주요 의사결정 등 투자에 필요한 핵심 정보를 파악할 수 있습니다.,미래에셋증권 증권용어사전,https://securities.miraeasset.com/hki/hki3028/r01.do
기업분할,[],공시/기업행위,"기업분할은 기존 회사의 사업 부문에 자본금과 부채를 나누어 새로운 기업을 만드는 것을 뜻합니다. 주주총회 의결을 거쳐 결정되며, 주로 신사업에 집중하거나 지배구조를 정리할 목적으로 진행됩니다. 감자나 주식 매수 부담 없이 사업을 분리할 수 있다는 특징이 있으며, 분할 방식에 따라 인적분할과 물적분할로 나뉩니다.",KB증권 금융용어사전,https://www.kbsec.com/go.able?linkcd=m04110000
기업설명활동(IR),[],공시/기업행위,"기업설명활동(IR)은 기업이 주주와 투자자에게 경영 현황과 미래 전망 등을 알리는 활동입니다. 투자자가 기업의 가치를 판단할 수 있도록 정보를 제공하는 것이 핵심입니다. 법적 의무에 따른 공시가 주로 수치화된 정보를 다룬다면, IR은 비계량적인 정보까지 포함하여 보다 폭넓게 소통합니다. 기업설명회뿐만 아니라 주주총회, 보고서 발송 등 다양한 방식으로 이루어집니다.",미래에셋증권 증권용어사전,https://securities.miraeasset.com/hki/hki3028/r01.do
기업설명회(IR),[],공시/기업행위,"기업설명회(IR)는 기업이 주주나 투자자에게 경영 현황과 미래 전망 등 주요 정보를 제공하고 설명하는 활동입니다. 주로 공시나 뉴스에서 기업이 투자자와 소통하는 자리를 마련할 때 쓰입니다. 기업 이미지를 높여 주가를 안정적으로 유지하거나, 자금 조달 및 경영 환경 변화에 대응하려는 목적으로 진행됩니다.",iM증권 금융용어사전,https://www.imfnsec.com/research/financial_guide/fg000000.jsp
기업실사지수(BSI; business survey index),[],거시경제,"기업실사지수(BSI)는 기업가들이 체감하는 경기 상황과 향후 전망을 설문 조사하여 지수로 나타낸 것입니다. 주로 거시경제 뉴스나 리포트에서 경기 국면을 판단할 때 활용됩니다. 지수는 0에서 200 사이의 값을 가지며, 100을 기준으로 이보다 크면 경기를 긍정적으로 보는 기업이 많아 확장 국면으로, 100보다 작으면 부정적으로 보는 기업이 많아 수축 국면으로 해석할 수 있습니다.",미래에셋증권 증권용어사전,https://securities.miraeasset.com/hki/hki3028/r01.do
기업어음(CP),[],채권/금리/환율,"기업어음(CP)은 기업이 단기 자금을 조달하기 위해 발행하는 어음 형식의 증서입니다. 신용등급이 일정 수준 이상인 기업이 담보 없이 발행하며, 금융기관이 이를 매입하여 투자자에게 판매합니다. 만기는 보통 60일에서 270일 사이의 단기로 설정됩니다. 양도성예금증서(CD)와 함께 단기 금리 흐름이나 기업의 자금 조달 상황을 나타내는 지표로 뉴스 및 리포트에서 주로 활용됩니다.",미래에셋증권 증권용어사전,https://securities.miraeasset.com/hki/hki3028/r01.do
기업의 총현금흐름 (total cash flow of the firm ),[],재무/회계,기업의 총현금흐름은 특정 기간 동안 기업이 투자나 영업 활동을 통해 창출한 순현금액을 의미합니다. 재무제표상 세금 공제 후 순이익에 감가상각비와 같은 비현금성 비용을 더하여 계산합니다. 기업의 실질적인 자금 흐름을 파악할 수 있어 재무 분석 시 중요한 지표로 활용됩니다.,미래에셋증권 증권용어사전,https://securities.miraeasset.com/hki/hki3028/r01.do
기업회계기준(business accounting standards),[],재무/회계,"기업회계기준은 기업이 재무제표를 작성할 때 따라야 하는 공통적인 회계 원칙과 규범입니다. 주식회사의 외부감사에 관한 법률 등에 근거하여 제정되었으며, 재무제표의 객관성과 통일성을 유지하는 역할을 합니다. 투자자가 기업의 재무제표나 공시를 볼 때 자산 평가나 손익 계산이 어떤 기준에 따라 이루어졌는지 확인하는 근거가 됩니다.",미래에셋증권 증권용어사전,https://securities.miraeasset.com/hki/hki3028/r01.do
기준가,[],ETF/펀드,기준가는 ETN의 이론적인 가치를 의미합니다. 기초지수의 변동과 제반 비용을 반영하여 산출됩니다. 주식 화면 등에서 현재 거래되는 가격이 이론적 가치와 비교해 어느 정도 수준인지 확인하는 용도로 사용됩니다.,KB증권 금융용어사전,https://www.kbsec.com/go.able?linkcd=m04110000
기준가격,[],ETF/펀드,"기준가격은 펀드나 ETF의 가치를 나타내는 가격으로, 매일 투자 성과에 따라 결정됩니다. 펀드를 새로 사거나 보유한 펀드를 해지할 때 거래의 기준이 되는 가격입니다. 시장 상황에 따라 매일 변동되므로 투자자가 현재 자산 가치를 확인하는 지표로 활용됩니다.",KB증권 금융용어사전,https://www.kbsec.com/go.able?linkcd=m04110000
기준금리,[],채권/금리/환율,"기준금리는 한국은행 금융통화위원회에서 결정하는 정책금리로, 한국은행과 금융기관 간 자금 거래의 기준이 됩니다. 환매조건부채권(RP) 매매나 대기성 여수신 등의 거래 시 적용되며 시장 금리의 지표가 됩니다. 일반적으로 금리가 오르면 주식시장에 부담이 되고 내리면 호재로 인식되지만, 경기 국면에 따라 기업 실적 개선과 함께 금리가 오르는 현상이 나타나기도 합니다. 또한 미국이나 중국 등 주요국의 금리 정책 변화도 국내 주식시장에 큰 영향을 미칩니다.",KB증권 금융용어사전,https://www.kbsec.com/go.able?linkcd=m04110000
기준일,[],공시/기업행위,"기준일은 증자, 배당, 결산 등 주주로서의 권리를 확정하기 위해 기준이 되는 날짜입니다. 이 날짜를 기준으로 해당 권리를 가질 수 있는 주주인지가 결정됩니다. 주로 공시나 기업 행위 관련 화면에서 권리 발생 시점을 설명할 때 사용됩니다.",KB증권 금융용어사전,https://www.kbsec.com/go.able?linkcd=m04110000
기준환율,[],채권/금리/환율,"기준환율은 자국 통화와 여러 외국 통화 간의 환율을 결정할 때 기준이 되는 환율을 의미합니다. 우리나라에서는 원/달러 환율이 기준환율로 쓰이며, 원/엔이나 원/유로 등 다른 통화의 환율은 이를 기초로 산출됩니다. 글로벌 달러화의 흐름은 국내 주식시장에 영향을 주는 주요 변수입니다. 외국인 투자자의 자금 유입이나 유출에 따라 원화 가치가 변동할 수 있어 주식 시장과 연계하여 분석하는 지표로 활용됩니다.",KB증권 금융용어사전,https://www.kbsec.com/go.able?linkcd=m04110000
기초자산,[],파생/구조화상품,"기초자산은 ELS나 DLS 같은 파생결합상품의 수익과 원금 상환 여부를 결정하는 기준이 되는 자산입니다. 주가지수나 개별 종목 등 다양한 자산이 기초자산으로 활용되며, 이 자산들의 가격 움직임에 따라 해당 상품의 최종 수익률이나 원금 손실 여부가 결정됩니다.",KB증권 금융용어사전,https://www.kbsec.com/go.able?linkcd=m04110000
기초자산 가격,[],파생/구조화상품,"기초자산 가격은 ELS나 DLS의 만기평가일에 거래소가 발표하는 기초자산의 종가를 의미합니다. 만기 시점에 상품의 상환 조건을 충족했는지 판단하는 기준 가격으로 쓰입니다. 거래소가 공식적으로 발표하는 종가를 기준으로 하므로, 해당 상품의 만기 상환 여부를 결정하는 핵심 지표가 됩니다.",KB증권 금융용어사전,https://www.kbsec.com/go.able?linkcd=m04110000
기초자산 산출 기관,[],파생/구조화상품,"기초자산 산출 기관은 파생상품이나 구조화상품의 기준이 되는 기초자산의 가격이나 지수를 계산하여 발표하는 기관입니다. 한국거래소(코스피200), 도쿄증권거래소(니케이225), 뉴욕증권거래소(S&P500) 등이 대표적인 예시입니다. 상품의 가치를 결정하는 기준 데이터를 제공하는 역할을 하므로 주로 상품 설명서나 공시 정보에서 확인할 수 있습니다.",KB증권 금융용어사전,https://www.kbsec.com/go.able?linkcd=m04110000
기초자산 영업일,[],파생/구조화상품,"기초자산 영업일은 기초자산과 관련된 모든 거래소가 운영되고 공식적으로 해당 날짜의 가격을 발표하는 날을 의미합니다. ELS나 DLS처럼 기초자산이 2개 이상인 상품의 경우, 관련된 모든 거래소가 문을 열고 가격을 발표해야 기초자산 영업일로 인정됩니다.",KB증권 금융용어사전,https://www.kbsec.com/go.able?linkcd=m04110000
기초지수,[],ETF/펀드,"기초지수는 주식, 원자재, 채권, 통화 등 다양한 자산의 가격 흐름을 나타내며, ETN과 같은 상품이 수익률의 기준으로 삼아 추종하는 지수입니다. 해당 상품이 어떤 자산의 성과를 바탕으로 움직이는지 보여주는 지표로 활용됩니다.",KB증권 금융용어사전,https://www.kbsec.com/go.able?linkcd=m04110000
기타 자본거래의 증여의제,[],재무/회계,"기타 자본거래의 증여의제는 합병, 증자, 감자 이외의 자본거래를 통해 특수관계인으로부터 이익을 얻은 경우, 이를 증여로 간주하여 세금을 부과하는 것을 뜻합니다. 주로 기업의 재무제표나 공시에서 특수관계인 간의 거래가 적정한 대가로 이루어졌는지 설명할 때 등장합니다. 거래 조건에 따라 과세 대상이 될 수 있으므로 기업의 자본 변동 내역을 파악할 때 참고할 수 있는 용어입니다.",미래에셋증권 증권용어사전,https://securities.miraeasset.com/hki/hki3028/r01.do
기타금융,[],수급/투자자,"기타금융은 은행, 보험, 투신 등 주요 금융기관을 제외한 나머지 금융기관이 투자에 참여했을 때의 투자주체를 뜻합니다. 주식 화면의 투자자별 매매동향에서 수급 주체 중 하나로 표시되며, 상호저축은행 등이 대표적인 예시입니다.",KB증권 금융용어사전,https://www.kbsec.com/go.able?linkcd=m04110000
기타법인,[],수급/투자자,"기타법인은 금융기관이나 공공기관에 해당하지 않는 나머지 법인을 뜻합니다. 주식 시장의 투자자별 매매동향에서 외국인, 기관, 개인과 구분되는 투자 주체로 표시됩니다. 주로 일반 기업이 주식을 거래할 때 이 항목으로 집계됩니다.",KB증권 금융용어사전,https://www.kbsec.com/go.able?linkcd=m04110000
기한이익상실,[],채권/금리/환율,"기한이익상실은 채무자가 대출금이나 채무를 만기까지 나누어 갚거나 나중에 갚을 수 있는 권리(기한이익)를 잃는 것을 뜻합니다. 주로 채무자의 신용 상태가 위태로워졌을 때 발생하며, 이 경우 채권자는 만기 전이라도 원금과 이자를 즉시 갚으라고 요구할 수 있습니다. 기업의 재무 건전성이나 공시를 확인할 때 중요한 지표로 쓰입니다.",미래에셋증권 증권용어사전,https://securities.miraeasset.com/hki/hki3028/r01.do
기회비용(opportunity cost),[],거시경제,"기회비용은 여러 대안 중 하나를 선택했을 때, 그 선택으로 인해 포기하게 된 다른 선택지의 가치를 의미합니다. 투자나 경제 활동에서 한정된 자원을 사용할 때, 어떤 선택을 함으로써 포기한 나머지 기회들을 비용으로 간주하는 개념입니다. 단순히 실제로 지출된 금액뿐만 아니라 포기한 기회의 가치까지 고려하여 판단할 때 사용됩니다.",미래에셋증권 증권용어사전,https://securities.miraeasset.com/hki/hki3028/r01.do
깃대형(flag formation),[],가격/차트,"깃대형은 주가가 급격하게 오르거나 내린 뒤, 좁은 폭에서 가격이 오르내리며 깃발 모양을 만드는 차트 패턴입니다. 주로 차트 분석에서 추세가 잠시 멈추거나 조정되는 지점을 포착할 때 활용합니다. 패턴이 만들어지는 동안에는 거래량이 줄어들고 형성 기간이 비교적 짧은 것이 특징입니다. 상승 추세에서는 깃대를 바로 세운 모양으로, 하락 추세에서는 거꾸로 세운 모양으로 나타나며 이전의 추세 변화를 파악하는 근거가 됩니다.",미래에셋증권 증권용어사전,https://securities.miraeasset.com/hki/hki3028/r01.do
낙아웃(Knock-Out),[],파생/구조화상품,"낙아웃(Knock-Out)은 원금지급형 상품 등에서 기초자산의 가격이 일정 조건 이상으로 상승할 때, 기존의 수익 구조가 사라지고 수익률이 확정되는 구간을 의미합니다. 주로 파생결합상품의 수익 구조를 설명하는 공시나 리포트에서 사용됩니다. 낙아웃 조건의 달성 여부에 따라 최종 수익률이 달라질 수 있으므로 상품의 상세 조건을 확인하는 것이 중요합니다.",iM증권 금융용어사전,https://www.imfnsec.com/research/financial_guide/fg000000.jsp
낙인(Knock-In),[],파생/구조화상품,낙인(Knock-In)은 원금비보장형 상품에서 원금 손실이 발생할 수 있는 조건을 뜻합니다. 상품의 평가 기간 중 기초자산의 가격이 한 번이라도 정해진 기준선(KI 베리어) 미만으로 하락하면 원금 손실 가능성이 생기게 됩니다. 주로 파생결합상품의 구조와 위험 요소를 설명할 때 사용되는 용어입니다.,iM증권 금융용어사전,https://www.imfnsec.com/research/financial_guide/fg000000.jsp
납입기일,[],공시/기업행위,"납입기일은 유상증자 시 신주를 배정받은 투자자가 주식 대금을 발행회사에 입금해야 하는 날입니다. 모든 형태의 유상증자 공시에서 확인할 수 있는 주요 일정으로, 대금 납입을 마친 투자자는 납입기일 다음 날부터 정식으로 주주가 됩니다.",미래에셋증권 증권용어사전,https://securities.miraeasset.com/hki/hki3028/r01.do
납입자본이익률 (return on paid-in capital),[],투자지표/밸류에이션,"납입자본이익률은 납입자본금에 대한 연간 세후순이익의 비율로, 회사의 수익력을 측정하는 지표입니다. 주로 기업의 배당 능력을 확인하기 위해 활용하며, 재무제표 분석 시 배당률과 비교하여 살펴봅니다. 납입자본이익률이 배당률보다 높을수록 기업의 배당 증가 여력이나 증자 여력이 충분하다고 볼 수 있습니다.",미래에셋증권 증권용어사전,https://securities.miraeasset.com/hki/hki3028/r01.do
납회 (the final session of the year),[],시장/상장,"납회는 증권거래소에서 한 해의 마지막 주식 매매가 이루어지는 날을 의미합니다. 본래 매일 또는 매월의 마지막 거래를 뜻하기도 하지만, 통상적으로는 1년 중 가장 마지막 거래일을 가리키는 용어로 사용됩니다. 주식 시장의 연간 운영 일정을 확인하거나 연말 거래 마감 소식을 접할 때 주로 쓰이는 표현입니다.",미래에셋증권 증권용어사전,https://securities.miraeasset.com/hki/hki3028/r01.do
내가격,[],파생/구조화상품,"내가격은 옵션거래에서 권리를 행사했을 때 이익이 발생하는 상태를 의미합니다. 콜옵션은 기초자산의 현재가격이 행사가격보다 높은 경우, 풋옵션은 현재가격이 행사가격보다 낮은 경우를 말합니다. 즉각적으로 권리를 행사한다고 가정하면 이익을 얻을 수 있는 상태를 나타내며, 옵션의 가치를 판단하는 주요 기준으로 활용됩니다.",미래에셋증권 증권용어사전,https://securities.miraeasset.com/hki/hki3028/r01.do
내국민대우 (national treatment),[],거시경제,"내국민대우는 한 국가가 외국인이나 외국 기업에 대해 자국민과 동일한 권리와 의무를 부여하는 원칙입니다. 주로 세금 부과, 재판, 계약, 재산권 보호 등 경제 활동 전반에 적용됩니다. 국제 통상 질서의 핵심 원칙 중 하나로 꼽히지만, 최근 국가 간 통상 협상 과정에서 적용 범위나 한계가 논의되기도 합니다.",미래에셋증권 증권용어사전,https://securities.miraeasset.com/hki/hki3028/r01.do
내국환 (domestic exchange),[],채권/금리/환율,"내국환은 국내에서 이루어지는 환거래를 의미합니다. 국가 간의 대차를 결제하는 외국환과 대비되는 개념으로, 국내 금융기관을 통해 자금을 주고받는 거래를 뜻합니다. 주로 국내 자금 흐름이나 금융 시스템을 설명하는 맥락에서 사용됩니다.",미래에셋증권 증권용어사전,https://securities.miraeasset.com/hki/hki3028/r01.do
"내로 마켓(narrow market, thin market)",[],가격/차트,내로 마켓은 거래량이 적거나 거래가 활발하지 않은 시장 상태를 뜻합니다. 매수와 매도 주문이 충분하지 않아 적은 거래량으로도 주가가 민감하게 변동할 수 있는 특징이 있습니다. 주로 뉴스나 리포트에서 특정 종목이나 시장의 유동성이 부족한 상황을 설명할 때 사용됩니다.,미래에셋증권 증권용어사전,https://securities.miraeasset.com/hki/hki3028/r01.do
내부감사 (internal audit),[],재무/회계,"내부감사는 기업 내부의 감사담당자가 조직의 내부통제 시스템을 평가하고 회계 및 경영 기록 전반을 검토하는 활동입니다. 경영 관리의 효율성을 높이고 회계 기록의 정확성을 확보하여 기업 자산을 보호하는 것을 목적으로 합니다. 회계 영역에 국한되지 않고 경영 활동 전반을 광범위하게 다루며, 외부감사인이 감사를 원활히 수행할 수 있도록 협력하는 역할도 수행합니다.",미래에셋증권 증권용어사전,https://securities.miraeasset.com/hki/hki3028/r01.do
내부금융 (internal financing),[],재무/회계,"내부금융은 기업이 필요한 자금을 외부에서 빌리지 않고 기업 내부에서 스스로 충당하는 것을 뜻합니다. 주로 재무제표나 기업 분석 리포트에서 자금 조달 방식을 설명할 때 쓰입니다. 내부유보금이나 감가상각적립금처럼 기업 내부에 쌓아둔 자금이 활용되며, 외부에서 자금을 조달하는 외부금융과 대비되는 개념입니다.",미래에셋증권 증권용어사전,https://securities.miraeasset.com/hki/hki3028/r01.do
내부수익률법 (internal rate of return method),[],투자지표/밸류에이션,"내부수익률법은 투자로 인해 발생하는 현금흐름의 현재가치와 투자 금액을 같게 만드는 할인율(내부수익률)을 구해 투자 가치를 평가하는 방법입니다. 산출된 내부수익률을 자본비용과 비교하여 투자 여부를 검토하는 의사결정 기법으로 활용됩니다. 기업의 설비투자 같은 실물투자뿐만 아니라, 포트폴리오의 투자 성과를 사후적으로 측정하고 평가할 때도 사용됩니다.",미래에셋증권 증권용어사전,https://securities.miraeasset.com/hki/hki3028/r01.do
내부요인 (internal factor),[],수급/투자자,"내부요인은 주가에 영향을 주는 요인 중 시장 내부의 수급이나 심리와 관련된 요인을 뜻합니다. 정치, 경제, 기업 실적 같은 외부 요인 외에 시장의 인기, 수급 관계, 신용거래 동향, 기관투자가의 매매 동향 등이 포함됩니다. 주가는 이러한 내부요인에 의해 수급 균형이 바뀌며 변동할 수 있습니다.",미래에셋증권 증권용어사전,https://securities.miraeasset.com/hki/hki3028/r01.do
내부유보 (retained earnings),[],재무/회계,"내부유보는 기업이 벌어들인 이익 중 배당 등으로 사외에 유출하지 않고 기업 내부에 쌓아둔 자금을 말합니다. 재무제표상 이익잉여금이나 각종 적립금 등이 이에 해당하며, 넓게는 감가상각비나 충당금도 포함됩니다. 기업은 이 자금을 사업 규모 확대나 신규 사업 진출, 설비 투자 등을 위한 재원으로 활용합니다.",미래에셋증권 증권용어사전,https://securities.miraeasset.com/hki/hki3028/r01.do
내부자 거래,[],공시/기업행위,"내부자 거래는 상장 기업의 주요 주주나 임직원이 자기 회사의 주식을 매매하는 행위입니다. 일반 투자자보다 회사 정보를 빠르게 접할 수 있는 위치를 이용해 불공정한 거래를 일으킬 우려가 있어 법으로 금지하고 있습니다. 위반 시에는 해당 거래로 얻은 차익을 기업에 반환해야 하며, 관련 법에 따라 벌금이나 징역 등의 처벌을 받을 수 있습니다.",미래에셋증권 증권용어사전,https://securities.miraeasset.com/hki/hki3028/r01.do
내외금리차,[],채권/금리/환율,"내외금리차는 우리나라의 금리와 다른 나라의 금리 사이의 차이를 뜻합니다. 국가 간 자금 이동에 큰 영향을 주며, 주로 경제 뉴스나 리포트에서 거시 경제 흐름을 설명할 때 사용됩니다. 금리가 더 높은 곳으로 자금이 이동하는 경향이 있어, 금리 차이에 따라 투자 자금의 유입이나 유출이 발생하거나 수출입 기업의 자금 조달 방식에 변화가 생길 수 있습니다.",미래에셋증권 증권용어사전,https://securities.miraeasset.com/hki/hki3028/r01.do
내용년수 (durable years),[],재무/회계,"내용년수는 기업이 취득한 고정자산을 정상적인 상태에서 얼마나 오랫동안 유용하게 사용할 수 있는지 추정한 기간입니다. 시간이나 생산량 등으로 측정하며, 기업의 재무제표에서 자산 가치를 배분하는 기준이 됩니다. 정확한 기간을 미리 알기 어렵기 때문에 경제적 사용연수를 추정하거나 세법에서 정한 기준을 활용하기도 합니다.",미래에셋증권 증권용어사전,https://securities.miraeasset.com/hki/hki3028/r01.do
내재가치 (intrinsic value),[],투자지표/밸류에이션,"내재가치는 기업의 본질적인 가치를 의미하며, 미래에 기대되는 현금흐름을 현재 가치로 환산하여 구합니다. 재무제표 분석이나 기업 리포트에서 현재 주가와 비교할 때 자주 쓰이는 개념입니다. 내재가치가 시장가격보다 높거나 낮다고 해서 주가가 반드시 그 방향으로 움직이는 것은 아니므로 투자 시 유의해야 합니다.",미래에셋증권 증권용어사전,https://securities.miraeasset.com/hki/hki3028/r01.do
내재변동성,[],파생/구조화상품,내재변동성은 옵션의 시장 가격을 바탕으로 역산하여 도출한 기초자산의 가격 변동성입니다. 블랙-숄즈(Black-Scholes)와 같은 옵션 가격 결정 모형을 이용해 현재 시장에서 거래되는 옵션 가격에 반영된 미래 변동성 수준을 추정할 때 사용합니다. 산출 방식에 따라 등가격 내재변동성 추정이나 여러 학술적 방법들이 활용될 수 있습니다.,미래에셋증권 증권용어사전,https://securities.miraeasset.com/hki/hki3028/r01.do
네거티브 리스트(negative list),[],거시경제,"네거티브 리스트는 원칙적으로 수입을 자유화하고, 예외적으로 수입을 제한하거나 금지하는 품목만 목록에 나열하는 방식입니다. 수입이 허용되는 품목만 나열하는 포지티브 리스트와 반대되는 개념으로, 주로 무역이나 규제 관련 경제 뉴스에서 정책의 방향성을 설명할 때 사용됩니다.",미래에셋증권 증권용어사전,https://securities.miraeasset.com/hki/hki3028/r01.do
네고(nego;negotiation),[],채권/금리/환율,"네고(Nego)는 수출업자가 물건을 선적한 후 상업송장, 선하증권 등 관련 서류와 환어음을 은행에 제시하고, 은행이 이를 매입하는 것을 말합니다. 수출 기업이 수출 대금을 회수하는 과정에서 발생하며, 주로 환율이나 무역 금융 관련 뉴스에서 언급됩니다. 은행이 서류와 환어음을 사들임으로써 수출업자의 대금 회수가 이루어지게 됩니다.",미래에셋증권 증권용어사전,https://securities.miraeasset.com/hki/hki3028/r01.do
네이키드 옵션(naked option),[],파생/구조화상품,"네이키드 옵션은 옵션을 행사할 때 인도해야 할 기초자산을 보유하지 않은 상태에서 발행하는 옵션을 뜻합니다. 콜옵션을 발행하는 경우를 네이키드 콜, 풋옵션을 발행하는 경우를 네이키드 풋 또는 언커버드 옵션이라고 부릅니다. 기초자산을 미리 확보하지 않은 채 거래가 이루어지는 파생상품의 한 형태입니다.",미래에셋증권 증권용어사전,https://securities.miraeasset.com/hki/hki3028/r01.do
네이키드 포지션(naked position),[],파생/구조화상품,네이키드 포지션은 시장 위험에 대비한 헤지(위험 회피) 수단을 갖추지 않은 채 유가증권을 보유한 상태를 뜻합니다. 예를 들어 옵션 거래 시 위험을 상쇄할 수 있는 반대 포지션을 취하지 않는 경우를 말합니다. 위험을 분산하지 않았기 때문에 헤지된 포지션에 비해 손익 변동의 폭이 큰 것이 특징입니다.,미래에셋증권 증권용어사전,https://securities.miraeasset.com/hki/hki3028/r01.do
네팅(netting),[],거래/주문/결제,"네팅은 둘 이상의 거래자 사이에서 서로 결제해야 할 채권과 채무를 상계 처리하는 계약을 뜻합니다. 거래 당사자 간의 총채권과 채무를 소액의 순채권·채무로 바꾸거나, 상계하고 남은 차액만을 결제하는 방식으로 이루어집니다. 이를 적절히 활용하면 거래 과정에서 발생하는 신용리스크와 결제리스크를 줄일 수 있으나, 국가별 법률 체계나 파산법 등에 따라 법적 유효성이 달라질 수 있다는 점에 유의해야 합니다.",미래에셋증권 증권용어사전,https://securities.miraeasset.com/hki/hki3028/r01.do
년환산수익률,[],채권/금리/환율,"년환산수익률은 특정 기간 동안 채권 투자로 얻은 수익을 1년 기준으로 환산한 수익률입니다. 투자 기간이 서로 다른 채권 상품의 성과를 동일한 시간 단위에서 비교할 때 주로 사용합니다. 실제 투자 기간이 1년이 아니더라도 1년 동안 투자했을 때를 가정하여 계산한 수치이므로, 실제 수익금과는 차이가 있을 수 있습니다.",KB증권 금융용어사전,https://www.kbsec.com/go.able?linkcd=m04110000
노 마진(no margin),[],채권/금리/환율,노 마진(no margin)은 수입업자가 현금(원화)을 미리 쌓아두지 않고 금융기관의 지급보증만으로 수입신용장(L/C)을 개설할 수 있는 제도입니다. 주로 수출용 원자재 수입 등 외화 획득 사업에 대해 원화 적립 부담을 덜어주는 간접적인 금융 지원 목적으로 활용됩니다. 신용장 개설 시 금액 전부를 적립하는 '풀 마진(full margin)'이나 일부만 적립하는 '파셜 마진(partial margin)'과 구분되는 개념입니다.,미래에셋증권 증권용어사전,https://securities.miraeasset.com/hki/hki3028/r01.do
노동생산성(labor productivity),[],거시경제,"노동생산성은 투입된 노동량과 그 결과로 얻어진 생산량 사이의 비율을 의미합니다. 보통 생산에 투입된 총 노동시간 대비 생산물의 중량이나 길이 등으로 산정하며, 부가가치를 기준으로 계산하기도 합니다. 거시경제 지표나 산업 리포트에서 기업 또는 산업의 효율성을 파악할 때 활용됩니다.",미래에셋증권 증권용어사전,https://securities.miraeasset.com/hki/hki3028/r01.do
노동생산성지수(labor productivity index),[],거시경제,"노동생산성지수는 노동자 1인당 산출량이 얼마나 되는지를 지수로 나타낸 지표입니다. 한국생산성본부가 분기마다 발표하며, 지수가 높아졌다는 것은 기술 혁신이나 근로자의 숙련도 향상 등으로 생산 효율이 좋아졌음을 의미합니다. 국내총생산(GDP)을 상용종업원 수로 나누어 산출하는 부가가치 노동생산성지수가 대표적이며, 주로 노사 간 임금 협상의 주요 근거로 활용됩니다.",미래에셋증권 증권용어사전,https://securities.miraeasset.com/hki/hki3028/r01.do
노동소득분배율,[],거시경제,노동소득분배율은 총소득에서 노동의 대가인 노동소득이 차지하는 비율을 의미합니다. 소득 분배 과정에서 근로자가 가져가는 몫이 어느 정도인지 나타내는 지표로 활용됩니다. 거시경제 뉴스나 리포트에서 국가의 소득 분배 구조를 설명할 때 주로 사용됩니다.,미래에셋증권 증권용어사전,https://securities.miraeasset.com/hki/hki3028/r01.do
노동장비율(laber equipment ratio),[],재무/회계,"노동장비율은 유형고정자산을 노동자 수로 나누어 계산한 지표입니다. 기업이 노동자 한 명당 어느 정도의 설비나 장비를 갖추고 있는지를 보여줍니다. 이 비율이 높을수록 노동력을 기계나 설비로 대체하는 노동절약적 성격이 강하며, 주로 중화학공업에서 높게 나타나고 경공업에서는 낮게 나타나는 경향이 있습니다.",미래에셋증권 증권용어사전,https://securities.miraeasset.com/hki/hki3028/r01.do
노동집약도,[],거시경제,노동집약도는 산출물 1단위를 생산하는 데 투입되는 노동력의 비율을 뜻합니다. 주로 산업의 특성이나 기업의 생산 효율성을 분석하는 맥락에서 쓰입니다. 일반적으로 노동집약도를 낮추는 것은 생산성을 높이고 산업 구조를 고도화하는 과정으로 해석됩니다.,미래에셋증권 증권용어사전,https://securities.miraeasset.com/hki/hki3028/r01.do
노령인구지수,[],거시경제,노령인구지수는 유년인구(0~14세) 대비 노령인구(65세 이상)의 비율을 지수로 나타낸 지표입니다. 한 국가의 인구 구조가 얼마나 고령화되었는지 파악할 때 사용합니다. 주로 거시경제 뉴스나 리포트에서 인구 구조 변화가 경제에 미치는 영향을 분석하는 맥락에서 활용됩니다.,미래에셋증권 증권용어사전,https://securities.miraeasset.com/hki/hki3028/r01.do
노로드 펀드(no-load fund),[],ETF/펀드,"노로드 펀드는 펀드를 사거나 팔 때 별도의 판매수수료나 해약수수료를 투자자에게 징수하지 않는 투자신탁을 말합니다. 일반적인 펀드는 운용 보수와 별개로 수수료가 발생하는 경우가 많지만, 노로드 펀드는 이러한 비용 부담이 없는 것이 특징입니다. 미국의 MMF나 일본의 중기국채펀드 등이 대표적인 예시로 언급됩니다.",미래에셋증권 증권용어사전,https://securities.miraeasset.com/hki/hki3028/r01.do
노마진 변동금리채(no margin FRN),[],채권/금리/환율,"노마진 변동금리채는 기준금리에 별도의 가산금리(스프레드)를 더하지 않고 기준금리만큼만 이자를 지급하는 변동금리채권입니다. 일반적인 변동금리채가 기준금리에 일정 금리를 추가로 얹어 지급하는 방식인 것과 대조적입니다. 리보(LIBOR)와 같은 기준금리를 그대로 지급 금리로 채택하며, 채권 발행 조건이나 금리 체계를 설명하는 공시 및 리포트에서 볼 수 있습니다.",미래에셋증권 증권용어사전,https://securities.miraeasset.com/hki/hki3028/r01.do
논뱅크 딜러(Non Bank Dealer),[],채권/금리/환율,"논뱅크 딜러는 미국 정부 증권을 장외에서 취급하는 은행 이외의 딜러, 즉 증권회사를 뜻합니다. 뉴욕연방은행이나 상업은행 등과 중개 거래를 담당하며, 정부 증권 입찰 시 예탁금 면제나 연방은행과의 환매계약 체결 등의 혜택을 받기도 합니다. 대신 연방공개시장조작을 담당하는 뉴욕연방은행에 중요한 시장 정보를 제공할 의무가 있습니다.",미래에셋증권 증권용어사전,https://securities.miraeasset.com/hki/hki3028/r01.do
농산물가격지지제도(farm-price-support system),[],거시경제,"농산물가격지지제도는 농산물 가격이 공급 과잉이나 소비 부진으로 급락했을 때, 정부가 생산자의 손실을 막기 위해 농가가 받는 가격을 일정 수준으로 보장하는 제도입니다. 주로 거시경제 뉴스나 물가 관련 리포트에서 농산물 수급 조절 및 가격 안정화 정책을 설명할 때 사용됩니다. 시장 상황에 따른 가격 변동 위험으로부터 생산자를 보호하는 장치로 해석할 수 있습니다.",미래에셋증권 증권용어사전,https://securities.miraeasset.com/hki/hki3028/r01.do
뇌동매매,[],거래/주문/결제,뇌동매매는 투자자가 주가 흐름에 대한 뚜렷한 주관 없이 시장의 인기나 다른 투자자의 움직임에 휩쓸려 주식을 사고파는 행위를 뜻합니다. 주로 시장 분위기에 편승하는 매매 행태를 설명할 때 쓰입니다. 이러한 매매가 집중되면 주가가 급격히 오르거나 내리는 등 시장 변동성이 커지는 원인이 되기도 합니다.,미래에셋증권 증권용어사전,https://securities.miraeasset.com/hki/hki3028/r01.do
누적적 우선주(cumulative preferred stock),[],배당/주주환원,"누적적 우선주는 기업이 실적 악화 등으로 배당금을 지급하지 못했을 때, 그 미지급된 배당금을 다음 결산기에 합쳐서 받을 수 있는 권리가 있는 우선주입니다. 배당금이 다음으로 이월되어 누적된다는 특징이 있습니다. 이와 달리 당해 연도에 배당을 받지 못하면 그 권리가 소멸하여 다음으로 넘어가지 않는 주식은 비누적적 우선주라고 부릅니다.",미래에셋증권 증권용어사전,https://securities.miraeasset.com/hki/hki3028/r01.do
누적채무의주식화(debt-equityswap),[],공시/기업행위,"누적채무의주식화는 채권자가 보유한 채무를 주식으로 전환하여 자본화하는 것을 말합니다. 주로 개발도상국의 부채 문제를 해결하기 위해 활용되며, 채권자는 채무를 주식으로 바꾸어 보유하고 채무국은 빚을 줄이는 효과를 얻습니다. 기업이 채권을 사서 현지 주식으로 전환함으로써 자금을 조달하거나 재무 구조를 개선하는 목적으로 쓰이며, 주로 관련 뉴스나 리포트에서 언급됩니다.",미래에셋증권 증권용어사전,https://securities.miraeasset.com/hki/hki3028/r01.do
누적투자(accumulative investment),[],거래/주문/결제,"누적투자는 소액의 자금을 정기적으로 증권회사에 적립하여 일정한 금액이 되면 주식, 채권, 투자신탁 등에 투자하는 방법입니다. 계속 투자 또는 월부투자(MIP)라고도 불리며, 소규모 자금을 꾸준히 모아 투자할 때 주로 활용되는 방식입니다.",미래에셋증권 증권용어사전,https://securities.miraeasset.com/hki/hki3028/r01.do
누진세(progressive tax),[],거시경제,"누진세는 세금을 매기는 기준인 과세표준이 커질수록 더 높은 세율을 적용하는 방식입니다. 과세표준의 크기와 상관없이 일정한 세율을 적용하는 비례세와 대비되는 개념입니다. 소득세, 상속세, 증여세 등이 대표적이며, 소득 재분배 효과가 크다는 특징이 있습니다.",미래에셋증권 증권용어사전,https://securities.miraeasset.com/hki/hki3028/r01.do
뉴메레르(numeraire),[],채권/금리/환율,"뉴메레르(numeraire)는 여러 상품의 가치를 비교하거나 교환비율을 정할 때 척도가 되는 기준 상품을 뜻합니다. 국제금융 시장에서 각국 통화의 가치를 매길 때 기준이 되는 금이나 미 달러화, 복합통화단위(SDR, ECU) 등이 대표적인 예입니다. 기준이 된다는 점 외에는 다른 상품과 동일한 성격을 가지며, 환율이나 거시경제 지표를 설명하는 맥락에서 주로 사용됩니다.",미래에셋증권 증권용어사전,https://securities.miraeasset.com/hki/hki3028/r01.do
뉴욕금융시장,[],거시경제,"뉴욕금융시장은 달러가 국제통화로서 지위를 확보하며 발전한 세계적인 금융시장입니다. 페더럴 펀드(Federal Fund), 은행인수어음(BA), 기업어음(CP), 정부단기증권(TB) 등 다양한 단기금융시장이 모여 있는 것이 특징입니다. 미국 내 자금 수요를 충당할 뿐만 아니라, 국제적인 무역 금융 조달이나 단기 자금 운용의 장으로 활용되는 거시경제의 핵심 시장입니다.",미래에셋증권 증권용어사전,https://securities.miraeasset.com/hki/hki3028/r01.do
뉴욕선물거래소(New York Futures Exchange),[],파생/구조화상품,"뉴욕선물거래소는 뉴욕증권거래소(NYSE)가 금융선물거래를 전문적으로 수행하기 위해 1979년에 설립한 선물거래소입니다. 시카고 시장에 대응하기 위해 설립되었으며, NYSE 종합주가지수 선물과 선물옵션 등의 상품을 취급하며 거래를 시작했습니다.",미래에셋증권 증권용어사전,https://securities.miraeasset.com/hki/hki3028/r01.do
뉴욕연방자금시장(federal fund market),[],채권/금리/환율,"뉴욕연방자금시장은 미국의 연방준비제도 가맹은행들이 법정지불준비금의 과부족을 조절하기 위해 서로 자금을 거래하는 시장입니다. 우리나라의 콜시장과 유사한 역할을 하며, 의무적으로 보유해야 하는 준비금보다 많은 잔고를 가진 은행이 부족한 은행에 자금을 빌려주는 방식으로 운영됩니다. 주로 금리나 거시경제 관련 뉴스에서 미국의 단기 자금 흐름을 설명할 때 언급됩니다.",미래에셋증권 증권용어사전,https://securities.miraeasset.com/hki/hki3028/r01.do
뉴욕증권거래소(NewYork Stock Exchange ; NYSE),[],시장/상장,"뉴욕증권거래소(NYSE)는 미국 뉴욕 월가에 위치한 세계 최대 규모의 증권거래소입니다. 미국 주식 거래의 상당 부분을 차지하는 대표적인 시장으로, 주식과 채권이 모두 거래됩니다. 이곳에 상장된 보통주 전체의 시가총액을 가중치로 하여 산출하는 '뉴욕증권거래소 주가지수'는 다우존스, S&P 지수와 함께 미국 증시의 흐름을 보여주는 주요 지표로 활용됩니다.",미래에셋증권 증권용어사전,https://securities.miraeasset.com/hki/hki3028/r01.do
니케이 평균주가지수(Nikkei Stock Average Index),[],가격/차트,"니케이 평균주가지수는 일본경제신문사가 산출하여 발표하는 일본의 대표적인 주가지수입니다. 도쿄증권거래소에 상장된 종목 중 유동성이 높은 225개 종목을 대상으로 하며, 각 종목의 주가를 합산하여 나누는 가격가중평균 방식을 사용합니다. 유무상증자나 종목 교체 시 산출 공식을 조정하여 지수의 연속성을 유지하므로, 일본 증시의 장기적인 흐름을 파악하는 지표로 활용됩니다.",미래에셋증권 증권용어사전,https://securities.miraeasset.com/hki/hki3028/r01.do
다우 이론,[],가격/차트,"다우 이론은 주식시장의 중장기적인 추세를 예측하기 위해 고안된 기술적 분석 이론입니다. 주가 흐름을 주 동향(대세), 2차 동향, 일일 동향의 세 가지 단계로 나누어 분석하며, 이 중 시장의 큰 흐름인 주 동향을 파악하는 것을 가장 중요하게 여깁니다. 차트 분석이나 시장의 전반적인 방향성을 판단할 때 기초적인 틀로 활용됩니다.",미래에셋증권 증권용어사전,https://securities.miraeasset.com/hki/hki3028/r01.do
다우 존스 주가평균(The Dow Jones Average),[],가격/차트,"다우 존스 주가평균은 미국의 대표적인 기업들을 선정하여 주가 흐름을 보여주는 지수입니다. 공업, 운송, 공공 부문별로 우량 종목을 선정해 주가 평균을 산출하며, 주식분할이나 증자 등이 발생하면 항상제수를 수정해 지수의 연속성을 유지합니다. 시가총액이 아닌 주가 기준으로 계산하므로 주가가 높은 특정 종목의 영향을 많이 받을 수 있고, 종목 수가 적어 시장 전체의 동향을 완벽히 반영하기 어렵다는 한계가 있습니다.",미래에셋증권 증권용어사전,https://securities.miraeasset.com/hki/hki3028/r01.do
다우이론(Dow theory),[],가격/차트,"다우이론은 주가 변동을 기간에 따라 소추세, 중기추세, 주추세로 구분하여 시장의 흐름을 판단하는 방법입니다. 중기추세의 움직임을 분석해 장기적인 주추세를 예측하는 데 주로 활용됩니다. 중기추세의 고점이 이전 주추세의 고점을 넘지 못하면 하향 국면으로, 중기추세의 저점이 이전 주추세의 저점보다 높으면 상승 국면으로 해석하기도 합니다. 다만 추세 간의 구분이 명확하지 않을 수 있고, 추세 반전 신호가 실제보다 늦게 나타날 수 있다는 한계가 있습니다.",미래에셋증권 증권용어사전,https://securities.miraeasset.com/hki/hki3028/r01.do
다이렉트 어음(direct paper),[],채권/금리/환율,"다이렉트 어음은 기업이 상업어음(CP)을 발행할 때 전문 중개인(딜러)을 거치지 않고 투자자에게 직접 판매하는 방식입니다. 딜러를 통해 발행하는 '딜러 어음'과 구분되는 개념으로, 발행 기업 입장에서는 수수료 비용을 절감할 수 있고 금리가 상대적으로 낮다는 특징이 있습니다. 주로 발행 규모가 큰 대형 금융회사 등이 기관투자자를 대상으로 자금을 조달할 때 이 방식을 사용합니다.",미래에셋증권 증권용어사전,https://securities.miraeasset.com/hki/hki3028/r01.do
다중머리어깨모형(multipleheadand shoulder patterns),[],가격/차트,"다중머리어깨모형은 주가 차트 분석에서 머리어깨모형이 변형되어 여러 개의 어깨와 머리가 나타나는 형태를 말합니다. 일반적인 삼봉형보다 형성 기간이 길어 추세 반전이 비교적 완만하게 진행되는 특징이 있습니다. 모형의 대칭성이 강하게 나타나며, 차트 화면에서 주가 흐름의 변화를 파악할 때 활용됩니다.",미래에셋증권 증권용어사전,https://securities.miraeasset.com/hki/hki3028/r01.do
다지수모형(multi-index model) (multipleheadand shoulder patterns),[],투자지표/밸류에이션,"다지수모형은 주식이나 포트폴리오의 수익률 변동을 시장 지수뿐만 아니라 산업생산, 물가, 통화량 등 여러 공통 요인과의 관계를 통해 분석하는 방법입니다. 시장 전체의 움직임만을 고려하는 단일지수모형과 달리, 수익률에 영향을 주는 다양한 경제 변수들을 함께 고려하여 위험과 수익을 더 세밀하게 파악하고자 할 때 사용합니다. 각 요인에 대한 수익률의 민감도를 계산하여 분석하며, 주로 전문적인 투자 리포트나 포트폴리오 전략을 설명하는 맥락에서 활용됩니다.",미래에셋증권 증권용어사전,https://securities.miraeasset.com/hki/hki3028/r01.do
단기 예측,[],가격/차트,"단기 예측은 예측 기준 기간이 아주 짧은 주가 예측을 뜻하며, 보통 1개월 이내의 주가 흐름을 내다보는 것을 말합니다. 가격 차트 분석이나 리포트 등에서 가까운 시일 내의 주가 변동을 설명할 때 주로 쓰입니다. 예측 기간이 짧은 만큼 시장 상황에 따라 변동성이 클 수 있다는 점을 고려해야 합니다.",미래에셋증권 증권용어사전,https://securities.miraeasset.com/hki/hki3028/r01.do
단기금융시장 헤지,[],채권/금리/환율,"단기금융시장 헤지는 환율 변동에 따른 위험을 피하기 위해 단기금융시장을 이용하는 방식입니다. 선물환을 이용한 헤지와 목적은 같으나, 비용이 선물환율이 아닌 국가 간 금리 차이에 의해 결정된다는 차이가 있습니다. 시장의 비효율성으로 인해 발생하는 비용 차이를 이용하는 방법으로, 주로 기업의 환위험 관리나 리포트 등에서 언급됩니다.",미래에셋증권 증권용어사전,https://securities.miraeasset.com/hki/hki3028/r01.do
단기금융시장(money market),[],채권/금리/환율,"단기금융시장은 만기가 1년 미만인 금융자산이 거래되는 시장을 말합니다. 화폐시장이라고도 불리며 콜시장, 재정증권시장, 어음시장, 환매채(RP) 시장 등이 여기에 해당합니다. 장기금융시장이 원활하게 연계되어 전체 금융시장이 효율적으로 작동하도록 돕는 역할을 합니다.",미래에셋증권 증권용어사전,https://securities.miraeasset.com/hki/hki3028/r01.do
단기금융집합투자기구(MMF),[],ETF/펀드,"단기금융집합투자기구(MMF)는 자산 전부를 단기채권, CD, CP, 콜 상품 같은 단기금융상품에 투자하는 펀드입니다. 수시로 입출금이 가능하기 때문에 투자자들이 일시적인 여유자금을 운용할 때 주로 활용합니다.",iM증권 금융용어사전,https://www.imfnsec.com/research/financial_guide/fg000000.jsp
단기매매전략,[],가격/차트,"단기매매전략은 주가의 단기적인 상승과 하락을 예측하여 짧은 기간 안에 수익을 내고자 하는 방식입니다. 중장기적인 추세와 상관없이 가격 변동을 이용해 수익을 얻는 것을 목표로 합니다. 다만, 주가의 단기 변동은 규칙성이 부족해 예측이 매우 어렵고 위험성이 크다는 점을 유의해야 합니다.",미래에셋증권 증권용어사전,https://securities.miraeasset.com/hki/hki3028/r01.do
단기면세기금(short-term tax-exempt funds ; STEF),[],ETF/펀드,"단기면세기금(STEF)은 투자수익에 대해 면세 혜택을 받을 수 있는 단기투자신탁 상품입니다. 미국의 MMF와 유사한 구조를 가지며, 주로 연방소득세가 면제되는 주정부나 지방정부의 채권에 투자하여 수익을 얻는 것이 특징입니다. 세금 부담을 줄이려는 고소득 투자자들이 주로 활용하며, 기금의 운용 수익은 투자자에게 배당 형태로 지급됩니다.",미래에셋증권 증권용어사전,https://securities.miraeasset.com/hki/hki3028/r01.do
단기무역신용,[],거시경제,단기무역신용은 수입업자가 물품을 받은 뒤 일정 기간이 지나서 대금을 결제하는 외상 거래 방식입니다. 크게 은행이 대금 지급을 보증하는 기한부신용장(Usance L/C) 방식과 은행 보증 없이 수출업자가 수입업자에게 직접 신용을 제공하는 무신용장 인도인수(D/A) 방식으로 나뉩니다. D/A 방식은 은행의 보증이 없으므로 수출업자가 대금을 회수하지 못할 위험이 상대적으로 큽니다.,미래에셋증권 증권용어사전,https://securities.miraeasset.com/hki/hki3028/r01.do
단기채(short-term bond),[],채권/금리/환율,"단기채는 상환기한이 대체로 1~2년 이하인 채권을 뜻합니다. 발행 시점의 만기가 짧은 채권뿐만 아니라, 원래 만기가 길었더라도 유통시장에서 거래될 때 만기까지 남은 기간이 1~2년 이하인 채권도 포함합니다. 채권 시장이나 뉴스에서 금리 변화에 따른 가격 변동성을 설명할 때 주로 사용되는 용어입니다.",미래에셋증권 증권용어사전,https://securities.miraeasset.com/hki/hki3028/r01.do
단기투자자(day-to-day trader),[],수급/투자자,단기투자자는 장기 보유를 통한 경영 참여나 배당금 수령보다는 짧은 기간 내에 주식을 매매하여 차익을 얻으려는 투자자를 뜻합니다. 거래 규모는 상대적으로 작을 수 있으나 매매를 빈번하게 하는 경향이 있습니다. 주식 시장의 수급 상황이나 거래 활동성을 설명할 때 주로 사용되는 용어입니다.,미래에셋증권 증권용어사전,https://securities.miraeasset.com/hki/hki3028/r01.do
단리법(simple interest method),[],채권/금리/환율,"단리법은 원금에 대해서만 이자를 계산하는 방식입니다. 이자액이 경과 기간에 정비례하여 늘어나며, 원리합계는 원금에 이자(원금×이율×기간)를 더해 산출합니다. 주로 1~2년의 단기 금융거래나 만기가 1년 이하인 할인채 등을 분석할 때 사용하며, 장기 거래나 일반적인 증권 분석에서 주로 쓰이는 복리법과 구분됩니다.",미래에셋증권 증권용어사전,https://securities.miraeasset.com/hki/hki3028/r01.do
단명어음(single name paper),[],채권/금리/환율,"단명어음은 배서가 없는 약속어음이나 발행인이 스스로를 지불인으로 지정하여 발행하는 어음을 뜻합니다. 주로 은행에서 대출을 받을 때 차용증서 대신 발행하며, 이를 활용한 대출 방식을 어음대출이라고 합니다. 기업의 자금 조달이나 은행 대출 관련 맥락에서 주로 사용되는 용어입니다.",미래에셋증권 증권용어사전,https://securities.miraeasset.com/hki/hki3028/r01.do
단수주,[],공시/기업행위,"단수주는 기업의 증자나 합병 과정에서 주주에게 주식을 배정할 때, 1주 미만으로 계산되어 남은 주식을 의미합니다. 주로 유상증자, 무상증자, 기업 합병 시 신주 배정 비율이나 합병 비율을 적용하는 과정에서 발생하며, 계산상으로만 존재합니다.",iM증권 금융용어사전,https://www.imfnsec.com/research/financial_guide/fg000000.jsp
단순 주가평균,[],가격/차트,"단순 주가평균은 주가의 일반적인 수준을 파악하기 위해 사용하는 지표입니다. 평균 배당률과 대비하여 주식의 수익률 수준을 산출할 수 있다는 장점이 있습니다. 다만 증자에 따른 권리락, 주식 분할, 구성 종목의 변경 등이 발생하면 주가의 연속성이 유지되지 않아 장기적인 흐름을 관찰하는 데에는 한계가 있습니다.",미래에셋증권 증권용어사전,https://securities.miraeasset.com/hki/hki3028/r01.do
단순송금방식수출,[],거시경제,"단순송금방식수출은 수출 대금 전액을 현금이나 수표 등으로 미리 받은 뒤, 180일 이내에 물품을 보내는 수출 거래 방식입니다. 주로 상품 견본이나 시험용품 같은 소액 수출, 또는 부피가 작고 가격이 비싼 귀금속을 수출할 때 활용됩니다. 대금을 먼저 수령하고 나중에 물품을 인도하는 결제 구조가 특징입니다.",미래에셋증권 증권용어사전,https://securities.miraeasset.com/hki/hki3028/r01.do
단순주가지수(simple price index),[],가격/차트,단순주가지수는 선정된 주식 종목들의 가격 합계를 기준 시점과 비교하여 나타낸 지표입니다. 기준 시점의 주가 합계에 비해 현재 시점의 주가 합계가 어느 정도 수준인지 상대적인 수치로 계산합니다. 주가 차트나 시장 동향을 분석할 때 가격의 변동 흐름을 파악하는 용도로 쓰입니다.,미래에셋증권 증권용어사전,https://securities.miraeasset.com/hki/hki3028/r01.do
단순통화스왑(straight currency swap),[],채권/금리/환율,"단순통화스왑은 서로 다른 통화를 사용하는 두 당사자가 현재 환율로 자금을 교환한 뒤, 일정 기간이 지나면 처음 거래했을 때의 환율로 다시 교환하기로 약속하는 거래입니다. 직접통화스왑이라고도 불리며, 상호대출이나 백투백대출이 발전된 형태입니다. 환율 변동과 관계없이 최초 환율로 재교환하기 때문에 환율 변동에 따른 위험을 피할 수 있다는 특징이 있습니다.",미래에셋증권 증권용어사전,https://securities.miraeasset.com/hki/hki3028/r01.do
단순평균배당수익률,[],배당/주주환원,"단순평균배당수익률은 여러 종목의 배당 수준을 종합적으로 보여주는 지표입니다. 계산 방식은 크게 두 가지로, 모든 종목의 주당 배당금 합계를 주가 합계로 나누는 방식(총화법)과 각 종목의 배당수익률을 더해 종목 수로 나누는 방식(상대법)이 있습니다. 총화법은 종목별로 같은 수량만큼 투자했을 때의 수익률을, 상대법은 같은 금액만큼 투자했을 때의 수익률을 의미합니다. 현재 한국거래소에서는 총화법을 사용하여 이 지표를 산출하고 발표하고 있습니다.",미래에셋증권 증권용어사전,https://securities.miraeasset.com/hki/hki3028/r01.do
단순헤지(naive hedge),[],파생/구조화상품,"단순헤지는 보유한 현물 자산의 가치와 동일한 금액만큼 선물 계약을 체결하여 가격 변동 위험을 피하는 가장 기본적인 방법입니다. 선물 거래에서 발생하는 이익이나 손실이 현물 시장의 손실이나 이익과 정확히 일치하도록 선물 계약 수를 결정할 때, 현물과 동일한 액수의 선물 포지션을 취하는 방식을 의미합니다.",미래에셋증권 증권용어사전,https://securities.miraeasset.com/hki/hki3028/r01.do
단위형,[],ETF/펀드,"단위형은 펀드의 모집 시기(판매 기간)가 한정되어 있어, 정해진 기간이 지나면 추가로 가입할 수 없는 형태의 펀드를 말합니다. 펀드 상품 정보나 공시에서 가입 가능 여부를 확인하는 기준으로 활용됩니다.",iM증권 금융용어사전,https://www.imfnsec.com/research/financial_guide/fg000000.jsp
단위형 투자신탁,[],ETF/펀드,"단위형 투자신탁은 신탁 재산의 규모를 일정액으로 한정하여 정해진 기간 동안 독립적으로 운용하는 펀드 형태를 말합니다. 각 단위가 하나의 독립된 투자신탁으로 취급되어 운용되므로, 투자자는 본인이 속한 단위의 운용 결과에 따라 수익을 분배받습니다. 일반적으로 계약 기간이 정해져 있으며, 이 기간이 만료되면 해당 단위는 자동으로 종료되는 특징이 있습니다.",미래에셋증권 증권용어사전,https://securities.miraeasset.com/hki/hki3028/r01.do
단위형 투자신탁(unit type investment trust),[],ETF/펀드,"단위형 투자신탁은 신탁재산의 관리와 운용이 처음 설정된 단위별로 독립적으로 이루어지는 투자신탁입니다. 설정 이후 상환 시까지 추가 가입을 허용하지 않는 것이 특징입니다. 통상 3~5년의 신탁 기간이 설정되며, 특별한 경우를 제외하고는 원칙적으로 중도 환매가 제한될 수 있습니다.",미래에셋증권 증권용어사전,https://securities.miraeasset.com/hki/hki3028/r01.do
단일가 매매,[],거래/주문/결제,"단일가 매매는 일정 시간 동안 접수된 주문을 모아 특정 시점에 하나의 가격으로 한꺼번에 체결하는 방식입니다. 주로 장 시작 전후의 동시호가 시간대에 활용되며, 시장 안정화 장치가 발동되거나 정리매매 종목처럼 거래를 제한적으로 관리해야 할 때 적용됩니다.",KB증권 금융용어사전,https://www.kbsec.com/go.able?linkcd=m04110000
단일은행제도(unit banking system),[],거시경제,"단일은행제도는 지점 없이 하나의 은행이 독립적으로 운영되는 제도입니다. 금융 집중으로 인한 폐해를 줄이고 지역사회 내 기업들에게 균형 있게 자금을 공급할 수 있다는 특징이 있습니다. 다만 규모의 경제를 누리기 어렵고, 특정 지역에 한정되어 있어 자금 조달이 제한적이거나 대출 위험이 높을 수 있다는 점을 함께 고려해야 합니다.",미래에셋증권 증권용어사전,https://securities.miraeasset.com/hki/hki3028/r01.do
단일지수모형(single index model),[],투자지표/밸류에이션,"단일지수모형은 개별 주식의 수익률이 시장 전체의 수익률 변동과 일정한 관계를 가진다고 가정하는 분석 모형입니다. 시장모형이라고도 하며, 시장지표(지수)의 수익률과 개별 증권의 수익률 사이의 상관관계를 회귀식으로 나타냅니다. 이 모형은 주식의 수익률을 시장 수익률에 반응하는 정도인 베타(β) 계수와 개별 기업의 특성인 잔차 등으로 구분하여 설명하며, 포트폴리오 이론을 실무에 적용할 때 주로 사용됩니다.",미래에셋증권 증권용어사전,https://securities.miraeasset.com/hki/hki3028/r01.do
단주(odd lot),[],거래/주문/결제,"단주는 거래소에서 정한 기본 매매수량단위 미만의 주식을 뜻합니다. 표준 매매 단위에 못 미치는 수량을 의미하며, 거래소 시장에서 직접 매매하기 어려울 경우 장외시장이나 증권사 창구를 통해 거래되기도 합니다. 가격은 보통 거래소 시세를 참고하여 결정됩니다. 매매 단위가 큰 해외 시장에서는 단주 거래 현황을 시장 동향을 파악하는 참고 자료로 활용하기도 합니다.",미래에셋증권 증권용어사전,https://securities.miraeasset.com/hki/hki3028/r01.do
단축가능채권(retractable bond),[],채권/금리/환율,"단축가능채권은 채권 소지자가 발행인의 의사와 관계없이 만기일을 미리 정해진 날짜로 앞당길 수 있는 권리가 부여된 채권입니다. 주로 장기채권으로 발행되며, 일정 기간이 지난 후 투자자가 상황에 따라 만기를 단축할 수 있는 선택권을 가집니다.",미래에셋증권 증권용어사전,https://securities.miraeasset.com/hki/hki3028/r01.do
달러위기(dollar crisis),[],거시경제,달러위기는 미국의 국제수지 악화로 인해 달러화의 신뢰도가 급격히 떨어지고 가치가 불안정해졌던 상황을 뜻합니다. 1960년대 미국이 각국의 금 태환 요구에 원활히 대응하지 못하면서 금 수요와 가격이 폭등하고 달러 가치는 하락 압력을 받았습니다. 이 사건은 1971년 닉슨 선언으로 이어져 달러의 금 태환 정지와 변동환율제 이행의 계기가 되었습니다.,미래에셋증권 증권용어사전,https://securities.miraeasset.com/hki/hki3028/r01.do
달러평균법(dollar cost averaging),[],주식 기초,"달러평균법은 주가와 관계없이 정기적으로 일정 금액을 특정 종목이나 포트폴리오에 나누어 투자하는 방식입니다. 주가가 높을 때는 적은 수량을, 주가가 낮을 때는 많은 수량을 매수하게 되어 평균 매입 단가가 낮아지는 효과를 기대할 수 있습니다. 투자 초기나 주가 변동성이 있을 때 유용하지만, 주가가 계속 상승하는 구간에서는 효과가 제한적일 수 있습니다.",미래에셋증권 증권용어사전,https://securities.miraeasset.com/hki/hki3028/r01.do
담보 콜제도,[],채권/금리/환율,담보 콜제도는 금융기관들이 콜 거래를 할 때 국공채나 회사채 같은 담보물을 주고받는 제도입니다. 금융기관이 보유한 채권을 담보로 활용해 자금을 조달할 수 있게 함으로써 채권의 활용도를 높이는 특징이 있습니다. 주로 채권 시장의 자금 흐름이나 금융기관의 유동성 관련 뉴스에서 언급됩니다.,미래에셋증권 증권용어사전,https://securities.miraeasset.com/hki/hki3028/r01.do
담보대출,[],거래/주문/결제,"담보대출은 고객이 보유한 주식, 펀드, 채권 등의 금융상품을 담보로 자금을 빌리는 것을 말합니다. 국내외 주식뿐만 아니라 ELS/DLS, ELB/DLB 등 다양한 상품을 담보로 활용할 수 있으며, 대출 전날의 종가와 평가금액을 기준으로 최대 60%까지 대출이 가능합니다.",KB증권 금융용어사전,https://www.kbsec.com/go.able?linkcd=m04110000
담보부사채(mortgage bond),[],채권/금리/환율,"담보부사채는 기업이 사채를 발행할 때 부동산이나 유가증권 등의 자산을 담보로 제공하는 채권입니다. 발행회사와 수탁회사가 신탁계약을 맺고, 수탁회사가 투자자를 위해 담보를 관리하거나 권리를 행사하는 구조를 가집니다. 담보 대상에 따라 부동산담보부사채와 유가증권담보부사채로 나뉘며, 동일한 담보를 향후 발행할 사채에 다시 활용할 수 있는지에 따라 개방식과 폐쇄식으로 구분하기도 합니다.",미래에셋증권 증권용어사전,https://securities.miraeasset.com/hki/hki3028/r01.do
담보부사채신탁(mortgage bond trust),[],채권/금리/환율,"담보부사채신탁은 기업이 사채를 발행할 때 부동산 등의 재산을 담보로 제공하고, 이를 신탁은행에 일괄적으로 맡겨 관리하게 하는 제도입니다. 개별 채권자에게 담보를 직접 제공하기 어려운 경우에 활용하며, 담보를 맡은 신탁은행은 채권자들을 위해 사채 원리금 상환에 대한 책임을 부담합니다. 주로 채권 발행 관련 공시나 리포트에서 기업의 채무 이행 방식을 설명할 때 사용됩니다.",미래에셋증권 증권용어사전,https://securities.miraeasset.com/hki/hki3028/r01.do
담보부족,[],거래/주문/결제,"담보부족은 신용거래나 대출 시 계좌 내 현금과 주식의 평가금액이 정해진 담보 비율에 미달하여 투자자가 추가로 보충해야 하는 금액을 의미합니다. 주가 하락 등으로 계좌 가치가 유지해야 할 담보 비율 아래로 떨어질 때 발생하며, 정해진 기간 내에 부족한 금액을 채우지 못하면 반대매매가 진행될 수 있습니다. 담보 비율은 (순자산 평가금액 + 신용금액)을 신용금액으로 나누어 계산합니다.",KB증권 금융용어사전,https://www.kbsec.com/go.able?linkcd=m04110000
담보유가증권(collateral securities),[],거래/주문/결제,"담보유가증권은 증권금융회사가 주식매입자금이나 증권인수자금 등을 대출할 때 담보로 취득하는 유가증권입니다. 상장주식, 국채, 지방채, 수익증권 등이 담보로 활용될 수 있으며, 대출 종류에 따라 담보로 인정되는 범위가 달라집니다. 다만, 상장주식이 관리종목이나 감리종목으로 지정되거나 매매거래가 정지된 경우에는 담보 대상에서 제외될 수 있습니다.",미래에셋증권 증권용어사전,https://securities.miraeasset.com/hki/hki3028/r01.do
담보유지비율,[],거래/주문/결제,"담보유지비율은 주식을 담보로 대출을 받을 때 시세 변동에 따른 담보 가치 하락에 대비하여 유지해야 하는 최소한의 비율입니다. 담보비율은 (순자산 평가금액 + 신용금액)을 신용금액으로 나누어 계산하며, 증권사가 정한 기준치 이상으로 유지해야 합니다. 주가 하락 등으로 담보 가치가 이 비율보다 낮아지면 추가 담보를 요구받을 수 있으므로 거래 화면에서 수시로 확인이 필요합니다.",KB증권 금융용어사전,https://www.kbsec.com/go.able?linkcd=m04110000
담보저당채권(mortgage-backed bond),[],채권/금리/환율,"담보저당채권은 주택을 담보로 대출을 해준 뒤, 그 담보권을 바탕으로 발행한 채권입니다. 채권 발행자가 주택 자금을 빌린 사람들에게 받는 이자에서 일정 수수료를 제외하고 투자자에게 이자를 지급하는 구조를 가집니다. 미국 채권 시장의 GNMA, FNMA 등이 대표적이며, 주로 글로벌 금리나 부동산 경기 흐름을 다루는 뉴스 및 리포트에서 언급됩니다.",미래에셋증권 증권용어사전,https://securities.miraeasset.com/hki/hki3028/r01.do
담보화 부정조항(negative pledge clause),[],채권/금리/환율,"담보화 부정조항은 무담보사채를 발행한 회사가 다른 채무를 위해 회사 재산을 담보로 제공하는 것을 금지하는 계약 조항입니다. 담보가 없는 채권자를 보호하기 위한 장치로, 만약 회사가 다른 채무에 담보를 설정할 경우 기존 채무에도 동일한 비율의 담보권을 제공하겠다는 약속이 포함되기도 합니다.",미래에셋증권 증권용어사전,https://securities.miraeasset.com/hki/hki3028/r01.do
당기순손익(net income and loss for the year),[],재무/회계,"당기순손익은 기업이 일정 기간 동안 벌어들인 수익에서 모든 비용과 세금을 차감하고 남은 최종적인 이익 또는 손실을 말합니다. 재무제표의 손익계산서에서 매출액, 영업이익 등을 거쳐 법인세까지 모두 반영한 마지막 결과물입니다. 기업의 순자산이 얼마나 변했는지 보여주는 종합적인 경영 성과 지표로 활용되지만, 영업 외적인 요인이나 일시적인 손익도 포함될 수 있다는 점을 함께 고려해야 합니다.",미래에셋증권 증권용어사전,https://securities.miraeasset.com/hki/hki3028/r01.do
당기순이익,[],재무/회계,"당기순이익은 기업이 일정 기간 동안 벌어들인 총수익에서 모든 비용을 뺀 최종적인 이익입니다. 영업이익에 영업외수익을 더하고 영업외비용을 차감하여 계산하며, 기업의 전반적인 경영 상태를 보여주는 지표로 활용됩니다. 재무제표나 실적 공시에서 기업의 최종 성과를 파악할 때 주로 사용됩니다.",KB증권 금융용어사전,https://www.kbsec.com/go.able?linkcd=m04110000
당기실적주의,[],재무/회계,"당기실적주의는 기업의 이익을 산정할 때 정상적인 영업활동에서 발생한 수익과 비용만을 포함해야 한다는 회계 원칙입니다. 기업의 본래 사업 성과와 동향을 파악하기 좋다는 장점이 있지만, 정상적인 이익과 비정상적인 이익을 구분하는 기준이 주관적일 수 있다는 한계가 있습니다. 우리나라는 1972년까지 이 원칙을 채택했으나 이후 모든 손익 항목을 포함하는 포괄주의로 전환했습니다.",미래에셋증권 증권용어사전,https://securities.miraeasset.com/hki/hki3028/r01.do
당일결제거래(cash delivery),[],거래/주문/결제,"당일결제거래는 증권 매매가 성립된 당일에 대금 결제와 증권 인도가 모두 이루어지는 거래 방식입니다. 현재 우리나라에서는 국공채나 회사채 같은 채권 거래에 주로 적용하고 있습니다. 주식이나 전환사채 등은 매매 후 3일째에 결제가 완료되는 보통거래 방식을 따르므로, 거래하려는 상품의 종류에 따라 결제 시점이 다를 수 있음을 유의해야 합니다.",미래에셋증권 증권용어사전,https://securities.miraeasset.com/hki/hki3028/r01.do
당좌대월(overdrafts),[],재무/회계,"당좌대월은 은행과 미리 약정한 한도 내에서 예금 잔액보다 더 많은 금액을 인출하거나 수표를 발행할 수 있는 은행 대출의 일종입니다. 기업이 일시적인 자금 부족에 대응하기 위해 활용하며, 재무제표 등에서 부채 항목으로 확인될 수 있습니다. 한도 내에서 유연하게 자금을 빌려 쓰는 방식이므로 기업의 단기적인 자금 운용 상황을 보여주는 지표가 됩니다.",미래에셋증권 증권용어사전,https://securities.miraeasset.com/hki/hki3028/r01.do
당좌대출,[],재무/회계,"당좌대출은 당좌예금 잔액을 초과하여 발행된 수표나 어음 금액을 은행이 정해진 한도 내에서 자동으로 대출해 주는 제도입니다. 재무구조나 신용도가 양호한 거래자를 대상으로 하며, 기업이 일시적인 자금 부족을 해결하기 위해 활용합니다. 재무제표나 공시 등에서 기업의 단기 부채나 자금 운용 상태를 나타낼 때 쓰입니다.",미래에셋증권 증권용어사전,https://securities.miraeasset.com/hki/hki3028/r01.do
당좌비율(quick ratio),[],투자지표/밸류에이션,"당좌비율은 당좌자산을 유동부채로 나눈 비율로, 기업이 단기적인 채무를 감당할 수 있는 능력이 어느 정도인지 측정하는 지표입니다. 산성시험비율이라고도 하며, 재무제표를 통해 기업의 재무 안정성을 파악할 때 유동비율과 함께 활용됩니다. 일반적으로 100% 이상을 안정적이라고 보았으나, 최근에는 자금 관리 방식의 변화로 100% 미만인 기업도 많으므로 수치 하나만으로 단정하기보다 업종이나 기업의 상황을 함께 고려해야 합니다.",미래에셋증권 증권용어사전,https://securities.miraeasset.com/hki/hki3028/r01.do
당좌예금(checking accounts),[],재무/회계,"당좌예금은 기업이 은행과 계약을 맺고 수표를 발행하여 현금을 인출할 수 있도록 만든 예금입니다. 기업은 수표를 발행해 물품 대금 등을 지급함으로써 은행이 결제를 대행하게 하는 영업상의 편의를 얻습니다. 일반적인 예금과 달리 이자가 붙지 않는 무이자 예금이라는 특징이 있으며, 재무제표 등에서 기업의 자금 상태를 파악할 때 쓰이는 용어입니다.",미래에셋증권 증권용어사전,https://securities.miraeasset.com/hki/hki3028/r01.do
당좌자산(quick assets),[],재무/회계,"당좌자산은 유동자산 중에서 판매 과정을 거치지 않고 즉시 현금화할 수 있는 자산을 뜻합니다. 현금, 예금, 유가증권, 외상매출금 등이 포함되며, 보통 1년 이내에 현금화되어 단기 부채를 갚는 데 활용될 수 있습니다. 재무제표를 통해 기업의 단기적인 자금 동원 능력이나 지급 능력을 확인할 때 주요하게 쓰이는 항목입니다.",미래에셋증권 증권용어사전,https://securities.miraeasset.com/hki/hki3028/r01.do
당좌차월(bank overdraft),[],재무/회계,"당좌차월은 기업이 은행과 미리 계약을 맺고, 예금 잔액을 초과하여 수표를 발행하더라도 은행이 대신 지급해 주는 제도입니다. 재무제표에서는 기업이 은행에 갚아야 할 부채로 분류되며, 초과하여 사용한 금액에 대해서는 이자가 발생합니다. 기업의 단기적인 자금 조달 상황을 보여주는 항목 중 하나입니다.",미래에셋증권 증권용어사전,https://securities.miraeasset.com/hki/hki3028/r01.do
대각 스프레드(diagonal spread),[],파생/구조화상품,"대각 스프레드는 수직 스프레드와 수평 스프레드를 결합한 옵션 거래 기법입니다. 만기가 상대적으로 길고 행사가격이 낮은 옵션을 보유하면서, 만기가 짧고 행사가격이 높은 옵션을 발행하는 전략을 의미합니다. 주로 기초자산의 가격이 상승할 가능성이 높다고 판단되는 시장 상황에서 활용됩니다.",미래에셋증권 증권용어사전,https://securities.miraeasset.com/hki/hki3028/r01.do
대고객환율(exchange quotation),[],채권/금리/환율,"대고객환율은 외국환은행이 고객과 거래할 때 적용하는 환율입니다. 은행끼리 거래할 때 형성되는 '은행간환율'이 도매가격이라면, 대고객환율은 일반 고객에게 적용되는 소매가격과 같습니다. 시장 수급에 따라 실시간으로 변하는 은행간환율과 달리, 대고객환율은 하루 동안은 변하지 않는 표준 가격으로 운영되는 것이 특징입니다.",미래에셋증권 증권용어사전,https://securities.miraeasset.com/hki/hki3028/r01.do
대규모기업집단,[],공시/기업행위,"대규모기업집단은 국민경제에 미치는 영향이 크다고 판단되어 정부가 지정한 대기업 그룹을 뜻합니다. 최대출자자와 특수관계인의 지분율 합계가 30% 이상이거나 경영에 실질적인 영향력을 행사하는 회사가 지정 대상입니다. 경제력 집중을 억제하기 위해 공정거래법 등 여러 법령에 따른 규제를 받게 되며, 공정거래위원회가 매년 자산 규모 등을 고려하여 발표합니다.",미래에셋증권 증권용어사전,https://securities.miraeasset.com/hki/hki3028/r01.do
대량매매(block trading),[],거래/주문/결제,"대량매매는 시장 가격에 큰 영향을 주지 않으면서 대규모 주식을 거래할 수 있도록 하는 제도입니다. 일반적인 매매 방식으로는 대량 주문을 적절한 시간 내에 적정 가격으로 처리하기 어려울 때 주로 활용됩니다. 거래소가 매매 의사를 공개해 상대방을 찾는 희망대량매매와, 동일한 수량의 매도·매수자가 시가나 종가로 거래를 신청하는 신고대량매매 등의 방식이 있습니다.",미래에셋증권 증권용어사전,https://securities.miraeasset.com/hki/hki3028/r01.do
대부신탁,[],ETF/펀드,"대부신탁은 신탁회사가 일정한 약관에 따라 수익증권을 발행하여 일반 대중으로부터 자금을 모으고, 이를 주요 산업체에 장기 대출로 운용하는 방식의 금전신탁입니다. 위탁자와 개별적으로 계약하는 일반 신탁과 달리, 일정 기간 모인 자금을 한 단위로 묶어 공동으로 운용하는 것이 특징입니다.",미래에셋증권 증권용어사전,https://securities.miraeasset.com/hki/hki3028/r01.do
대세(general trend),[],가격/차트,대세는 주식 시장에서 6개월에서 1년 이상 이어지는 장기적인 주가의 흐름이나 파동을 의미합니다. 주로 차트 분석이나 시장 전망 리포트에서 장기적인 시장의 방향성을 설명할 때 사용합니다. 이러한 대세에 근거하여 시장의 향후 흐름을 예측하는 관점을 '대세관'이라고 부르기도 합니다.,미래에셋증권 증권용어사전,https://securities.miraeasset.com/hki/hki3028/r01.do
대손상각(bad debts expense),[],재무/회계,"대손상각은 기업이 외상매출금이나 받을어음 같은 채권을 돌려받지 못하게 되었을 때 발생하는 손실을 뜻합니다. 거래처의 파산이나 재해 등으로 인해 돈을 받을 수 없는 상태를 '대손'이라 하며, 재무제표에 기록된 채권 금액이 실제 회수 가능한 수준인지 검토하여 비용으로 처리하는 것을 말합니다.",미래에셋증권 증권용어사전,https://securities.miraeasset.com/hki/hki3028/r01.do
대손충당금(allowance for bad debts),[],재무/회계,"대손충당금은 기업이 외상매출금 등 돌려받아야 할 돈(수취채권) 중에서 앞으로 회수하지 못할 것으로 예상되는 금액을 미리 추정해 쌓아둔 것입니다. 재무제표에서 수취채권의 가치를 직접 차감하는 형식으로 기재됩니다. 특정 채권이 실제로 회수 불가능해졌을 때뿐만 아니라, 매 기말마다 전체 채권의 회수 가능성을 검토하여 추정치를 설정하는 방식으로 관리됩니다.",미래에셋증권 증권용어사전,https://securities.miraeasset.com/hki/hki3028/r01.do
대외균형(external equilibrium),[],거시경제,"대외균형은 한 나라의 대외 경제 거래가 균형을 이룬 상태를 말합니다. 구체적으로는 국제수지가 적자나 흑자로 치우치지 않고 균형을 유지하는 것을 의미합니다. 거시경제 뉴스나 리포트에서 국가 경제의 안정성을 설명할 때 주로 쓰이며, 물가 안정과 완전고용을 뜻하는 대내균형과 함께 경제 정책의 핵심 목표로 다뤄집니다.",미래에셋증권 증권용어사전,https://securities.miraeasset.com/hki/hki3028/r01.do
대외준비자산(external reserves),[],거시경제,"대외준비자산은 한 나라가 대외 결제에 사용할 수 있도록 보유한 자산의 합계를 말합니다. 금, SDR, IMF 포지션, 그리고 달러나 파운드처럼 교환 가능한 외환이 여기에 포함됩니다. 거시경제 뉴스나 리포트에서 국가의 대외 지급 능력을 가늠하는 지표로 주로 활용됩니다.",미래에셋증권 증권용어사전,https://securities.miraeasset.com/hki/hki3028/r01.do
대외증권투자(investment to foreign securities),[],거시경제,"대외증권투자는 외국의 주식, 채권, 수익증권 등 유가증권에 투자하는 것을 말합니다. 경영권 참여를 목적으로 하는 대외직접투자와 달리, 경영권과는 무관하게 투자 수익을 목적으로 외국 증권을 취득하는 행위를 뜻합니다.",미래에셋증권 증권용어사전,https://securities.miraeasset.com/hki/hki3028/r01.do
대용 가격,[],거래/주문/결제,"대용 가격은 주식 거래 시 현금 대신 증거금으로 사용할 수 있는 유가증권의 가치를 의미합니다. 투자자가 보유한 주식을 담보로 활용할 때 기준이 되는 가격으로, 현재 우리나라에서는 한국거래소가 매주 결정하여 발표하고 있습니다.",미래에셋증권 증권용어사전,https://securities.miraeasset.com/hki/hki3028/r01.do
대용가,[],거래/주문/결제,"대용가는 채권을 담보로 제공할 때 그 가치를 평가하기 위해 증권거래소가 산정한 가격입니다. 보통 시세의 70%~80% 수준에서 책정되며, 담보로서 인정받는 금액의 기준이 됩니다. 거래나 주문 시 담보 가치를 확인하는 용도로 사용됩니다.",미래에셋증권 증권용어사전,https://securities.miraeasset.com/hki/hki3028/r01.do
대용가격(substitute price of securities),[],거래/주문/결제,"대용가격은 주식이나 채권 등을 현금 대신 증거금으로 사용할 때 인정받는 가치를 말합니다. 거래소가 정한 기준시세에 일정 비율(사정비율)을 곱하여 계산하며, 상장주식은 보통 70%, 채권은 종류에 따라 80~90% 수준으로 산정됩니다. 시장 상황이나 담보 가치 변동에 따라 가격이 조정될 수 있으며, 특히 권리락이나 배당락, 액면분할 등이 발생하면 수시로 재산정됩니다. 주식 주문 시 현금이 부족할 때 보유한 증권을 얼마나 담보로 활용할 수 있는지 판단하는 기준이 됩니다.",미래에셋증권 증권용어사전,https://securities.miraeasset.com/hki/hki3028/r01.do
대용금액,[],거래/주문/결제,"대용금액은 투자자가 보유한 주식 등의 유가증권을 현금처럼 사용할 수 있도록 가치를 평가한 금액입니다. 보유 수량에 대용비율을 곱하여 계산하며, 주로 주식 거래 시 증거금으로 활용하거나 신용거래 시 보증금으로 사용합니다. 보유한 자산의 활용도를 높이는 지표로 거래 화면 등에서 확인할 수 있습니다.",iM증권 금융용어사전,https://www.imfnsec.com/research/financial_guide/fg000000.jsp
대용베타(proxy beta),[],투자지표/밸류에이션,"대용베타는 특정 기업의 베타(체계적 위험)를 직접 구하기 어려울 때, 업종과 규모가 비슷한 다른 상장기업의 베타를 대신 사용하는 지표입니다. 주로 기업 가치 평가나 투자 분석 리포트에서 해당 기업의 위험도를 측정할 때 활용됩니다. 대용베타를 사용할 때는 대용회사의 재무 구조가 분석 대상 기업과 다를 수 있으므로, 레버리지(부채 비율) 수준을 맞추는 조정 과정을 거쳐야 합니다.",미래에셋증권 증권용어사전,https://securities.miraeasset.com/hki/hki3028/r01.do
대용비율,[],거래/주문/결제,"대용비율은 보유한 유가증권을 담보로 증권사에서 돈을 빌릴 때, 해당 증권의 가치를 어느 정도 인정해 줄지 정하는 기준입니다. 증권별로 부여되는 가치가 다르므로, 담보로 활용할 수 있는 금액을 계산할 때 중요한 지표가 됩니다.",iM증권 금융용어사전,https://www.imfnsec.com/research/financial_guide/fg000000.jsp
대용증권,"[""대용 증권""]",거래/주문/결제,대용증권은 주식 거래 시 필요한 위탁증거금이나 보증금을 낼 때 현금 대신 사용할 수 있는 유가증권을 말합니다. 거래소가 정한 일정 비율 안에서 현금 대신 담보로 활용할 수 있습니다. 주식을 담보로 대출을 받을 때 해당 주식의 가치를 인정받아 활용하는 경우에도 이 용어를 사용합니다.,KB증권 금융용어사전,https://www.kbsec.com/go.able?linkcd=m04110000
대용증권(substitute securities),[],거래/주문/결제,"대용증권은 주식 주문 시 필요한 위탁증거금이나 신용거래보증금을 현금 대신 납부할 수 있는 유가증권입니다. 보유한 주식이나 채권 등을 현금과 같은 가치로 인정받아 거래에 활용할 수 있습니다. 거래량이 일정 기준을 충족하는 상장주식이나 채권 등이 지정되지만, 관리종목이나 매매거래가 정지된 종목 등은 대용증권에서 제외됩니다.",미래에셋증권 증권용어사전,https://securities.miraeasset.com/hki/hki3028/r01.do
대용증권(신용/대출),[],거래/주문/결제,"대용증권은 주식 거래 시 필요한 위탁증거금이나 신용거래 보증금을 낼 때 현금 대신 사용할 수 있는 유가증권입니다. 거래소가 정한 일정 비율 안에서 현금의 역할을 대신하며, 주식을 담보로 대출을 받을 때 해당 주식을 활용한다는 의미로도 쓰입니다.",iM증권 금융용어사전,https://www.imfnsec.com/research/financial_guide/fg000000.jsp
대위증권(securities in subrogation),[],ETF/펀드,"대위증권은 다른 회사가 발행한 증권을 취득하는 데 필요한 자금을 조달하기 위해 발행되는 증권입니다. 투자신탁회사의 수익증권이 대표적인 예로, 투자자로부터 모은 자금으로 다른 주식이나 채권을 매입하는 구조에서 발생합니다. 주로 펀드나 ETF와 같은 간접 투자 상품의 운용 방식을 설명할 때 사용됩니다.",미래에셋증권 증권용어사전,https://securities.miraeasset.com/hki/hki3028/r01.do
"대주(stock loan, lending stock)",[],거래/주문/결제,"대주는 증권회사나 증권금융회사로부터 주식을 빌리는 것을 뜻합니다. 증권회사가 고객에게 직접 빌려주는 자기대주와 증권금융회사가 증권회사에 빌려주는 유통대주로 구분됩니다. 주식을 빌려 먼저 매도한 뒤 나중에 주식을 사서 갚는 방식으로, 주가 하락 시 차익을 얻으려는 신용거래의 일종으로 활용됩니다.",미래에셋증권 증권용어사전,https://securities.miraeasset.com/hki/hki3028/r01.do
대주담보비율,[],거래/주문/결제,"대주담보비율은 증권사로부터 빌린 주식의 가치 대비 투자자가 보유한 자산(현금 및 유가증권)의 비율을 의미합니다. 증권사가 빌려준 주식을 회수할지 여부를 판단하는 지표로 사용됩니다. 주식 거래 화면 등에서 담보 상태를 확인하는 용도로 쓰이며, 이 비율에 따라 담보 관리 상황이 달라질 수 있으므로 주의 깊게 살펴봐야 합니다.",iM증권 금융용어사전,https://www.imfnsec.com/research/financial_guide/fg000000.jsp
대주매각대금(amount of short selling),[],거래/주문/결제,"대주매각대금은 신용거래 시 증권사에서 빌린 주식을 매도하여 발생한 대금을 의미합니다. 이 대금은 빌린 주식에 대한 담보 성격을 가지므로, 주식을 상환하기 전까지는 인출이 제한됩니다. 증권사는 해당 대금을 예치받아 운용하는 대가로 고객에게 일정 수준의 이용료를 지급하기도 합니다.",미래에셋증권 증권용어사전,https://securities.miraeasset.com/hki/hki3028/r01.do
대주시장(stock loan market),[],거래/주문/결제,"대주시장은 증권회사가 고객에게 빌려줄 주식이 부족할 때 증권금융회사로부터 그 부족분을 조달하는 시장입니다. 신용거래에서 주식을 빌리려는 수요가 주식을 담보로 제공된 물량보다 많아질 경우, 증권회사가 외부에서 주식을 차입해오는 통로 역할을 합니다.",미래에셋증권 증권용어사전,https://securities.miraeasset.com/hki/hki3028/r01.do
"대주잔고(debt balance, outstanding loan)",[],거래/주문/결제,"대주잔고는 증권사나 증권금융회사가 투자자에게 빌려준 주식 중 아직 갚지 않은 주식의 수량을 의미합니다. 전일 잔고에 당일 빌린 수량을 더하고 갚은 수량을 빼서 계산하며, 주로 공매도 추이를 파악할 때 활용합니다. 대주잔고의 변화를 통해 특정 종목이나 시장 전체의 분위기를 가늠해 볼 수 있으나, 잔고의 증감만으로 주가 흐름을 단정하기보다 시장 상황과 함께 살펴봐야 합니다.",미래에셋증권 증권용어사전,https://securities.miraeasset.com/hki/hki3028/r01.do
대주주(controlling shareholders),[],수급/투자자,"대주주는 한 회사의 주식 중 많은 지분을 소유하고 있는 주주를 뜻합니다. 법적으로는 본인뿐만 아니라 친족 및 특수관계인의 소유분까지 합쳐서 가장 많은 주식을 보유한 주주를 의미하며, 실질적으로 기업을 소유하거나 지배하는 주주를 가리킵니다. 뉴스나 공시에서 기업의 지배구조나 경영권 관련 맥락을 설명할 때 주로 사용됩니다.",미래에셋증권 증권용어사전,https://securities.miraeasset.com/hki/hki3028/r01.do
대차,[],거래/주문/결제,"대차는 주식을 보유한 사람이 주식을 필요로 하는 사람에게 빌려주고, 그 대가로 수수료를 받는 거래를 의미합니다. 주식 화면이나 뉴스에서 주식의 수급 상황을 설명할 때 주로 쓰이는 용어입니다. 주식을 빌려주는 쪽은 수수료 수익을 얻을 수 있으며, 빌리는 쪽은 빌린 주식을 활용할 수 있게 됩니다.",KB증권 금융용어사전,https://www.kbsec.com/go.able?linkcd=m04110000
대차 비율,[],거래/주문/결제,"대차 비율은 증권회사와 증권 금융회사 간의 대차거래에서 차주 잔고에 대한 융자 잔고의 비율을 뜻합니다. 시장에서 주식을 사려는 자금(융자)과 빌리려는 주식(차주)의 규모를 비교하여 시장의 분위기를 파악하는 지표로 쓰입니다. 대차 비율이 높으면 매수세가 강한 상태로, 낮으면 매매가 체결되어 정리되는 단계에 가까워진 것으로 해석할 수 있습니다.",미래에셋증권 증권용어사전,https://securities.miraeasset.com/hki/hki3028/r01.do
대차거래(loan transaction),[],거래/주문/결제,"대차거래는 증권금융회사와 증권회사 사이에서 신용거래 결제에 필요한 자금이나 주식을 빌려주는 거래를 뜻합니다. 우리나라의 유통금융과 유사한 개념으로, 주로 금융기관 간에 결제 자원을 주고받는 상황을 설명할 때 사용됩니다. 대차거래를 할 수 있는 종목은 대차종목, 이때 적용되는 주당 가격은 대차가격이라고 합니다.",미래에셋증권 증권용어사전,https://securities.miraeasset.com/hki/hki3028/r01.do
대차대조표,[],재무/회계,"대차대조표는 특정 시점에 기업이 보유한 자산, 부채, 자본의 잔액을 정해진 양식으로 정리한 표입니다. 기업의 경제적 자원과 그에 따른 의무를 보여주는 재무제표의 하나로, 기업의 재무 상태를 파악하는 데 쓰입니다. 투자자는 대차대조표를 통해 기업이 실제로 어느 정도의 가치를 지니고 있는지 확인할 수 있습니다.",KB증권 금융용어사전,https://www.kbsec.com/go.able?linkcd=m04110000
대차대조표(balance sheet;B/S),[],재무/회계,"대차대조표는 특정 시점에 기업이 보유한 자산과 부채, 자본의 상태를 나타내는 재무 보고서입니다. 기업의 자본이 어떻게 운용되고 있는지와 재무 상태를 숫자로 보여주어, 투자자가 기업의 건전성을 판단하는 핵심 자료로 활용됩니다. 항목은 크게 유동·고정자산 등의 자산, 유동·고정부채 등의 부채, 자본금과 잉여금 등의 자본으로 분류됩니다.",미래에셋증권 증권용어사전,https://securities.miraeasset.com/hki/hki3028/r01.do
대체결제,[],거래/주문/결제,"대체결제는 주식이나 채권 거래 시 실물 증권을 직접 주고받는 대신, 장부상 계좌를 통해 거래 내역을 기록하여 결제하는 방식입니다. 증권사가 미리 예탁기관에 증권을 맡겨두고 매매가 발생할 때마다 계좌 간 기록을 변경하는 방식으로 처리합니다. 실물 증권 이동에 따른 번거로움과 분실 위험, 비용을 줄여 대량 거래를 원활하게 돕는 역할을 합니다.",KB증권 금융용어사전,https://www.kbsec.com/go.able?linkcd=m04110000
대체결제제도,[],거래/주문/결제,"대체결제제도는 주식이나 채권 같은 유가증권을 거래할 때 실물을 직접 주고받지 않고, 중앙예탁기관의 장부상 계좌 이체를 통해 결제하는 제도입니다. 실물 증권을 옮기는 데 드는 비용과 분실 위험을 줄이고, 대량의 거래를 빠르고 안전하게 처리하기 위해 도입되었습니다. 이 제도를 통해 배당금이나 신주가 투자자의 계좌로 자동 입고되는 등 거래의 편의성이 높아졌으며, 현재 대부분의 상장 주식과 채권 거래에서 활용되고 있습니다.",미래에셋증권 증권용어사전,https://securities.miraeasset.com/hki/hki3028/r01.do
대체결제제도(book entry clearing),[],거래/주문/결제,"대체결제제도는 유가증권 거래 시 실물 증권을 직접 주고받는 대신, 계좌상의 기록을 변경하여 결제하는 제도입니다. 투자자나 금융기관이 증권을 특정 기관에 집중적으로 맡겨두고, 거래가 발생하면 장부상에서 수량을 조절하는 방식으로 운영됩니다. 실물 증권 이동에 따른 번거로움과 비용, 분실 위험을 줄여 주식 유통을 원활하게 돕는 역할을 합니다.",미래에셋증권 증권용어사전,https://securities.miraeasset.com/hki/hki3028/r01.do
대출채권담보부증권 (CLO ),[],채권/금리/환율,"대출채권담보부증권(CLO)은 은행이 기업에 빌려준 돈(대출채권)을 담보로 발행하는 자산담보부증권(ABS)의 일종입니다. 신용도가 낮아 회사채 발행이 어려운 기업들에 대한 대출을 묶어 이를 바탕으로 증권을 발행하는 구조입니다. 은행은 대출 채권을 직접 보유하는 것보다 위험을 줄여 BIS 비율을 관리할 수 있고, 기업은 자금 조달이 원활해지는 효과가 있습니다. 주로 기업 금융 지원이나 은행의 자산 건전성 관련 뉴스에서 언급됩니다.",미래에셋증권 증권용어사전,https://securities.miraeasset.com/hki/hki3028/r01.do
대출포트폴리오(lending portfolio),[],투자지표/밸류에이션,"대출포트폴리오는 투자자가 보유한 자금을 무위험 자산과 시장포트폴리오에 나누어 투자하는 포트폴리오입니다. 자본시장선(CML)에서 시장포트폴리오의 왼쪽에 위치하며, 무위험 자산에 자금을 배분해 위험을 낮춘 상태를 뜻합니다. 주로 투자 이론이나 자산 배분 전략을 다루는 리포트 등에서 포트폴리오의 구성 방식을 설명할 때 쓰입니다.",미래에셋증권 증권용어사전,https://securities.miraeasset.com/hki/hki3028/r01.do
대출한도제(loan ceiling system),[],채권/금리/환율,"대출한도제는 금융기관이 거래처에 대해 대출 잔액의 한도를 미리 설정하고, 그 범위 내에서는 별도의 심사나 절차 없이 대출을 실행하는 제도입니다. 주로 통화량이 급격히 늘어나는 시기에 금융기관의 과도한 신용 공급을 억제하기 위한 직접적인 양적 통제 수단으로 활용됩니다.",미래에셋증권 증권용어사전,https://securities.miraeasset.com/hki/hki3028/r01.do
대표주관회사,[],시장/상장,"대표주관회사는 기업이 상장하거나 증권을 발행할 때 여러 주관회사를 대표하는 금융투자회사를 말합니다. 주로 기업공개(IPO)나 유상증자 관련 공시, 리포트에서 발행 업무를 주도적으로 수행하는 금융사를 지칭할 때 사용됩니다.",iM증권 금융용어사전,https://www.imfnsec.com/research/financial_guide/fg000000.jsp
대형주,[],시장/상장,"대형주는 자본금 규모가 500억 원 이상인 상장사의 주식을 뜻합니다. 한국거래소는 자본금 크기에 따라 대형주, 중형주, 소형주로 구분하며, 대형주는 이 중 가장 큰 규모에 해당합니다. 유동 주식수가 많고 기관 투자자의 보유 비중이 높은 편이라, 중·소형주와 비교했을 때 주가 변동폭이 상대적으로 작게 나타나는 경향이 있습니다.",미래에셋증권 증권용어사전,https://securities.miraeasset.com/hki/hki3028/r01.do
더미(Dummy),[],파생/구조화상품,"더미(Dummy)는 ELS가 조기 상환되지 않고 만기까지 보유했을 때 지급되는 보너스 수익률을 뜻합니다. 기초자산 가격이 투자 기간 중 한 번도 낙인(KI) 배리어 아래로 하락한 적이 없으나, 만기 시점에는 상환 배리어보다 낮은 경우에 해당 수익이 발생할 수 있습니다. ELS와 같은 구조화 상품의 수익 조건을 설명할 때 주로 쓰입니다.",iM증권 금융용어사전,https://www.imfnsec.com/research/financial_guide/fg000000.jsp
데드크로스(Dead Cross),[],가격/차트,"데드크로스는 주가 차트에서 단기 이동평균선이 장기 이동평균선을 위에서 아래로 뚫고 내려가는 현상을 말합니다. 골든크로스와 반대되는 개념으로, 주로 주가 추세가 하락으로 전환될 가능성을 예측할 때 참고하는 지표입니다. 다만 데드크로스 발생이 항상 주가 하락으로 이어지는 것은 아니므로 다른 시장 상황과 함께 살펴볼 필요가 있습니다.",KB증권 금융용어사전,https://www.kbsec.com/go.able?linkcd=m04110000
델타,[],파생/구조화상품,"델타는 기초자산의 가격이 변할 때 옵션 가격이 얼마나 민감하게 반응하는지 나타내는 지표입니다. 옵션 가격의 변화 폭은 기초자산의 변화 폭보다 작기 때문에 델타의 절대값은 항상 0과 1 사이의 값을 가집니다. 콜옵션은 기초자산 가격과 같은 방향으로 움직이는 양(+)의 델타를, 풋옵션은 반대 방향으로 움직이는 음(-)의 델타를 가집니다.",미래에셋증권 증권용어사전,https://securities.miraeasset.com/hki/hki3028/r01.do
도매금융(wholesale banking),[],거시경제,"도매금융은 대기업 등을 대상으로 거액의 예금이나 대출 같은 대규모 금융 서비스를 제공하는 것을 말합니다. 기업금융의 성격을 띠며, 개인이나 소상공인을 대상으로 하는 소매금융과 대비되는 개념입니다. 주로 금융기관의 사업 구조나 기업의 자금 조달 환경을 설명하는 뉴스 및 리포트에서 사용됩니다.",미래에셋증권 증권용어사전,https://securities.miraeasset.com/hki/hki3028/r01.do
동시호가,"[""동시 호가""]",거래/주문/결제,"동시호가는 일정 시간 동안 접수된 주문을 모아 한꺼번에 체결하는 방식입니다. 국내 주식 시장에서는 장 시작 전(08:40~09:00)과 장 마감 직전(15:20~15:30)에 운영됩니다. 주문이 일시에 몰려 주가가 급격하게 변동하는 것을 방지하는 완충 역할을 하며, 이 시간에 접수된 주문은 개장 시점인 오전 9시와 폐장 시점인 오후 3시 30분에 각각 하나의 가격으로 체결됩니다.",KB증권 금융용어사전,https://www.kbsec.com/go.able?linkcd=m04110000
동시호가(simultaneous bids and offers),[],거래/주문/결제,"동시호가는 주식 시장에서 동시에 접수된 것으로 간주하거나 시간의 선후가 분명하지 않은 호가를 뜻합니다. 장 시작 전, 장 종료 전 10분, 또는 거래 중단 후 재개 시 10분 동안 접수된 주문을 모아 하나의 가격으로 체결할 때 적용됩니다. 주가 화면에서 시가나 종가가 결정되는 과정을 설명할 때 주로 사용됩니다.",미래에셋증권 증권용어사전,https://securities.miraeasset.com/hki/hki3028/r01.do
동태비율(dynamic financial ratio),[],재무/회계,"동태비율은 재무비율을 계산할 때 손익계산서에서 추출한 항목을 활용하여 산출하는 비율을 의미합니다. 일정 기간 동안 발생한 경영 성과를 바탕으로 기업의 성장성이나 수익성 변화를 파악할 때 사용하며, 대표적인 예로 매출액증가율이나 순이익증가율 등이 있습니다.",미래에셋증권 증권용어사전,https://securities.miraeasset.com/hki/hki3028/r01.do
듀레이션,[],채권/금리/환율,"듀레이션은 채권에 투자한 원금을 회수하는 데 걸리는 평균 기간을 의미합니다. 채권의 만기가 길수록 듀레이션은 늘어나며, 반대로 채권의 수익률이나 표면금리, 이자 지급 빈도가 높을수록 듀레이션은 짧아집니다. 채권 시장의 흐름이나 리포트에서 채권의 성격을 설명하는 지표로 쓰입니다.",iM증권 금융용어사전,https://www.imfnsec.com/research/financial_guide/fg000000.jsp
듀얼펀드,[],ETF/펀드,"듀얼펀드는 성격이 다른 두 종류의 주식을 발행하여 운영하는 폐쇄형 투자신탁입니다. 주로 미국 시장에서 발행되며, 매매 차익을 추구하는 주식과 배당 수익을 추구하는 주식으로 나뉩니다. 투자자는 자신의 투자 성향이나 목적에 따라 원하는 유형을 선택할 수 있다는 특징이 있습니다.",미래에셋증권 증권용어사전,https://securities.miraeasset.com/hki/hki3028/r01.do
등가격,[],파생/구조화상품,"등가격은 옵션의 행사가격과 기초자산의 현재 시장가격이 동일한 상태를 뜻합니다. 콜옵션과 풋옵션 모두에 해당하며, 선물옵션에서는 행사가격과 선물의 시장가격이 같을 때를 의미합니다. 등가격 상태의 옵션을 즉시 행사할 경우 이론적으로는 이익도 손실도 발생하지 않는 특징이 있습니다.",미래에셋증권 증권용어사전,https://securities.miraeasset.com/hki/hki3028/r01.do
등락률,[],가격/차트,등락률은 전일 종가 대비 주가가 상승하거나 하락한 비율을 의미합니다. 주가 화면이나 차트에서 현재 가격이 어제와 비교해 어느 정도 수준으로 변동했는지 확인하는 지표로 쓰입니다. 등락률 수치만으로 주가의 향후 방향을 단정하기보다 거래량이나 시장 상황을 함께 고려하는 것이 좋습니다.,KB증권 금융용어사전,https://www.kbsec.com/go.able?linkcd=m04110000
등록법인(registered corporation),[],시장/상장,등록법인은 기업공시정책에 따라 증권관리위원회에 등록된 비공개 법인을 뜻합니다. 우량기업을 선별하여 공개하고 기업 내용을 미리 공시하게 함으로써 경영의 합리화를 유도하기 위해 도입되었습니다. 주로 기업의 상장 준비 과정이나 공시 의무와 관련된 맥락에서 사용되는 용어입니다.,미래에셋증권 증권용어사전,https://securities.miraeasset.com/hki/hki3028/r01.do
디노미네이션(denomination),[],거시경제,"디노미네이션은 화폐나 채권, 어음 같은 유가증권의 액면가액을 의미합니다. 흔히 화폐의 호칭 단위를 변경하는 행위를 일컫기도 하며, 국제 거래에서 표시 통화를 결정하는 것을 커런시 디노미네이션이라고 합니다. 거시경제 리포트나 뉴스에서 화폐 단위의 변화나 가치 표시 방식을 설명할 때 주로 쓰이는 용어입니다.",미래에셋증권 증권용어사전,https://securities.miraeasset.com/hki/hki3028/r01.do
디프 디스카운트채(deep discount bond),[],채권/금리/환율,"디프 디스카운트채는 미국 채권시장이나 유러채 시장에서 매우 낮은 표면이율(쿠폰)과 큰 폭의 할인된 가격으로 발행되는 채권을 뜻합니다. 발행자 입장에서는 만기까지 이자 지급 부담이 적고, 투자자 입장에서는 이자를 다시 투자할 때 발생하는 재투자 리스크가 없다는 특징이 있습니다. 주로 저금리 시기에 발행되어 이자율이 매우 낮은 채권이 고금리 시기에 접어들며 가격이 크게 하락한 상태를 설명할 때도 사용됩니다.",미래에셋증권 증권용어사전,https://securities.miraeasset.com/hki/hki3028/r01.do
디플레이션(deflation),[],거시경제,"디플레이션은 상품과 서비스의 공급이 수요보다 많아져 물가가 지속적으로 하락하고 경제 활동이 침체되는 현상을 말합니다. 물가가 내리면 기업의 수익이 줄어들고 경기 불황으로 이어질 가능성이 있습니다. 경기 순환 과정에서 자연스럽게 나타나기도 하며, 과열된 물가를 잡기 위한 정책적 수단으로 활용되기도 합니다.",미래에셋증권 증권용어사전,https://securities.miraeasset.com/hki/hki3028/r01.do
딜러 론(dealer loan),[],채권/금리/환율,딜러 론은 공사채 딜러가 업무에 필요한 채권 재고를 유지하거나 새로 매입하기 위해 조달하는 자금을 뜻합니다. 주로 증권을 담보로 은행에서 빌리거나 환매계약(RP)을 맺는 방식으로 자금을 마련합니다. 채권 시장의 원활한 운영을 위해 딜러가 자금을 확보하는 과정에서 쓰이는 용어입니다.,미래에셋증권 증권용어사전,https://securities.miraeasset.com/hki/hki3028/r01.do
딜러 시장(dealer markets),[],채권/금리/환율,"딜러 시장은 투자자가 매매할 의사를 가진 시장 참가자들과 직접 거래를 진행하는 채권 유통 시장의 한 형태입니다. 채권 관련 뉴스나 리포트에서 시장의 거래 구조를 설명할 때 주로 사용되는 용어입니다. 거래 상대방이 항상 존재한다는 점이 특징이나, 구체적인 거래 조건은 시장 상황에 따라 달라질 수 있습니다.",미래에셋증권 증권용어사전,https://securities.miraeasset.com/hki/hki3028/r01.do
라스파이레스식(Laspeyres formula),[],거시경제,라스파이레스식은 물가지수와 같은 종합지수를 산출할 때 사용하는 지수 공식 중 하나입니다. 가격 변동을 평균할 때 기준시점의 거래금액을 가중치로 삼아 계산하는 것이 특징입니다. 주로 거시경제 지표를 다루는 뉴스나 리포트에서 물가 변동을 측정하는 방식으로 언급됩니다.,미래에셋증권 증권용어사전,https://securities.miraeasset.com/hki/hki3028/r01.do
라이어빌리티 스왑(liability swap),[],파생/구조화상품,"라이어빌리티 스왑은 서로 다른 종류의 채무를 상호 간에 교환하는 거래를 뜻합니다. 대표적으로 금리스왑이나 통화스왑, 또는 이들을 조합한 형태의 채무 교환이 포함됩니다. 기업이나 기관이 부채의 이자 조건이나 통화 구성을 조정하여 채무 구조를 관리하고자 할 때 주로 활용됩니다.",미래에셋증권 증권용어사전,https://securities.miraeasset.com/hki/hki3028/r01.do
람다,[],파생/구조화상품,"람다는 기초자산의 변동성이 변할 때 옵션 가치가 얼마나 민감하게 반응하는지를 나타내는 지표입니다. 변동성 변화율에 대한 자산가치의 변화율을 의미하며, 람다의 절대값이 클수록 변동성이 조금만 변해도 포트폴리오 가치가 크게 변할 수 있습니다. 파생상품 시장에서 옵션의 레버리지를 직접적으로 측정하는 단위로 활용됩니다.",미래에셋증권 증권용어사전,https://securities.miraeasset.com/hki/hki3028/r01.do
래퍼곡선(Laffer curve),[],거시경제,"래퍼곡선은 세율과 정부의 세금 수입(세수) 사이의 관계를 나타낸 곡선입니다. 세율이 높아질수록 세수도 늘어나지만, 일정 수준(최적세부담률)을 넘어서면 오히려 경제 활동이 위축되어 세수가 줄어든다는 이론을 보여줍니다. 주로 경제 뉴스나 리포트에서 조세 정책의 효과를 설명할 때 인용됩니다.",미래에셋증권 증권용어사전,https://securities.miraeasset.com/hki/hki3028/r01.do
랜덤 워크 이론,[],가격/차트,"랜덤 워크 이론은 주가의 움직임이 과거의 변화나 특정 패턴에 얽매이지 않고 독립적으로 결정된다는 이론입니다. 오늘의 주가는 오늘의 변동 요인을, 내일의 주가는 내일의 요인을 각각 반영하기 때문에 서로 연관성이 없다고 봅니다. 과거 데이터를 분석해 미래를 예측하는 기술적 분석과는 상반된 관점으로, 이 이론에 따르면 주가의 향방을 예측하는 것은 불가능합니다.",미래에셋증권 증권용어사전,https://securities.miraeasset.com/hki/hki3028/r01.do
랩 어카운트 (Wrap Account),[],ETF/펀드,"랩 어카운트는 투자자가 증권사와 계약을 맺고 자산을 맡기면 증권사가 자산을 대신 운용해주는 계좌입니다. 증권사의 중개 업무와 자산운용사의 위탁 운용 업무의 중간적 성격을 띠며, 투자자가 직접 유망한 상품을 선택하기 어려운 경우 효율적인 자산 관리 수단으로 활용됩니다. 증권사가 고객으로부터 일임받아 매매를 수행하는 구조가 특징입니다.",미래에셋증권 증권용어사전,https://securities.miraeasset.com/hki/hki3028/r01.do
러셀 2000지수,[],가격/차트,"러셀 2000지수는 미국의 대표적인 중소형주 지수로, 약 2,000개의 중소형 기업 종목으로 구성되어 있습니다. 미국 시장 내 중소형주의 전반적인 주가 흐름을 파악할 때 주요 지표로 활용됩니다. 이 외에도 종목 구성 범위에 따라 러셀 1000지수나 러셀 3000지수 등이 함께 발표되기도 합니다.",미래에셋증권 증권용어사전,https://securities.miraeasset.com/hki/hki3028/r01.do
런던증권거래소(London Stock Exchange),[],시장/상장,"런던증권거래소는 영국의 대표적인 증권거래소입니다. 거래량, 거래대금, 상장 종목 수 등 규모 면에서 뉴욕, 도쿄증권거래소와 함께 세계적인 주요 거래소 중 하나로 꼽힙니다. 1973년 영국 전역의 거래소를 합병하여 단일 거래소로 설립되었으며, 과거에는 브로커와 딜러의 역할이 분리되어 있었으나 현재는 겸업이 가능하도록 운영 방식이 변화해 왔습니다.",미래에셋증권 증권용어사전,https://securities.miraeasset.com/hki/hki3028/r01.do
런던클럽,[],채권/금리/환율,"런던클럽은 국제상업은행들이 모여 국가의 상업채무를 조정하기 위해 만든 비공식 기구입니다. 채무를 깎아주거나 이자율을 낮추는 등 빚을 갚기 어려운 나라의 채무 구제 방안을 논의합니다. 주로 뉴스나 채권 시장에서 국가의 채무 재조정이나 상환 일정 변경(리스케쥴링) 소식을 다룰 때 언급되며, 상황에 따라 채무 삭감이나 이자율 인하 폭을 결정합니다.",미래에셋증권 증권용어사전,https://securities.miraeasset.com/hki/hki3028/r01.do
레귤러 웨이(regular way),[],거래/주문/결제,"레귤러 웨이는 미국 거래소에서 이루어지는 표준적인 결제 방식인 보통거래를 뜻합니다. 주식 매매가 성립된 날로부터 제5영업일까지 주식의 인도와 대금 결제를 완료하는 방식입니다. 실제 현물과 현금이 오가는 결제 거래라는 점에서 청산거래와 구분되며, 주로 해외 주식의 결제 원칙을 설명하는 맥락에서 쓰입니다.",미래에셋증권 증권용어사전,https://securities.miraeasset.com/hki/hki3028/r01.do
레귤레이션,[],거래/주문/결제,레귤레이션은 증권사가 고객에게 주식 매수 자금을 빌려주는 신용공여를 규제하는 규칙을 뜻합니다. 미국의 연방준비제도이사회(FRB)가 증거금률을 조정하여 과도한 신용 거래를 통제하는 '레귤레이션 T'가 대표적입니다. 증권사가 자금을 차입할 수 있는 기관을 제한하거나 고객으로부터 받는 증거금의 비율을 조절함으로써 시장 내 과도한 대출을 방지하는 역할을 합니다.,미래에셋증권 증권용어사전,https://securities.miraeasset.com/hki/hki3028/r01.do
레드칩,[],시장/상장,레드칩은 홍콩 증시에 상장된 중국 기업의 주식을 뜻하는 용어입니다. 우량주를 의미하는 블루칩에 대항하여 홍콩 주식 투자자들이 만든 신조어에서 유래했습니다. 홍콩 시장 내에서 상당한 시가총액 비중을 차지하며 시장의 흐름을 파악하는 주요 종목군을 지칭할 때 사용됩니다.,미래에셋증권 증권용어사전,https://securities.miraeasset.com/hki/hki3028/r01.do
레버리지,[],재무/회계,"레버리지는 기업이 사채나 우선주 같은 확정 이자부 증권을 활용할 때, 이것이 보통주 1주당 순이익(EPS)에 미치는 영향을 뜻합니다. 기업이 보통주만 발행했을 때와 달리 부채나 우선주를 활용하면 이익의 변동에 따라 주당 순이익이 더 크게 변하게 됩니다. 경기가 좋아 수익성이 높을 때는 주당 순이익을 빠르게 높이는 효과가 있지만, 반대로 불황일 때는 주당 순이익을 더 가파르게 낮추는 요인이 되기도 합니다.",미래에셋증권 증권용어사전,https://securities.miraeasset.com/hki/hki3028/r01.do
레버리지 ETN,[],ETF/펀드,"레버리지 ETN은 기초지수의 일일 변동폭을 2배, 3배 등 정해진 배수만큼 추종하는 상장지수증권(ETN)입니다. 지수가 상승할 때 더 큰 수익을 기대할 수 있는 만큼, 반대로 지수가 하락할 때는 손실 폭도 그만큼 커질 수 있습니다. 기초지수의 변동성이 클수록 실제 수익률이 예상과 다르게 나타날 수 있다는 점에 유의해야 합니다.",KB증권 금융용어사전,https://www.kbsec.com/go.able?linkcd=m04110000
레버리지 비율,[],거래/주문/결제,"레버리지 비율은 보유한 자산이나 증거금 대비 신용거래로 일으킬 수 있는 금액의 비율을 의미합니다. 지렛대(Leverage)라는 용어의 의미처럼, 적은 자본에 신용을 더해 거래 규모를 확대하는 것을 뜻합니다. 주식 거래 화면이나 주문 시 자산 대비 어느 정도의 신용을 사용하고 있는지 확인하는 용도로 쓰입니다.",KB증권 금융용어사전,https://www.kbsec.com/go.able?linkcd=m04110000
레버리지 효과(leverage effect),[],투자지표/밸류에이션,"레버리지 효과는 차입금 등 타인자본을 지렛대 삼아 자기자본이익률을 높이는 것을 의미합니다. 기업이 빌린 돈의 이자 비용보다 더 높은 수익률이 기대될 때 타인자본을 활용해 수익성을 높이는 상황을 설명할 때 주로 쓰입니다. 다만, 부채 비중이 높으면 불황기에 이자 부담이 커지는 등 재무적 위험이 발생할 수 있으므로 양면성을 함께 고려해야 합니다.",미래에셋증권 증권용어사전,https://securities.miraeasset.com/hki/hki3028/r01.do
레버리지형ETF,[],ETF/펀드,"레버리지형 ETF는 기초가 되는 지수나 기존 ETF 수익률의 2배 성과를 추구하는 상품입니다. 지수가 상승할 때 더 높은 수익을 기대할 수 있는 만큼, 지수가 하락할 때는 손실 폭도 2배로 커질 수 있습니다. 주로 시장의 방향성을 예측하여 대응하는 맥락에서 사용됩니다.",KB증권 금융용어사전,https://www.kbsec.com/go.able?linkcd=m04110000
레버리지효과,"[""레버리지 효과""]",주식 기초,"레버리지효과는 타인의 자본을 빌려 실제 자산보다 더 큰 규모로 투자함으로써 수익률을 높이는 효과를 의미합니다. 지렛대(Leverage) 원리처럼 적은 자본으로 큰 투자 성과를 추구할 때 사용되는 용어입니다. 다만, 기대 수익이 커지는 만큼 주가 하락 시 손실 규모도 확대될 수 있다는 점을 유의해야 합니다.",KB증권 금융용어사전,https://www.kbsec.com/go.able?linkcd=m04110000
레이팅,[],채권/금리/환율,"레이팅은 유가증권에 등급을 매기는 것을 의미합니다. 일반적으로는 기업이 사채(채권)를 발행할 수 있는 자격을 갖추었는지 평가하는 것을 말합니다. 순자산, 배당률, 자기자본비율, 자본이익률 등을 기준으로 채권을 발행할 수 있는 조건을 충족하는지 확인하며, 주식 시장에서 특정 기준에 따라 종목을 구분할 때 쓰이기도 합니다.",미래에셋증권 증권용어사전,https://securities.miraeasset.com/hki/hki3028/r01.do
롤링효과(rolling effect),[],채권/금리/환율,"롤링효과는 채권의 잔존기간이 짧아짐에 따라 수익률이 하락하고 채권가격이 상승하는 현상을 말합니다. 시장 금리 수준이 일정하더라도 시간이 흘러 만기가 가까워지면, 해당 채권의 수익률이 낮아지면서 가격이 오르는 효과가 나타납니다. 주로 채권 투자 관련 리포트나 시장 분석에서 채권 가격 변동의 원인을 설명할 때 사용됩니다.",미래에셋증권 증권용어사전,https://securities.miraeasset.com/hki/hki3028/r01.do
롤오버(Roll Over) (),[],파생/구조화상품,"롤오버는 선물 계약이나 대출 등의 만기가 되었을 때, 이를 청산하지 않고 다음 만기 시점까지 연장하는 것을 뜻합니다. 주식 시장에서는 선물 만기일에 보유한 포지션을 정리하는 대신 다음 월물로 교체하여 투자 상태를 유지하는 행위를 주로 의미합니다. 채권 발행이나 대출 기간을 연장할 때도 이 용어가 사용됩니다.",미래에셋증권 증권용어사전,https://securities.miraeasset.com/hki/hki3028/r01.do
리베이트(Rebate),[],파생/구조화상품,"리베이트는 파생결합상품의 기초자산 가격이 상승하거나 하락하여 낙아웃(Knock-Out) 조건에 도달했을 때 지급되는 약정 수익률입니다. 상품이 조기 종료되는 상황에서 발생하는 수익을 의미하며, 기초자산의 변동과 상품 구조에 따라 지급 여부가 결정됩니다.",iM증권 금융용어사전,https://www.imfnsec.com/research/financial_guide/fg000000.jsp
리스케쥴링(rescheduling),[],채권/금리/환율,"리스케쥴링은 채무자가 빚을 갚기 어렵거나 어려울 것으로 예상될 때, 기존의 상환 계획을 다시 짜서 조정하는 조치를 말합니다. 주로 채권 시장이나 기업 관련 뉴스에서 부채 상환 일정을 연기하거나 조건을 변경하는 상황을 설명할 때 쓰입니다. 이는 채무 불이행을 막기 위한 수단으로 활용되지만, 기업의 재무 건전성이나 신용 상태를 판단할 때 주의 깊게 살펴봐야 할 요소입니다.",미래에셋증권 증권용어사전,https://securities.miraeasset.com/hki/hki3028/r01.do
리츠(Reits-Real Estate Investment Trust),[],ETF/펀드,"리츠(REITs)는 다수의 투자자로부터 자금을 모아 부동산이나 관련 상품에 투자하고, 여기서 발생하는 수익을 투자자에게 배당으로 돌려주는 부동산투자회사입니다. 주식시장에 상장되어 일반 주식처럼 거래할 수 있다는 점이 특징입니다. 수익의 대부분을 배당으로 지급해야 하므로 투자자 입장에서는 정기적인 현금 흐름을 기대할 수 있으나, 기업 내부에 쌓아두는 자금이 적어 성장성이 제한될 수 있다는 점도 함께 고려해야 합니다.",미래에셋증권 증권용어사전,https://securities.miraeasset.com/hki/hki3028/r01.do
리파이낸스(refinance),[],채권/금리/환율,"리파이낸스는 수출입 거래와 관련하여 은행이 대금을 대신 지급하거나 자금을 미리 빌려주는 금융 지원을 뜻합니다. 주로 신용장이나 수출입 어음의 결제를 돕기 위해 활용됩니다. 기업의 무역 금융이나 자금 운용 상황을 설명하는 뉴스, 리포트 등에서 주로 사용됩니다.",미래에셋증권 증권용어사전,https://securities.miraeasset.com/hki/hki3028/r01.do
리플레이션(reflation),[],거시경제,리플레이션은 디플레이션에서 벗어나 심한 인플레이션에 이르기 전까지의 완만한 물가 상승 상태를 뜻합니다. 경기 불황으로 위축된 경제를 회복시키기 위해 통화량을 늘리는 등 정책적인 노력을 통해 물가를 적정 수준으로 올리는 과정을 의미하기도 합니다. 주로 거시경제 뉴스나 리포트에서 경기 회복 국면을 설명할 때 사용됩니다.,미래에셋증권 증권용어사전,https://securities.miraeasset.com/hki/hki3028/r01.do
마진 머니(margin money),[],채권/금리/환율,"마진 머니는 외국환은행이 수입신용장을 개설할 때 수입업자로부터 받는 일정한 보증금을 의미합니다. '수입담보금'이라고도 불리며, 은행이 수입업자의 대금 결제를 보증하는 과정에서 담보 성격으로 징수하는 자금을 뜻합니다.",미래에셋증권 증권용어사전,https://securities.miraeasset.com/hki/hki3028/r01.do
마진 콜(margin call) (margin cal),[],파생/구조화상품,"마진 콜은 선물 거래 등에서 계약 이행을 보증하기 위해 예치한 증거금이 시장 가격 하락으로 인해 일정 수준 이하로 감소했을 때, 부족한 증거금을 원래 수준으로 즉시 채워 넣으라는 요구를 뜻합니다. 투자자가 보유한 자산의 가치가 하락하여 담보가 부족해질 때 발생하며, 증거금을 보충하지 못할 경우 발생할 수 있는 상황에 유의해야 합니다.",미래에셋증권 증권용어사전,https://securities.miraeasset.com/hki/hki3028/r01.do
마진거래(margin transaction),[],거래/주문/결제,"마진거래는 매매대금의 일정 비율을 증거금으로 맡기고, 부족한 자금이나 주식을 증권사로부터 빌려 주식을 사고파는 거래 방식입니다. 우리나라의 신용거래와 유사한 형태이며, 자금을 빌려 주식을 사는 '증거금 매수'와 주식을 빌려 파는 '공매'로 구분됩니다. 주로 미국 시장의 매매 방식을 설명할 때 사용되는 용어입니다.",미래에셋증권 증권용어사전,https://securities.miraeasset.com/hki/hki3028/r01.do
마진콜,[],파생/구조화상품,"마진콜은 선물 거래 등에서 손실이 커져 거래를 유지하기 위한 최소한의 증거금이 부족해질 때, 이를 추가로 채워 넣으라고 요구하는 제도입니다. 당일 시세에 따라 매일 손익을 정산하는 과정에서 발생하며, 요구받은 증거금을 채우지 못하면 거래를 계속 유지하기 어려울 수 있습니다.",KB증권 금융용어사전,https://www.kbsec.com/go.able?linkcd=m04110000
만기,[],ETF/펀드,"만기는 ETN의 최종 상환일로, 상품이 발행될 때 미리 정해진 기간이 끝나는 날을 의미합니다. ETN은 일반적인 주식과 달리 만기가 있는 상품이므로, 투자 시 해당 날짜를 확인하는 것이 중요합니다.",KB증권 금융용어사전,https://www.kbsec.com/go.able?linkcd=m04110000
만기 이전 상환,[],채권/금리/환율,만기 이전 상환은 채권을 발행한 곳에서 정해진 만기일이 되기 전에 원금을 미리 갚을 수 있는 권리를 의미합니다. 주로 채권 관련 공시나 상세 정보에서 발행자가 이 권리를 행사할 수 있는 조건이 있는지 확인할 때 쓰입니다. 발행자의 결정에 따라 원금을 예상보다 일찍 돌려받게 될 수 있으므로 채권의 세부 조건을 파악하는 것이 중요합니다.,KB증권 금융용어사전,https://www.kbsec.com/go.able?linkcd=m04110000
만기보유전략(buy and hold strategy),[],채권/금리/환율,"만기보유전략은 채권을 만기까지 보유하여 투자 시점에 수익을 확정하는 전략입니다. 미래의 시장 변화나 투자 위험을 예측할 필요가 없다는 것이 장점입니다. 다만, 금리가 상승하여 채권 가격이 하락할 경우 더 낮은 가격에 매수할 기회를 놓치는 기회손실이 발생할 수 있다는 점을 유의해야 합니다.",미래에셋증권 증권용어사전,https://securities.miraeasset.com/hki/hki3028/r01.do
"만기상환일, 만기일",[],채권/금리/환율,"만기상환일은 투자자가 만기상환금액을 돌려받을 수 있는 날입니다. 채권이나 금융상품의 계약 기간이 종료되는 시점을 의미하며, 만약 해당 날짜가 영업일이 아닌 경우에는 돌아오는 첫 번째 영업일이 만기상환일이 됩니다.",KB증권 금융용어사전,https://www.kbsec.com/go.able?linkcd=m04110000
만기수익률(yield to maturity),[],채권/금리/환율,"만기수익률은 채권을 만기까지 보유했을 때 얻을 수 있는 수익률을 의미합니다. 채무불이행 없이 약속된 현금 흐름이 모두 실현되고, 지급받은 표면이자를 만기까지 동일한 수익률로 재투자한다는 조건이 충족되어야 실현될 수 있습니다. 시장이자율이나 내부수익률로도 불리며, 채권의 현재 시장 가격과 미래 수익의 현재 가치를 일치시키는 할인율의 개념으로도 쓰입니다.",미래에셋증권 증권용어사전,https://securities.miraeasset.com/hki/hki3028/r01.do
만기연장,[],거래/주문/결제,"만기연장은 신용거래나 대출거래의 만기상환일을 늦추는 것을 뜻합니다. 한 번에 180일씩, 최대 6회까지 연장할 수 있습니다. 신용거래나 대출거래가 가능한 종목에 한해 신청할 수 있으며, 주식 거래 화면에서 상환 기한을 관리할 때 주로 확인하는 항목입니다.",KB증권 금융용어사전,https://www.kbsec.com/go.able?linkcd=m04110000
만기연장(신용/대출),[],거래/주문/결제,"만기연장은 신용거래나 대출거래를 통해 빌린 자금의 상환 기한을 뒤로 늦추는 것을 의미합니다. 주식 거래 화면이나 계좌 관리 메뉴에서 상환 기한이 다가왔을 때 신청할 수 있습니다. 모든 종목이 가능한 것은 아니며, 신용거래나 대출거래가 가능한 종목에 한해 연장할 수 있습니다.",iM증권 금융용어사전,https://www.imfnsec.com/research/financial_guide/fg000000.jsp
만기일,[],채권/금리/환율,"만기일은 채권의 계약 기간이 만료되어 원금을 상환받을 수 있는 날짜를 의미합니다. 채권 투자 시 원금 회수 시점을 파악하는 기준이 되며, 주로 채권 상품 정보나 공시 화면에서 확인할 수 있습니다.",KB증권 금융용어사전,https://www.kbsec.com/go.able?linkcd=m04110000
만기전 소구,[],채권/금리/환율,"만기전 소구는 환어음이나 약속어음의 발행인이 인수를 거절하거나 신용 상태가 나빠져 만기에 대금을 받기 어려울 것으로 예상될 때, 어음 소지인이 만기 전이라도 발행인이나 배서인에게 대금 상환을 청구할 수 있는 제도입니다. 어음의 지급 가능성이 낮아진 상황에서 소지인이 만기까지 기다리지 않고 미리 권리를 행사할 수 있도록 마련된 장치입니다.",미래에셋증권 증권용어사전,https://securities.miraeasset.com/hki/hki3028/r01.do
만기평가가격,"[""만기 평가가격""]",파생/구조화상품,만기평가가격은 ELS나 DLS 같은 파생결합상품의 만기평가일에 결정되는 기초자산의 종가입니다. 투자자가 만기에 돌려받을 상환금액을 결정하는 기준이 됩니다. 만기 시점의 공시나 상품 안내 화면에서 수익 조건을 달성했는지 판단할 때 사용합니다.,KB증권 금융용어사전,https://www.kbsec.com/go.able?linkcd=m04110000
매도 초과 포지션(oversold position),[],채권/금리/환율,"매도 초과 포지션은 일정 기간 외환 거래 결과, 외화를 판 금액이 산 금액보다 많아 외화 부채가 외화 자산보다 많은 상태를 뜻합니다. '숏 포지션(short position)'이라고도 불리며, 외환 시장이나 관련 뉴스에서 거래 주체의 포지션 현황을 설명할 때 사용됩니다. 환율 변동에 따라 부채의 가치가 변할 수 있는 상태임을 나타냅니다.",미래에셋증권 증권용어사전,https://securities.miraeasset.com/hki/hki3028/r01.do
"매도 헤징(selling hedging, short selling)",[],파생/구조화상품,"매도 헤징은 금리 상승 등으로 보유한 유가증권의 가격이 하락할 것이 예상될 때, 자산 가치 하락 위험을 피하기 위해 선물 매도 계약을 체결하는 것을 뜻합니다. 'short selling'이라고도 하며, 가격 하락에 따른 손실을 방어하려는 목적으로 파생상품 시장에서 활용됩니다. 시장 상황에 따라 위험 회피 효과가 달라질 수 있으므로 상황에 맞는 해석이 필요합니다.",미래에셋증권 증권용어사전,https://securities.miraeasset.com/hki/hki3028/r01.do
매도가능수량,[],거래/주문/결제,매도가능수량은 계좌에 보유한 주식 중 현재 즉시 매도 주문을 낼 수 있는 수량을 의미합니다. 전체 보유 수량에서 이미 매도 주문을 접수했으나 아직 체결되지 않은 수량을 제외하고 계산합니다. 주식 주문 화면에서 실제로 팔 수 있는 물량을 확인하는 용도로 쓰입니다.,KB증권 금융용어사전,https://www.kbsec.com/go.able?linkcd=m04110000
매도주문,[],거래/주문/결제,매도주문은 보유하고 있는 종목을 팔기 위해 내는 주문입니다. ETF 등 보유한 종목을 선택하고 수량과 가격을 지정하여 주문을 제출하는 과정을 의미합니다. 주식 거래 화면에서 실제 매매를 진행할 때 사용하는 용어입니다.,KB증권 금융용어사전,https://www.kbsec.com/go.able?linkcd=m04110000
매매거래 중단,[],거래/주문/결제,"매매거래 중단은 시장이 급격히 하락할 때 수급 불균형을 방지하기 위해 도입된 시장조치로, 흔히 서킷브레이커(Circuit Breakers)라고 불립니다. 종합주가지수가 10% 이상 하락하여 1분간 지속되는 경우 모든 종목의 매매를 중단합니다. 발동 후 20분이 지나면 단일가 매매 방식으로 거래가 재개되며, 프로그램 매매 관리와 시장 안정을 위해 시행됩니다.",미래에셋증권 증권용어사전,https://securities.miraeasset.com/hki/hki3028/r01.do
"매매거래중단 (서킷브레이커, Circuit Breakers)",[],거래/주문/결제,"매매거래중단(서킷브레이커)은 주가지수가 전일 대비 급격하게 하락할 때 시장의 충격을 완화하기 위해 모든 종목의 거래를 일시적으로 멈추는 제도입니다. 코스피 지수가 전일 종가보다 8%, 15%, 20% 이상 하락하여 1분간 지속될 때 단계별로 발동됩니다. 서킷브레이커가 발동되면 20분간 매매가 중단되며, 이 기간에는 새로운 호가를 제출할 수 없지만 기존에 접수했던 호가의 취소는 가능합니다. 중단 후 20분이 지나면 10분간 호가를 모아 단일가 매매로 거래를 재개하며, 그 이후에는 일반적인 접속 매매 방식으로 체결됩니다.",KB증권 금융용어사전,https://www.kbsec.com/go.able?linkcd=m04110000
매매손실 준비금,[],재무/회계,"매매손실 준비금은 증권회사가 주식 매매 과정에서 발생할 수 있는 손실에 대비하여, 자기매매로 얻은 이익의 일부를 사내에 적립해 두는 준비금입니다. 예측하기 어려운 시장 위험으로부터 회사의 재무 건전성을 유지하기 위해 활용됩니다. 주로 증권사의 재무제표나 관련 공시에서 기업의 운영 안정성을 나타내는 항목으로 쓰입니다.",미래에셋증권 증권용어사전,https://securities.miraeasset.com/hki/hki3028/r01.do
매매심리(surveillance on the market),[],거래/주문/결제,"매매심리는 주식 시장에서 이상거래나 시세조종 등 불공정 거래 행위가 있는지 감시하고 조사하는 과정입니다. 거래소는 주가나 거래량이 비정상적으로 변동하는 종목을 살피며 법 위반 여부를 검토합니다. 조사 결과에 따라 투자 유의사항 공시, 감리대상종목 지정, 매매거래 정지 등의 시장 조치가 취해질 수 있습니다.",미래에셋증권 증권용어사전,https://securities.miraeasset.com/hki/hki3028/r01.do
"매매차익, 자본이득, 자본차익",[],ETF/펀드,"매매차익은 펀드가 주식이나 채권 등에 투자하여 발생한 시세 차익을 뜻합니다. 자본이득 또는 자본차익이라고도 하며, 투자한 자산의 가격이 변동함에 따라 발생하는 이익을 설명할 때 주로 사용합니다.",KB증권 금융용어사전,https://www.kbsec.com/go.able?linkcd=m04110000
매물대,[],가격/차트,"매물대는 특정 가격대에서 거래가 집중적으로 이루어진 구간을 막대 그래프로 보여주는 지표입니다. 차트에서 막대의 크기는 전체 거래 중 해당 가격대의 거래가 차지하는 비중을 나타냅니다. 매물대가 두터울수록 주가 상승 시 매도 물량이 늘어날 수 있는 부담 요인으로 작용하기도 하며, 반대로 매물대가 얇은 구간은 상대적으로 주가 움직임의 부담이 적다고 해석되기도 합니다.",KB증권 금융용어사전,https://www.kbsec.com/go.able?linkcd=m04110000
매수주문,[],거래/주문/결제,"매수주문은 주식이나 ETF 등을 사기 위해 내는 주문을 뜻합니다. 일반적으로 종목, 수량, 가격을 지정하여 주문을 진행하며, 거래 화면에서 매수 의사를 전달하는 가장 기본적인 단계입니다.",KB증권 금융용어사전,https://www.kbsec.com/go.able?linkcd=m04110000
매수주문/매도주문,[],거래/주문/결제,"매수주문과 매도주문은 주식을 사거나 팔기 위해 원하는 가격과 수량을 지정하여 거래소에 제출하는 것을 뜻합니다. 주식 거래 화면에서 투자자가 자신의 매매 의사를 전달할 때 사용하는 가장 기본적인 용어로, 매수는 주식을 구매하는 행위를, 매도는 주식을 판매하는 행위를 의미합니다.",KB증권 금융용어사전,https://www.kbsec.com/go.able?linkcd=m04110000
매수호가/매도호가,[],거래/주문/결제,"매수호가는 주식을 사려는 사람이, 매도호가는 주식을 팔려는 사람이 제시한 가격을 뜻합니다. 호가는 '가격을 부른다'는 의미로, 주식 거래 화면에서 5단계 또는 10단계 등 여러 단계로 나뉘어 표시됩니다. 시장 참여자들이 현재 어느 정도 가격에 거래하기를 원하는지 확인하는 지표로 활용됩니다.",KB증권 금융용어사전,https://www.kbsec.com/go.able?linkcd=m04110000
매입 초과 포지션(overbought position),[],채권/금리/환율,"매입 초과 포지션은 외환 거래 결과 매입액이 매도액을 초과하여 외화 자산이 부채보다 많은 상태를 뜻합니다. '롱 포지션(Long Position)'이라고도 하며, 보유한 통화의 가치가 오르면 환차익이 발생하고 가치가 떨어지면 환차손이 발생할 수 있습니다. 환율 변동에 따른 손익 구조를 설명할 때 주로 사용됩니다.",미래에셋증권 증권용어사전,https://securities.miraeasset.com/hki/hki3028/r01.do
매입 헤징(long hedging),[],파생/구조화상품,"매입 헤징은 미래의 금리 하락에 따른 가격 변동 위험을 피하기 위해 선물 매수 계약을 체결하는 것을 뜻합니다. 파생상품 시장에서 금리 변동으로 인한 불확실성을 관리하기 위한 수단으로 활용됩니다. 금리 하락 시 발생할 수 있는 위험을 선물 계약을 통해 상쇄하려는 목적을 가지며, 시장 상황에 따라 실제 결과는 달라질 수 있습니다.",미래에셋증권 증권용어사전,https://securities.miraeasset.com/hki/hki3028/r01.do
매입보유전략(buy and hold strategy),[],주식 기초,"매입보유전략은 특정 주식이나 포트폴리오를 매수한 뒤 장기간 보유하는 방식입니다. 매매 시점을 잡는 데 집중하기보다 장기적인 보유를 통해 성과를 기대하는 것이 특징입니다. 성장주 투자와 연결되어 언급되기도 하며, 시장의 효율성에 따라 전략의 유효성이 다르게 평가될 수 있습니다.",미래에셋증권 증권용어사전,https://securities.miraeasset.com/hki/hki3028/r01.do
매입청구,[],ETF/펀드,"매입청구는 펀드에 투자하기 위해 자금을 입금하는 것을 의미합니다. 펀드에 가입하거나 추가로 투자할 때 쓰이는 용어로, 신청 당일의 기준가로 즉시 매입되지 않는다는 특징이 있습니다. 펀드 종류에 따라 실제 매입이 확정되는 날짜가 다를 수 있으므로 확인이 필요합니다.",iM증권 금융용어사전,https://www.imfnsec.com/research/financial_guide/fg000000.jsp
매출,[],재무/회계,"매출은 기업이 영업활동을 통해 상품을 판매한 금액을 의미합니다. 기업이 상품을 얼마나 많이 판매했는지 보여주는 지표로, 재무제표나 뉴스에서 기업의 실적과 규모를 파악할 때 주로 쓰입니다. 기준 기간의 매출액이 비교 기간 대비 얼마나 늘거나 줄었는지를 통해 기업의 영업 활동과 산업 동향을 파악할 수 있습니다.",KB증권 금융용어사전,https://www.kbsec.com/go.able?linkcd=m04110000
매출액,[],재무/회계,매출액은 기업이 영업활동을 통해 상품이나 제품을 판매하거나 서비스를 제공하고 얻은 대가를 의미합니다. 재무제표에서 기업의 외형적인 규모와 성장성을 판단하는 가장 기본적인 지표로 활용됩니다. 일시적인 수치 변화보다는 장기적인 추세를 확인하는 것이 기업의 방향성을 파악하는 데 중요합니다.,KB증권 금융용어사전,https://www.kbsec.com/go.able?linkcd=m04110000
매출채권 담보대출(account receivable loan),[],재무/회계,"매출채권 담보대출은 기업이 물건을 팔고 아직 받지 못한 돈인 매출채권을 담보로 은행에서 운전자금을 빌리는 것을 말합니다. 기업의 신용도나 재무 상태에 따라 담보나 보증 조건이 달라질 수 있습니다. 주로 기업이 현금을 미리 확보하여 자금 흐름을 관리할 때 활용하며, 재무제표나 공시를 통해 기업의 자금 조달 방식을 확인할 때 쓰입니다.",미래에셋증권 증권용어사전,https://securities.miraeasset.com/hki/hki3028/r01.do
매출총이익,[],재무/회계,"매출총이익은 매출액에서 상품이나 서비스를 생산하는 데 직접 들어간 비용인 매출원가를 뺀 금액입니다. 기업이 제공하는 상품과 서비스의 기본적인 수익성을 파악하는 지표로 쓰입니다. 매출액 대비 매출원가 비중이 낮을수록 수익성이 좋다고 볼 수 있으나, 산업 특성이나 경영 환경에 따라 해석이 달라질 수 있습니다.",KB증권 금융용어사전,https://www.kbsec.com/go.able?linkcd=m04110000
매칭(matching),[],채권/금리/환율,"매칭은 외화자금의 유입과 유출을 통화별, 만기별로 일치시켜 환율 변동에 따른 위험을 관리하는 기법입니다. 자금 흐름의 불일치에서 발생할 수 있는 환차손 위험을 원천적으로 제거하기 위해 사용됩니다. 주로 기업의 환리스크 관리 현황을 다루는 뉴스나 리포트 등에서 볼 수 있습니다.",미래에셋증권 증권용어사전,https://securities.miraeasset.com/hki/hki3028/r01.do
매크로펀드(macro fund),[],ETF/펀드,"매크로펀드는 환율, 금리 등 거시경제 변수나 국가별 정책 변화를 예측하여 투자하는 펀드입니다. 레버리지나 파생상품 등을 활용해 전 세계 경제의 흐름에서 발생하는 다양한 기회를 포착하여 수익을 추구하는 것이 특징입니다. 경제 상황에 대한 예측과 전략에 따라 성과가 결정되므로, 시장의 변화를 어떻게 해석하느냐에 따라 결과가 달라질 수 있습니다.",미래에셋증권 증권용어사전,https://securities.miraeasset.com/hki/hki3028/r01.do
맨데이트 레터(mandate letter),[],채권/금리/환율,맨데이트 레터는 채권 발행을 준비하는 기업이 주간사 회사를 선정하고 업무를 맡기기 위해 보내는 교섭의뢰서입니다. 이 서류를 발송함으로써 채권 발행 업무를 주도할 주간사 회사가 공식적으로 확정됩니다. 통상적으로 기업의 이사회 결의 직전에 발송되는 것이 관례입니다.,미래에셋증권 증권용어사전,https://securities.miraeasset.com/hki/hki3028/r01.do
메릴린치,[],수급/투자자,메릴린치는 미국에 본사를 둔 세계적인 증권 회사입니다. 증권 투자의 대중화와 종합 금융화를 이끄는 데 기여한 기업으로 알려져 있습니다. 국내 주식 시장에서는 주로 외국계 증권사 창구를 통한 거래 현황이나 수급 관련 정보에서 그 이름을 확인할 수 있습니다.,미래에셋증권 증권용어사전,https://securities.miraeasset.com/hki/hki3028/r01.do
메이저(major),[],거시경제,"메이저는 세계적인 규모의 산유, 정유, 수송, 판매망을 모두 보유한 거대 국제석유회사를 의미합니다. 엑손모빌, BP, 로열더치쉘 등이 대표적인 사례로 꼽히며, 석유 시장 전반에 걸쳐 강력한 영향력을 행사합니다. 1970년대 후반 OPEC의 결속 이후 과거보다 독점적 지위는 상대적으로 낮아졌으나, 국제 유가와 에너지 산업의 흐름을 파악할 때 여전히 중요한 지표로 언급됩니다.",미래에셋증권 증권용어사전,https://securities.miraeasset.com/hki/hki3028/r01.do
면세형 투자신탁,[],ETF/펀드,"면세형 투자신탁은 이익분배금에 대해 소득세가 부과되지 않거나, 세금이 면제되는 대상에게만 수익증권을 판매하는 투자신탁을 뜻합니다. 펀드나 ETF의 수익 구조를 설명할 때 사용되며, 투자자가 받는 분배금의 세금 처리 방식과 관련이 있습니다. 면세 혜택의 적용 범위나 대상은 개별 상품의 조건에 따라 달라질 수 있습니다.",미래에셋증권 증권용어사전,https://securities.miraeasset.com/hki/hki3028/r01.do
명령상장(listing by order),[],시장/상장,"명령상장은 재정경제부 장관이 공익이나 투자자 보호를 위해 필요하다고 인정할 때 증권거래소에 유가증권의 상장을 명하는 것을 뜻합니다. 일반적으로 상장은 발행인의 신청과 심사를 거쳐 진행되지만, 명령상장은 정책적 목적에 따라 예외적으로 이루어지는 상장 방식입니다.",미래에셋증권 증권용어사전,https://securities.miraeasset.com/hki/hki3028/r01.do
명목수익률(nominal return),[],거시경제,명목수익률은 물가 상승에 따른 화폐 가치의 변화를 고려하지 않은 투자수익률입니다. 피셔 효과에 따르면 명목수익률은 실질수익률과 기대 인플레이션율의 합으로 나타낼 수 있습니다. 투자 리포트나 거시경제 지표를 다루는 뉴스에서 실제 구매력의 변화를 반영한 실질수익률과 대비되는 개념으로 주로 쓰입니다.,미래에셋증권 증권용어사전,https://securities.miraeasset.com/hki/hki3028/r01.do
명의개서 대행업무(transfer agence service),[],공시/기업행위,"명의개서 대행업무는 주식을 발행한 회사가 주주 명부를 관리하거나 주식의 소유자 이름을 바꾸는 등의 업무를 외부 전문 기관에 맡겨 처리하는 것을 뜻합니다. 발행회사와 계약을 맺은 명의개서 대리인이 관련 업무 전반을 대신 수행하며, 주로 기업 공시나 주주 관리 체계를 설명할 때 사용되는 용어입니다.",미래에셋증권 증권용어사전,https://securities.miraeasset.com/hki/hki3028/r01.do
명의개서(transfer of stocks),[],공시/기업행위,명의개서는 주식을 취득한 후 발행회사의 주주명부에 성명과 주소 등을 기재하는 절차를 의미합니다. 주주명부에 이름을 올려야 배당이나 증자 등 주주로서의 권리를 정식으로 인정받을 수 있습니다. 실물 주권과 신청서를 발행회사나 사무를 위탁받은 증권대행회사에 제출하여 진행합니다.,미래에셋증권 증권용어사전,https://securities.miraeasset.com/hki/hki3028/r01.do
모기지 증권(mortgage),[],채권/금리/환율,"모기지 증권은 주택이나 상업용 부동산을 담보로 하는 대출채권을 증권화한 것입니다. 부동산 대출을 기초 자산으로 하여 발행되며, 채권 시장이나 거시 경제 뉴스에서 금리 및 부동산 경기와 연관되어 자주 언급됩니다. 담보가 되는 부동산의 성격이나 대출 조건에 따라 위험도나 수익 구조가 달라질 수 있습니다.",미래에셋증권 증권용어사전,https://securities.miraeasset.com/hki/hki3028/r01.do
모라토리엄(moratorium),[],거시경제,"모라토리엄은 정부가 특정 형태나 모든 형태의 채무에 대해 일정 기간 동안 상환을 연기하는 조치를 뜻합니다. 주로 국가 경제 위기 상황을 다루는 뉴스나 리포트에서 언급됩니다. 채무 상환을 일시적으로 멈추는 것이므로, 이후의 경제 상황 변화나 협상 결과에 따라 시장에 미치는 영향이 달라질 수 있습니다.",미래에셋증권 증권용어사전,https://securities.miraeasset.com/hki/hki3028/r01.do
모자형,[],ETF/펀드,"모자형은 자금을 직접 운용하는 '모펀드'와 이 모펀드에만 투자하는 '자펀드'로 구성된 펀드 유형입니다. 투자자가 자펀드에 투자하면, 자펀드는 그 자금을 모펀드에 다시 투자하여 운용하는 구조를 가집니다. 펀드 정보나 공시에서 펀드의 운용 구조를 설명할 때 주로 사용됩니다.",KB증권 금융용어사전,https://www.kbsec.com/go.able?linkcd=m04110000
모자형 투자신탁(family fund),[],ETF/펀드,모자형 투자신탁은 여러 개의 개별 펀드(자신탁) 자산을 하나 또는 여러 개의 모펀드(모신탁)에 모아 통합 운용하는 집중관리 형태의 투자신탁입니다. 투자자가 실제로 가입하는 자신탁은 직접 자산을 운용하는 대신 모신탁의 수익증권을 편입하여 운용하는 구조를 가집니다. 펀드의 성격에 따라 자산을 효율적으로 관리하기 위해 사용되는 운용 방식입니다.,미래에셋증권 증권용어사전,https://securities.miraeasset.com/hki/hki3028/r01.do
모집,[],공시/기업행위,"모집은 50명 이상의 투자자에게 새롭게 발행되는 증권을 취득하도록 청약을 권유하는 행위입니다. 주로 기업이 자금을 조달하기 위해 공시를 낼 때 사용하는 용어로, 다수의 투자자를 대상으로 한다는 점이 특징입니다.",iM증권 금융용어사전,https://www.imfnsec.com/research/financial_guide/fg000000.jsp
모집설립,[],공시/기업행위,"모집설립은 주식회사를 설립할 때 발기인이 주식의 일부만 인수하고, 남은 주식에 대해서는 주주를 공개적으로 모집하여 자본금을 마련하는 형태입니다. 발기인만으로 창립 자본금을 모두 충당할 수 없을 때 주로 사용됩니다. 기업의 설립 공시 등에서 자본 조달 구조를 설명하는 맥락에서 확인할 수 있습니다.",미래에셋증권 증권용어사전,https://securities.miraeasset.com/hki/hki3028/r01.do
모험기업(ventures),[],시장/상장,"모험기업은 새로운 분야에 도전적으로 진출한 기업을 뜻합니다. 전통적인 기업 체제에서 벗어나 규모는 작지만 높은 생산성을 갖춘 기술·지식 집약적인 성격을 띱니다. 주로 정보통신이나 전자 산업 분야에서 많이 나타나며, 기존 시장과는 다른 새로운 가치를 창출하는 특징이 있습니다.",미래에셋증권 증권용어사전,https://securities.miraeasset.com/hki/hki3028/r01.do
무기명 사채,[],채권/금리/환율,"무기명 사채는 채권자의 이름을 채권 증서나 발행 회사의 장부에 기록하지 않은 사채를 말합니다. 채권을 다른 사람에게 넘겨주는 것만으로도 권리가 이전되는 효력이 있어, 이름을 기록하는 기명 사채보다 유통성이 높다는 특징이 있습니다.",미래에셋증권 증권용어사전,https://securities.miraeasset.com/hki/hki3028/r01.do
무기명주식(bearer stock),[],주식 기초,"무기명주식은 주권에 주주의 이름을 기재하지 않고, 회사의 주주명부에도 명의개서를 하지 않는 주식을 뜻합니다. 주식을 실제로 소지하고 있는 사람이 주주로서의 권리를 행사할 수 있는 것이 특징입니다.",미래에셋증권 증권용어사전,https://securities.miraeasset.com/hki/hki3028/r01.do
무담보 사채,[],채권/금리/환율,무담보 사채는 별도의 담보 없이 발행 회사의 신용에 의지해 원금과 이자를 지급하는 형태의 사채입니다. 회사의 재무 상태가 양호해야 발행할 수 있도록 법적 제약이 따르기도 합니다. 일반적으로 담보가 있는 사채나 보증 사채보다 이자율 등의 발행 조건이 유리하게 설정되는 특징이 있습니다.,미래에셋증권 증권용어사전,https://securities.miraeasset.com/hki/hki3028/r01.do
무보증 채권,[],채권/금리/환율,"무보증 채권은 발행사가 별도의 담보를 제공하거나 제3자의 지급 보증을 받지 않고 발행한 채권입니다. 발행사의 신용도에만 의존하여 발행되므로, 만약 발행사가 채무를 이행하지 못할 경우 원리금 지급을 보장받을 수 있는 별도의 장치가 없습니다. 채권 시장이나 기업 공시에서 발행사의 신용 위험을 파악할 때 주로 사용되는 용어입니다.",KB증권 금융용어사전,https://www.kbsec.com/go.able?linkcd=m04110000
무보증사채(non-granted bond),[],채권/금리/환율,"무보증사채는 금융기관의 지급보증 없이 발행회사가 자신의 신용만으로 발행하는 회사채를 말합니다. 발행하는 회사의 신용도에 따라 이자율이 다르게 결정되는 것이 특징입니다. 기업의 재무 상태나 신용평가 결과가 발행 조건에 큰 영향을 미치므로, 공시나 리포트에서 기업의 신용도를 확인하는 지표로 활용됩니다.",미래에셋증권 증권용어사전,https://securities.miraeasset.com/hki/hki3028/r01.do
무상주의 교부,[],공시/기업행위,"무상주의 교부는 주주에게 별도의 대가를 받지 않고 주식을 발행하여 나누어 주는 것을 의미합니다. 기업이 벌어들인 이익을 주식으로 나누어 주는 '주식배당'이나, 회사가 보유한 잉여금을 자본금으로 전환하여 주주에게 주식을 배분하는 '잉여금의 자본전입'을 통해 이루어집니다. 주로 공시나 재무제표에서 기업의 자본 구조 변화를 설명할 때 사용되는 용어입니다.",미래에셋증권 증권용어사전,https://securities.miraeasset.com/hki/hki3028/r01.do
무상증자,[],공시/기업행위,"무상증자는 주주에게 추가 자금을 받지 않고 신주를 발행하여 자본금을 늘리는 기업 행위입니다. 회사가 보유한 준비금이나 자산 재평가 적립금을 자본금으로 옮기는 방식으로 진행됩니다. 회사의 실질적인 재산이 늘어나는 것은 아니지만, 자본 구조를 개선하거나 주주 환원을 목적으로 시행합니다. 무상증자를 하면 주식 수는 늘어나는 대신 주당 가치는 낮아지며, 권리락으로 인해 주가가 조정될 수 있습니다.",미래에셋증권 증권용어사전,https://securities.miraeasset.com/hki/hki3028/r01.do
무역수지(balance of trade),[],거시경제,"무역수지는 일정 기간 한 나라가 수출한 상품 총액과 수입한 상품 총액의 차이를 뜻합니다. 국가 간 거래를 보여주는 국제수지표의 가장 기본적인 지표로, 경제 뉴스나 리포트에서 국가 경제 상황을 파악할 때 자주 활용됩니다. 다만 서비스 거래(운임, 보험, 여행 등)나 증여 등은 제외되므로, 무역수지만으로 국가 전체의 대외 거래 균형을 판단하기에는 한계가 있어 보통 경상수지와 함께 분석합니다.",미래에셋증권 증권용어사전,https://securities.miraeasset.com/hki/hki3028/r01.do
무역어음(trade bill),[],채권/금리/환율,"무역어음은 수출기업이 원자재 구입 자금을 조달하기 위해 발행하는 어음입니다. 수출 신용장(L/C)이 확보되면 발행할 수 있으며, 기업이 이를 금융기관에 제시해 자금을 빌리는 방식으로 활용됩니다. 발행 기간은 180일 이내(신용장 만기일+10일 이내)로 제한되며, 금리는 기업어음(CP)과 유사한 수준에서 결정됩니다. 금융기관이 이 어음을 일반 투자자에게 판매하여 자금을 회전시키기도 합니다.",미래에셋증권 증권용어사전,https://securities.miraeasset.com/hki/hki3028/r01.do
무역외수지,[],거시경제,"무역외수지는 외국과 서비스를 거래하며 벌어들인 돈과 지급한 돈의 차이를 뜻합니다. 운임, 이자, 관광, 해외 송금 등 상품 수출입 이외의 거래 결과가 반영됩니다. 거시경제 뉴스나 리포트에서 국가의 전반적인 경제 흐름을 파악하는 지표로 활용됩니다.",미래에셋증권 증권용어사전,https://securities.miraeasset.com/hki/hki3028/r01.do
무역지수,[],거시경제,"무역지수는 수출입의 변동 원인을 자세히 파악하기 위해 작성하는 통계 지표입니다. 수출입 금액지수, 수출입 단가지수, 수출입 물량지수로 구성됩니다. 거시경제 뉴스나 리포트에서 국가의 무역 흐름을 분석할 때 주로 사용되며, 단순히 금액의 변화뿐만 아니라 물량이나 단가의 변화를 구분해서 볼 때 유용합니다.",미래에셋증권 증권용어사전,https://securities.miraeasset.com/hki/hki3028/r01.do
무위험이자율(risk free rate),[],채권/금리/환율,"무위험이자율은 투자에 따른 위험이 전혀 없는 상태에서 기대할 수 있는 수익률을 뜻합니다. 화폐의 시간적 가치만을 고려한 순수한 이자율로, 무위험수익률이나 순수이자율이라고도 불립니다. 주로 다른 투자 자산의 수익률을 비교하거나 기업 가치를 평가할 때 기준점으로 활용됩니다.",미래에셋증권 증권용어사전,https://securities.miraeasset.com/hki/hki3028/r01.do
무의결결권주,[],시장/상장,"무의결권주는 주주총회에서 의결권을 행사할 수 있는 권리가 배제된 주식을 뜻합니다. 일반적으로 주식은 1주당 1개의 의결권을 가져 주주총회에서 경영에 참여할 수 있지만, 무의결권주는 이러한 권리가 없습니다. 주주총회 의결에 참여할 수 없다는 특징이 있으므로 종목의 권리 내용을 확인할 때 주의 깊게 살펴야 합니다.",미래에셋증권 증권용어사전,https://securities.miraeasset.com/hki/hki3028/r01.do
무이표사채(zero-coupon bond),[],채권/금리/환율,"무이표사채는 정기적으로 지급되는 이자(쿠폰)가 없는 채권입니다. 발행 시 액면가보다 할인된 가격으로 판매되며, 만기에 액면 금액을 지급받음으로써 이자 수익이 내재적으로 반영되는 구조입니다. 중간에 이자를 주지 않으므로 만기와 듀레이션(투자 원금 회수 기간)이 일치한다는 특징이 있으며, STRIPS나 TIGRs, CATS 등이 이에 해당합니다.",미래에셋증권 증권용어사전,https://securities.miraeasset.com/hki/hki3028/r01.do
물적분할,[],공시/기업행위,"물적분할은 모기업이 특정 사업부를 분리해 신설 회사를 세우고, 그 회사의 주식을 모기업이 소유하는 방식의 기업분할입니다. 분할 이후에도 모회사가 자회사에 대한 지배권을 계속 유지하게 됩니다. 주로 공시나 뉴스에서 기업이 특정 사업 부문을 자회사 형태로 두어 관리하고자 할 때 등장하는 용어입니다.",KB증권 금융용어사전,https://www.kbsec.com/go.able?linkcd=m04110000
물타기(scale trading),[],거래/주문/결제,"물타기는 주가가 하락할 때 추가로 매수하여 주식의 평균 매입 단가를 낮추는 방법입니다. 처음 예상과 달리 주가가 떨어졌을 때, 낮은 가격에 더 많은 수량을 확보함으로써 평균 단가를 낮추고 손실 위험을 줄이려는 목적으로 사용됩니다. 향후 주가가 다시 오를 것이라는 전망을 전제로 하는 거래 방식입니다.",미래에셋증권 증권용어사전,https://securities.miraeasset.com/hki/hki3028/r01.do
뮤추얼 펀드,[],ETF/펀드,"뮤추얼 펀드는 미국에서 개방형 투자신탁을 통칭하는 용어로, 투자자들이 자금을 모아 투자 회사를 만드는 형태를 의미합니다. 운영 방식에 따라 투자자가 회사의 주식을 매입하는 주식회사 형태와, 경영자와의 신탁 계약을 통해 수익 증권을 매입하는 신탁 형태로 구분됩니다. 투자 방식에 따라 투자자가 갖는 권리의 성격이 달라질 수 있으므로 펀드 관련 공시나 리포트에서 상품의 구조를 설명할 때 주로 사용됩니다.",미래에셋증권 증권용어사전,https://securities.miraeasset.com/hki/hki3028/r01.do
미결제약정,[],파생/구조화상품,"미결제약정은 선물이나 옵션 시장에서 반대매매, 최종결제, 권리행사 등으로 소멸되지 않고 남아 있는 계약을 뜻합니다. 매수 또는 매도 포지션을 취한 투자자가 이를 청산하지 않고 보유하고 있는 상태를 의미하며, 파생상품 시장의 자금 흐름이나 거래 활성도를 파악하는 지표로 쓰입니다.",미래에셋증권 증권용어사전,https://securities.miraeasset.com/hki/hki3028/r01.do
미상환 융자금,[],거래/주문/결제,"미상환 융자금은 주식을 매수하기 위해 증권사 등으로부터 빌린 신용거래 융자금을 정해진 상환 기간 내에 갚지 못한 금액을 뜻합니다. 보통 융자받은 날로부터 150일 이내에 상환해야 하나, 주가 하락 등의 사유로 매도 상환이나 현금 상환이 이루어지지 않아 기간이 초과된 상태를 말합니다.",미래에셋증권 증권용어사전,https://securities.miraeasset.com/hki/hki3028/r01.do
미수금,[],거래/주문/결제,"미수금은 주식 거래 시 전체 대금 중 아직 납부하지 않은 외상 금액을 뜻합니다. 증거금만 내고 주식을 사는 미수거래를 할 때 발생하며, 영업일 기준 2일 뒤인 결제일까지 부족한 대금을 채워 넣어야 합니다. 정해진 기간 내에 미수금을 갚지 못하면 증권사가 주식을 강제로 매도하는 반대매매가 발생하거나 미수동결 계좌로 지정되는 등 거래에 제한이 생길 수 있습니다.",KB증권 금융용어사전,https://www.kbsec.com/go.able?linkcd=m04110000
미수동결,[],거래/주문/결제,"미수동결은 결제일까지 미수금을 갚지 않았을 때 미수거래를 정지시키는 제도입니다. 미수동결이 되면 30일 동안 모든 증권사 계좌에서 미수거래가 금지되며, 주식을 주문할 때 현금 100%의 증거금을 내야 합니다.",KB증권 금융용어사전,https://www.kbsec.com/go.able?linkcd=m04110000
미스매치(mismatch),[],거시경제,"미스매치는 자금을 조달한 기간과 이를 운용하는 기간이 서로 일치하지 않는 상태를 뜻합니다. 자금의 유입과 유출 시점이 맞지 않아 발생하는 불균형을 의미하며, 거시경제 뉴스나 리포트에서 시장의 유동성 리스크를 설명할 때 주로 사용됩니다. 기간의 차이로 인해 자금 운용에 어려움이 생길 수 있으므로 시장 상황에 따라 다르게 해석될 수 있습니다.",미래에셋증권 증권용어사전,https://securities.miraeasset.com/hki/hki3028/r01.do
미실현이익(unrealized profit),[],재무/회계,"미실현이익은 보유 중인 자산을 아직 처분하지 않아 실제로 이익이 확정되지 않은 상태를 뜻합니다. 주가나 물가 상승으로 인해 보유 자산의 가치가 높아진 평가이익이 대표적인 사례입니다. 재무제표나 리포트에서 기업이 보유한 자산의 가치 변동을 설명할 때 주로 사용됩니다. 실제 현금이 유입된 것은 아니므로, 향후 자산 가격 변동에 따라 이익의 규모가 달라질 수 있다는 점에 유의해야 합니다.",미래에셋증권 증권용어사전,https://securities.miraeasset.com/hki/hki3028/r01.do
미지급 배당금(unpaid dividend),[],재무/회계,"미지급 배당금은 주주총회에서 배당하기로 결정되었으나 아직 주주에게 지급되지 않은 배당금을 말합니다. 재무제표에서는 기업이 주주에게 지급해야 할 유동부채로 분류됩니다. 주주총회에서 배당이 확정되면 이익잉여금 항목에서 미지급 배당금 계정으로 대체되며, 실제 배당금이 지급될 때마다 해당 금액이 차감되는 방식으로 관리됩니다.",미래에셋증권 증권용어사전,https://securities.miraeasset.com/hki/hki3028/r01.do
미청산 계약,[],파생/구조화상품,"미청산 계약은 선물 거래가 이루어진 후 반대매매나 인수 등으로 청산되지 않고 남아 있는 계약의 수를 의미합니다. 단순히 거래된 계약의 총합인 거래량과 달리, 새롭게 인도 또는 인수의무를 발생시켜 유지되고 있는 포지션의 상태를 나타냅니다. 파생상품 시장의 거래 현황을 파악할 때 거래량과 구분하여 확인해야 하는 지표입니다.",미래에셋증권 증권용어사전,https://securities.miraeasset.com/hki/hki3028/r01.do
미체결,[],거래/주문/결제,"미체결은 주식 매수나 매도 주문이 전부 또는 일부 완료되지 않은 상태를 의미합니다. 주문한 가격과 수량 등 거래 조건이 충족되지 않을 때 발생하며, 주로 주문 내역 화면에서 확인할 수 있습니다. 예를 들어 특정 가격에 주문을 냈으나 해당 가격에 거래하려는 상대방이 없으면 전체가 미체결되고, 주문 수량 중 일부만 거래되면 남은 수량은 미체결 상태로 남게 됩니다.",KB증권 금융용어사전,https://www.kbsec.com/go.able?linkcd=m04110000
바벨형 만기전략(barbell maturity),[],채권/금리/환율,"바벨형 만기전략은 채권 포트폴리오에서 중기채를 제외하고 단기채와 장기채로만 만기를 구성하는 전략입니다. 유동성이 높고 위험이 낮은 단기채의 장점과 수익률이 높은 장기채의 장점을 결합하여, 유동성과 수익성을 동시에 확보하려는 목적으로 활용됩니다. 단기채와 장기채의 비중을 통해 포트폴리오의 위험과 수익을 조절하는 것이 특징입니다.",미래에셋증권 증권용어사전,https://securities.miraeasset.com/hki/hki3028/r01.do
바스켓거래,[],거래/주문/결제,"바스켓거래는 개별 주식을 따로 거래하지 않고 여러 기업의 주식을 묶어 동시에 거래하는 방식입니다. 주로 KOSPI 200 지수 등을 복제한 다수의 종목으로 인덱스 바스켓을 구성하여, 현물과 선물 사이의 가격 차이를 이용하는 차익거래를 수행할 때 사용됩니다.",미래에셋증권 증권용어사전,https://securities.miraeasset.com/hki/hki3028/r01.do
박스 이론(box theory),[],가격/차트,"박스 이론은 주가가 일정한 가격 범위 안에서 오르내리는 습성이 있다는 투자 이론입니다. 미국의 니콜라스 다바스가 제안한 이론으로, 주가 파동이 특정 가격대 사이를 왕복하는 형태를 '박스'로 정의합니다. 주로 차트에서 주가의 움직임과 가격 범위를 파악할 때 사용됩니다.",미래에셋증권 증권용어사전,https://securities.miraeasset.com/hki/hki3028/r01.do
반기 보고서,[],공시/기업행위,"반기 보고서는 상장법인이 1년 중 반기(6개월) 동안의 경영 성과와 재무 상태를 공시하는 보고서입니다. 결산기의 중간 시점에서 장부를 마감하여 재무제표와 영업 상황의 개요를 담으며, 이를 작성하는 과정을 중간 결산이라고도 합니다. 공시를 통해 기업의 중간 실적을 확인하고 연간 흐름을 파악하는 데 활용됩니다.",미래에셋증권 증권용어사전,https://securities.miraeasset.com/hki/hki3028/r01.do
반대매매,[],거래/주문/결제,"반대매매는 대출금을 만기까지 갚지 못하거나 담보 가치가 일정 비율 아래로 떨어졌을 때, 증권사가 투자자의 의사와 상관없이 주식을 강제로 처분하는 것을 뜻합니다. 미수거래나 신용거래 시 담보 유지 비율을 지키지 못하면 대출금을 갚기 위해 자동으로 실행됩니다. 주가 급락 시 시장에 매물이 쏟아지는 원인이 되기도 하므로 거래 화면이나 뉴스에서 중요하게 다뤄집니다.",KB증권 금융용어사전,https://www.kbsec.com/go.able?linkcd=m04110000
반대매매(covering),[],거래/주문/결제,"반대매매는 신용거래에서 빌린 돈이나 주식을 상환하기 위해 기한 전에 주식을 매도하거나 매수하는 결제 방식입니다. 융자금은 주식을 팔아 갚고, 빌린 주식은 다시 사서 갚아 그 차액을 정산하는 형태로 이루어집니다. 적은 자본으로 큰 규모의 거래를 하려는 과정에서 주로 발생합니다.",미래에셋증권 증권용어사전,https://securities.miraeasset.com/hki/hki3028/r01.do
반대매매(신용/대출),[],거래/주문/결제,"반대매매는 투자자가 증권사로부터 빌린 돈을 약정한 기간 내에 갚지 못하거나, 주식을 산 뒤 결제일까지 대금을 입금하지 못했을 때 증권사가 보유 주식을 강제로 처분하는 것을 뜻합니다. 주로 신용거래나 대출을 이용한 거래에서 발생하며, 증권사가 정한 규칙에 따라 일괄적으로 매도가 이루어집니다.",iM증권 금융용어사전,https://www.imfnsec.com/research/financial_guide/fg000000.jsp
반등,[],가격/차트,반등은 하락하던 주가가 다시 오르는 현상을 말합니다. 주가 차트나 뉴스에서 하락 추세에 있던 주가가 큰 폭으로 상승세로 돌아섰을 때 주로 사용합니다. 단순히 일시적으로 하락이 멈추는 것보다 더 강한 상승 흐름을 보일 때 쓰이는 표현입니다.,미래에셋증권 증권용어사전,https://securities.miraeasset.com/hki/hki3028/r01.do
반락(set back),[],가격/차트,반락은 주가가 상승하는 과정에서 일시적으로 하락하는 현상을 뜻합니다. 주로 주가 차트나 시황 뉴스에서 상승 추세 중 잠시 가격이 내려가는 흐름을 설명할 때 쓰입니다. 주가가 큰 폭으로 급격히 떨어지는 급락과는 구분하여 사용됩니다.,미래에셋증권 증권용어사전,https://securities.miraeasset.com/hki/hki3028/r01.do
발기설립(incorporation by promoting),[],공시/기업행위,"발기설립은 회사를 세울 때 발행하는 주식 전부를 발기인이 모두 인수하여 회사를 설립하는 방식입니다. 발기인의 주식 인수와 동시에 회사가 세워진다는 점에서 동시설립이라고도 부릅니다. 일반적인 주식 공모 절차 없이 소수의 발기인 출자만으로 자본을 조달할 때나, 대규모 창업 자본이 필요한 경우 투자금융기관 등이 발기인으로 참여할 때 주로 활용됩니다.",미래에셋증권 증권용어사전,https://securities.miraeasset.com/hki/hki3028/r01.do
발행 조건,[],채권/금리/환율,"발행 조건은 채권의 수익률을 결정하는 핵심 요소인 표면 이자율, 상환 기한, 발행 가격을 의미합니다. 채권의 수익률은 이 세 가지 조건에 따라 달라지며, 수수료율처럼 수익률에 영향을 주더라도 발행 조건에서 제외되는 항목이 있을 수 있습니다.",미래에셋증권 증권용어사전,https://securities.miraeasset.com/hki/hki3028/r01.do
발행가,[],채권/금리/환율,"발행가는 채권의 원금 또는 액면 가치를 의미하며, 만기가 되었을 때 상환되는 금액을 뜻합니다. 채권 관련 공시나 상세 정보에서 만기에 돌려받을 원금의 기준이 되는 금액을 확인할 때 사용합니다.",KB증권 금융용어사전,https://www.kbsec.com/go.able?linkcd=m04110000
발행가액,[],ETF/펀드,"발행가액은 ETN이 처음 발행될 때 정해지는 최초 가격을 뜻합니다. ETN 상품의 기준이 되는 가격으로, 주로 공시나 상품 설명 화면에서 해당 상품의 초기 설정 정보를 확인할 때 쓰입니다.",KB증권 금융용어사전,https://www.kbsec.com/go.able?linkcd=m04110000
발행분담금,[],공시/기업행위,발행분담금은 기업이 금융위원회에 증권신고서를 제출할 때 금융감독원의 운영 경비를 일부 분담하기 위해 납부하는 비용입니다. 유상증자나 채권 발행 등 기업의 자금 조달 공시에서 주로 나타납니다. 관련 규정에 따라 부과되는 비용이므로 기업의 경영 성과나 주가 흐름과는 직접적인 관련이 없는 절차상의 비용입니다.,iM증권 금융용어사전,https://www.imfnsec.com/research/financial_guide/fg000000.jsp
발행시장,[],시장/상장,"발행시장은 유가증권을 발행, 인수, 모집하는 단계의 시장을 뜻합니다. 증권거래소와 같이 눈에 보이는 장소가 있는 유통시장과 달리, 발행시장은 구체적인 장소가 정해져 있지 않은 추상적인 시장의 성격을 띱니다.",미래에셋증권 증권용어사전,https://securities.miraeasset.com/hki/hki3028/r01.do
발행어음,[],채권/금리/환율,발행어음은 증권사가 직접 발행하여 투자자에게 원금과 약정된 이자를 지급하는 1년 이내의 단기 약속어음입니다. 증권사가 발행 주체가 되어 원금과 이자 지급을 약속하는 금융상품입니다. 약정된 기간과 금리에 따라 수익이 결정되므로 상품별 조건이나 시장 상황을 함께 확인해야 합니다.,KB증권 금융용어사전,https://www.kbsec.com/go.able?linkcd=m04110000
발행어음 만기상환,[],채권/금리/환율,발행어음 만기상환은 약정된 기간이 모두 지나 만기일에 원금과 이자 전액을 현금화하는 것을 의미합니다. 발행어음 상품의 계약 기간이 끝났을 때 투자자가 자금을 돌려받는 단계를 설명하는 용어입니다.,KB증권 금융용어사전,https://www.kbsec.com/go.able?linkcd=m04110000
발행어음 중도상환,[],거래/주문/결제,발행어음 중도상환은 투자한 발행어음의 약정 기간이 끝나기 전에 이를 매도하여 현금화하는 것을 말합니다. 거래 화면이나 계좌 내역에서 상품을 만기 이전에 정리할 때 사용되는 용어입니다. 중도상환 시에는 상품 가입 시 정해진 조건에 따라 처리되므로 만기 상환과는 차이가 있을 수 있습니다.,KB증권 금융용어사전,https://www.kbsec.com/go.able?linkcd=m04110000
발행일결제거래(when-issued transaction),[],거래/주문/결제,"발행일결제거래는 아직 발행되지 않은 주식이나 신주인수권증서를 대상으로 미리 매매하는 거래 방식입니다. 상장 승인이 난 종목에 대해 권리락일부터 거래가 시작되며, 일정 기간 동안 이루어진 모든 거래를 나중에 정해진 날에 한꺼번에 결제하는 것이 특징입니다. 현재 우리나라 주식 시장에서는 이 제도를 채택하여 운영하고 있지 않습니다.",미래에셋증권 증권용어사전,https://securities.miraeasset.com/hki/hki3028/r01.do
발행자,[],채권/금리/환율,"발행자는 채권을 발행한 당사자 또는 기관을 뜻합니다. 채권 시장에서 자금을 조달하기 위해 증권을 발행한 주체를 의미하며, 채권 정보나 공시 등에서 해당 채권의 발행 주체를 나타낼 때 사용합니다.",KB증권 금융용어사전,https://www.kbsec.com/go.able?linkcd=m04110000
배당,[],배당/주주환원,"배당은 기업이 영업 활동을 통해 벌어들인 이익의 일부를 주주들에게 나누어 주는 것을 말합니다. 지급 시기에 따라 결산 배당과 중간 배당(분기, 반기) 등으로 구분하며, 주로 연말 결산 시점에 맞춰 배당이 이루어지는 경우가 많습니다. 배당 규모가 꾸준히 유지되거나 늘어나는 기업은 주주 환원에 적극적인 것으로 평가받기도 하지만, 최대주주의 지분율이 지나치게 높은 경우 등 기업 상황에 따라 해석이 달라질 수 있습니다.",KB증권 금융용어사전,https://www.kbsec.com/go.able?linkcd=m04110000
배당가능이익(profit available for dividend),[],배당/주주환원,"배당가능이익은 회사가 주주에게 실제로 배당할 수 있는 이익의 한도를 말합니다. 상법에 따라 기업의 자기자본을 일정 수준으로 유지하면서 배당할 수 있는 금액을 의미합니다. 기업의 배당 여력을 파악할 때 주요 지표로 쓰이며, 재무제표나 공시 등에서 확인할 수 있습니다.",미래에셋증권 증권용어사전,https://securities.miraeasset.com/hki/hki3028/r01.do
배당금 보상률(dividend coverage),[],배당/주주환원,배당금 보상률은 기업의 순이익이 지급할 배당금 총액에 비해 어느 정도 수준인지를 나타내는 지표입니다. 재무제표나 배당 관련 분석에서 기업의 배당 지급 능력을 파악할 때 사용합니다. 이 비율이 낮으면 향후 이익이 감소할 경우 배당 수준을 유지하거나 높이는 데 제약이 생길 수 있어 경영 의사결정의 폭이 좁아질 수 있습니다.,미래에셋증권 증권용어사전,https://securities.miraeasset.com/hki/hki3028/r01.do
배당락,[],공시/기업행위,"배당락은 배당기준일이 지나 배당금을 받을 권리가 없어진 상태를 뜻합니다. 배당락일에 주식을 매수한 투자자는 해당 결산기에 대한 배당을 받을 수 없습니다. 배당을 받을 권리가 사라진 가치만큼 주가가 낮게 조정되어 거래되는 경우가 많으므로, 주가 화면에서 가격 변동을 파악할 때 참고해야 합니다.",KB증권 금융용어사전,https://www.kbsec.com/go.able?linkcd=m04110000
배당률,[],배당/주주환원,"배당률은 1주당 액면가에 대해 지급되는 배당금의 비율을 뜻합니다. 일반적으로 기업의 수익성에 따라 결정되며, 대외적으로 해당 기업의 신용이나 사업성을 판단하는 근거로 활용됩니다. 재무제표나 공시 등에서 기업의 배당 수준을 파악할 때 사용되는 지표입니다.",미래에셋증권 증권용어사전,https://securities.miraeasset.com/hki/hki3028/r01.do
배당성향,[],배당/주주환원,"배당성향은 기업이 벌어들인 당기순이익 중 얼마를 주주에게 배당금으로 지급했는지 백분율로 나타낸 지표입니다. 배당지급률 또는 사회분배율이라고도 부릅니다. 배당성향이 높으면 주주에게 돌아가는 배당금이 많아지지만 기업의 재무 구조에 부담이 될 수 있고, 배당성향이 낮으면 사내 유보금이 많아져 향후 배당 확대나 무상증자의 가능성이 생기기도 합니다.",미래에셋증권 증권용어사전,https://securities.miraeasset.com/hki/hki3028/r01.do
배당소득세(dividend income tax),[],배당/주주환원,배당소득세는 기업의 이익배당금이나 무상주식 등 배당소득에 대해 부과되는 세금입니다. 배당금을 지급하는 측에서 세금을 미리 떼고 지급하는 원천징수 방식으로 운영됩니다. 상장법인의 소액주주가 받는 배당금이나 투자신탁 수익 분배금 등은 조건에 따라 종합소득과 합산하지 않는 분리과세가 적용될 수 있습니다.,미래에셋증권 증권용어사전,https://securities.miraeasset.com/hki/hki3028/r01.do
배당수익률,"[""배당 수익률""]",배당/주주환원,"배당수익률은 현재 주가 대비 배당금이 어느 정도인지를 나타내는 비율입니다. 1주당 배당금을 현재 주가로 나누어 계산하며, 투자한 금액 대비 받을 수 있는 배당금의 수준을 파악할 때 사용합니다. 배당수익률이 높다고 해서 항상 긍정적인 것은 아니며, 주가 변동이나 기업의 배당 정책 등을 함께 살펴봐야 합니다.",KB증권 금융용어사전,https://www.kbsec.com/go.able?linkcd=m04110000
백기사(white knight),[],공시/기업행위,백기사는 적대적 M&A 공격을 받은 기업의 경영권을 방어하기 위해 등장하는 우호적인 제3의 세력을 말합니다. 적대적 매수자보다 높은 가격으로 인수를 제의하면서도 기존 경영진의 지위를 유지해 주는 역할을 합니다. 기업이 스스로를 방어할 수단이 마땅치 않을 때 백기사를 물색하여 경영권 위협에서 벗어나는 수단으로 활용됩니다.,미래에셋증권 증권용어사전,https://securities.miraeasset.com/hki/hki3028/r01.do
백워데이션(backwardation),[],파생/구조화상품,"백워데이션은 현물가격이 선물가격보다 높은 상태를 뜻합니다. 시장의 수급 불균형 등으로 인해 발생하는 이례적인 현상으로, 역조시장(inverted market)이라고도 불립니다. 수요와 공급이 다시 균형을 찾게 되면 선물과 현물의 가격 차이인 베이시스가 점차 정상적인 상태로 복귀하게 됩니다.",미래에셋증권 증권용어사전,https://securities.miraeasset.com/hki/hki3028/r01.do
밸런스 펀드(balance fund),[],ETF/펀드,"밸런스 펀드는 주식, 채권 등 여러 자산의 비중을 일정하게 유지하며 운용하는 펀드입니다. 자산 간 비율을 크게 바꾸지 않는 범위에서 주식의 성장성과 채권의 안정성을 동시에 추구하는 것이 특징입니다. 안정과 성장의 중간 정도를 목표로 하는 추가형 투자신탁을 의미합니다.",미래에셋증권 증권용어사전,https://securities.miraeasset.com/hki/hki3028/r01.do
밸류에이션,[],투자지표/밸류에이션,"밸류에이션은 기업의 현재 가치를 판단하여 적정한 주가 수준을 산정하는 가치평가 과정을 의미합니다. 주로 리포트나 분석 자료에서 애널리스트가 기업의 가치를 평가할 때 사용하며, 비슷한 상황의 다른 기업과 비교하여 가치가 높거나 낮은지 판단합니다. 기업 가치를 평가하는 기법은 매우 다양하므로, 밸류에이션 결과가 높거나 낮다는 것만으로 주가의 향방을 단정해서는 안 됩니다.",KB증권 금융용어사전,https://www.kbsec.com/go.able?linkcd=m04110000
번한지표,[],가격/차트,"번한지표는 거래량 회전율과 거래성립률을 곱하여 시장의 활발한 정도를 나타내는 지표입니다. 거래량 변화를 통해 주가 움직임을 파악할 때 활용하며, 지표가 높을수록 시장 전반에 걸쳐 거래가 활발하게 이루어지고 있다고 봅니다. 과거 사례에 따르면 지표가 5% 이하일 때 바닥권, 30% 이상일 때 천장권을 형성하는 경우가 많았으나 시장 상황에 따라 다르게 해석될 수 있습니다.",미래에셋증권 증권용어사전,https://securities.miraeasset.com/hki/hki3028/r01.do
벌처펀드,[],ETF/펀드,"벌처펀드는 경영난에 처한 부실기업을 저렴하게 인수하여 구조조정 등으로 기업 가치를 높인 뒤, 다시 팔아 수익을 내는 펀드입니다. 죽은 고기를 찾는 독수리(Vulture)에 비유한 이름으로, 위험도가 높지만 그만큼 높은 수익을 기대하는 특성이 있습니다. 주로 부도나 파산 신청 이력이 있는 기업이나 부채비율이 업종 평균보다 높은 기업을 투자 대상으로 삼습니다.",미래에셋증권 증권용어사전,https://securities.miraeasset.com/hki/hki3028/r01.do
법인세,[],재무/회계,"법인세는 기업이 사업 연도 동안 벌어들인 소득에 대해 부과되는 세금입니다. 재무제표의 손익계산서에서 기업의 최종 성과인 당기순이익을 결정하는 주요 항목으로 쓰입니다. 총수익에서 비용을 공제한 소득금액을 바탕으로 산출하며, 과거에 발생한 결손금을 공제받거나 비과세 혜택을 적용받아 세액을 조정하기도 합니다. 영리법인뿐만 아니라 수익사업을 하는 비영리법인이나 공공법인 등도 납세 의무를 지며, 법인의 성격과 소득 규모에 따라 정해진 세율이 적용됩니다.",미래에셋증권 증권용어사전,https://securities.miraeasset.com/hki/hki3028/r01.do
법인세 서면분석,[],재무/회계,"법인세 서면분석은 기업이 제출한 법인세 신고 서류를 검토하여 신고 내용이 적정한지 분석하는 절차입니다. 세무 공무원이 기업 현장에 직접 나가는 실지조사와 달리, 제출된 서류를 바탕으로 소득 금액이나 세액의 오류 및 탈루 여부를 확인합니다. 분석 결과에 따라 기업에 수정 신고를 권유하거나, 추가 확인이 필요한 경우 정식 세무조사 대상으로 선정하기도 합니다.",미래에셋증권 증권용어사전,https://securities.miraeasset.com/hki/hki3028/r01.do
법정관리,[],공시/기업행위,"법정관리는 기업이 과도한 부채로 인해 자력으로 회사를 운영하기 어려울 때, 법원이 지정한 제3자가 경영 전반을 대신 관리하는 제도입니다. 공시나 뉴스에서 기업의 회생 가능성을 다룰 때 주로 등장합니다. 법정관리를 신청하면 채권과 채무가 동결되어 채권자의 권리 행사가 제한될 수 있으며, 법원의 심의 결과에 따라 회생 절차가 시작되거나 파산 절차로 이어질 수 있습니다.",미래에셋증권 증권용어사전,https://securities.miraeasset.com/hki/hki3028/r01.do
법정지불준비제도,[],거시경제,"법정지불준비제도는 은행이 고객으로부터 받은 예금 중 일정 비율을 현금으로 보유하거나 중앙은행에 예치하도록 하는 제도입니다. 예금주에게 돈을 지급하지 못하는 상황을 방지하기 위해 도입되었으나, 현재는 시중의 통화량을 조절하는 강력한 금융정책 수단으로 주로 활용됩니다.",미래에셋증권 증권용어사전,https://securities.miraeasset.com/hki/hki3028/r01.do
베리어(Barrier),[],파생/구조화상품,"베리어(Barrier)는 파생상품이나 구조화상품에서 수익 달성 여부를 판단하기 위한 지수의 경계선 또는 기준 값을 의미합니다. 상품의 수익구조에 따라 특정 가격이나 지수 수준을 넘거나 넘지 못하는지를 관측하는 기준이 됩니다. 흔히 행사가격이라고도 불리며, 이 기준값에 도달하느냐에 따라 수익 조건이 달라질 수 있습니다.",iM증권 금융용어사전,https://www.imfnsec.com/research/financial_guide/fg000000.jsp
베어 마켓(bear market),[],가격/차트,"베어 마켓은 주가가 하락하거나 하락이 예상되는 시장 상황을 뜻합니다. 반대 의미인 '불 마켓(bull market)'과 대조되는 용어로, 뉴스나 리포트에서 시장의 전반적인 하락세를 설명할 때 주로 쓰입니다. 하락하는 시장 상태를 이용해 단기 매매로 이익을 얻으려는 투자자나 그러한 시장의 성격을 지칭하기도 합니다.",미래에셋증권 증권용어사전,https://securities.miraeasset.com/hki/hki3028/r01.do
베이시스,[],파생/구조화상품,베이시스는 현물가격과 선물가격의 차이를 의미합니다. 선물시장에서 가격 변동 위험을 관리하거나 현물과 선물의 가격 차이를 이용한 차익거래를 할 때 중요한 기준이 됩니다. 시장 상황에 따라 베이시스가 변동하므로 파생상품 관련 뉴스나 리포트에서 시장의 수급 상태를 파악하는 지표로 자주 언급됩니다.,미래에셋증권 증권용어사전,https://securities.miraeasset.com/hki/hki3028/r01.do
베이시스 스왑(basis swap),[],파생/구조화상품,"베이시스 스왑은 서로 다른 종류의 변동금리를 서로 교환하는 스왑 거래를 말합니다. 주로 자금 조달 비용을 줄이거나 특정 금융 시장에 더 쉽게 접근하기 위해 활용됩니다. 시장마다 금리 산정 기준이나 신용 상태에 따른 차이가 발생하는데, 이러한 금리 차이(스프레드)를 이용해 거래 당사자들이 자금 조달 비용을 낮추거나 시장 간의 불균형을 조정하는 효과를 얻을 수 있습니다.",미래에셋증권 증권용어사전,https://securities.miraeasset.com/hki/hki3028/r01.do
베이시스(Basis),[],파생/구조화상품,"베이시스는 선물 가격과 현물 가격의 차이를 의미합니다. 코스피 선물 지수에서 코스피 200 지수를 뺀 값으로 계산하며, 시장의 미래 가치나 차익 거래 흐름을 예측할 때 활용됩니다. 베이시스가 양수(+)인 상태를 콘탱고, 음수(-)인 상태를 백워데이션이라고 부르며 각각 시장에 대한 서로 다른 기대를 반영합니다.",KB증권 금융용어사전,https://www.kbsec.com/go.able?linkcd=m04110000
베이시스포인트(bp),[],채권/금리/환율,"베이시스포인트(bp)는 금리나 수익률을 나타내는 기본 단위로, 0.01%포인트를 의미합니다. 주로 금리 변동을 다루는 뉴스나 리포트에서 미세한 차이를 설명할 때 사용하며, 100bp는 1%포인트와 같습니다.",iM증권 금융용어사전,https://www.imfnsec.com/research/financial_guide/fg000000.jsp
베타 계수(beta coefficient),[],투자지표/밸류에이션,"베타 계수는 특정 종목의 과거 변동성과 종합주가지수 변동성 사이의 상관관계를 나타내는 지표입니다. 베타가 1인 종목은 시장 지수와 거의 비슷하게 움직이며, 1보다 크면 시장 수익률의 변동에 비해 더 민감하게 반응한다는 것을 의미합니다. 주로 리포트나 종목 분석 화면에서 해당 종목이 시장 흐름에 얼마나 민감하게 반응하는지 파악하는 용도로 쓰입니다.",미래에셋증권 증권용어사전,https://securities.miraeasset.com/hki/hki3028/r01.do
벤처펀드,[],ETF/펀드,"벤처펀드는 성장 가능성이 높은 벤처 기업에 투자하기 위해 조성된 투자 신탁입니다. 투자자들로부터 모은 자금으로 유망한 기업의 주식을 직접 매입하며, 해당 기업이 성장하여 증권시장에 상장할 수 있도록 지원하는 역할을 합니다. 기존의 대출 방식과 달리 기업의 지분에 직접 투자하여 성장의 결실을 나누는 특징이 있습니다.",미래에셋증권 증권용어사전,https://securities.miraeasset.com/hki/hki3028/r01.do
벤쳐 캐피털(venture capital),[],수급/투자자,"벤처 캐피털은 신기술이나 신상품을 연구개발하는 창업 초기 기업 또는 중소기업에 투자나 융자를 지원하는 자본을 말합니다. 주로 뉴스나 공시에서 기업의 자금 조달 소식을 전할 때 등장합니다. 투자 대상의 특성상 위험이 높고, 기업이 실제 이익을 내기까지 긴 시간이 걸릴 수 있다는 특징이 있습니다.",미래에셋증권 증권용어사전,https://securities.miraeasset.com/hki/hki3028/r01.do
변동금리부 채권(FRN; floating rate note),[],채권/금리/환율,변동금리부 채권(FRN)은 기준이 되는 금리가 변함에 따라 지급하는 이자율도 함께 달라지는 채권입니다. 금리 변동에 따른 위험을 채권 보유자가 아닌 발행자가 부담하는 특징이 있습니다. 주로 외채나 국내 회사채 시장에서 발행되는 채권의 상당수가 이 방식을 따릅니다.,미래에셋증권 증권용어사전,https://securities.miraeasset.com/hki/hki3028/r01.do
변동성 완화 장치(VI),[],가격/차트,"변동성 완화 장치(VI)는 특정 종목의 주가가 짧은 시간 동안 급격하게 변할 때 발동하여 가격 변동을 완화하고 투자자에게 주의를 환기하는 제도입니다. 직전 체결가 대비 ±2~3% 등락 시 발동되는 '동적 VI'와 전일 종가 대비 ±10% 등락 시 발동되는 '정적 VI'로 나뉩니다. VI가 발동되면 2분 동안 현재가로만 거래가 진행되며, 주가 화면에서 해당 종목의 시세가 급변하고 있음을 알리는 신호로 활용됩니다.",KB증권 금융용어사전,https://www.kbsec.com/go.able?linkcd=m04110000
변동증거금(variation margin),[],파생/구조화상품,"변동증거금은 선물거래에서 가격 변동으로 인해 증거금이 유지증거금 미만으로 줄어들었을 때, 이를 다시 개시증거금 수준으로 채워 넣어야 하는 추가 증거금을 말합니다. 매일의 결제시세를 기준으로 계산된 손익에 따라 발생하며, 가격 변동이 심할 때 거래자가 계약을 이행하지 못할 위험을 방지하기 위해 운용됩니다.",미래에셋증권 증권용어사전,https://securities.miraeasset.com/hki/hki3028/r01.do
변동환율제도(floating exchange rate system),[],채권/금리/환율,변동환율제도는 외환 시장의 수요와 공급에 따라 환율이 자유롭게 결정되는 제도입니다. 환율 변동을 통해 국가 간의 거래 결과인 국제수지를 조정하는 역할을 합니다. 뉴스나 리포트에서 환율 변화가 기업의 실적이나 주식 시장에 미치는 영향을 분석할 때 주요한 배경 지식으로 쓰입니다.,미래에셋증권 증권용어사전,https://securities.miraeasset.com/hki/hki3028/r01.do
병합상장(consolidated listing),[],시장/상장,"병합상장은 새로 발행된 주식(신주)이 기존 주식(구주)과 권리 내용이 같아짐에 따라, 하나의 종목으로 합쳐져 상장되는 것을 뜻합니다. 주로 회사의 결산일 다음 날부터 신주와 구주의 권리가 동일해질 때 이루어집니다. 공시나 주식 화면에서 신주가 기존 주식에 통합되어 거래되는 상태를 설명할 때 사용됩니다.",미래에셋증권 증권용어사전,https://securities.miraeasset.com/hki/hki3028/r01.do
보수,[],ETF/펀드,"보수는 펀드나 ETF의 운용과 관리에 드는 비용을 뜻합니다. 투자자가 상품을 보유하는 동안 지속적으로 발생하는 비용으로, ETF 상세 화면이나 투자설명서 등에서 확인할 수 있습니다. 보수 수준은 상품마다 다르며 투자 결과에 영향을 줄 수 있는 요소 중 하나입니다.",KB증권 금융용어사전,https://www.kbsec.com/go.able?linkcd=m04110000
보유잔고,[],거래/주문/결제,보유잔고는 증권 계좌에 예치된 현금과 보유 중인 주식의 가치를 모두 합산한 금액을 뜻합니다. 주식 거래 화면이나 계좌 관리 메뉴에서 현재 자산의 총 규모를 확인할 때 주로 사용됩니다. 시장 상황에 따라 보유한 주식의 평가 금액이 달라지므로 보유잔고 수치도 함께 변동될 수 있습니다.,KB증권 금융용어사전,https://www.kbsec.com/go.able?linkcd=m04110000
보장 수익률,[],ETF/펀드,"보장 수익률은 투자신탁(펀드) 결산 시 실제 수익이 약관에서 정한 수준에 미달할 경우, 운용사가 부족한 수익을 보전해주기로 미리 정한 수익률을 말합니다. 운용사가 고유 재산으로 손실을 메우거나 수익을 채워주는 조건이 포함된 상품에서 사용됩니다. 관련 법령에 따라 승인을 받은 특정 수익증권 등에 적용되는 개념입니다.",미래에셋증권 증권용어사전,https://securities.miraeasset.com/hki/hki3028/r01.do
보조지표,[],가격/차트,"보조지표는 거래량이나 이동평균선 이외에 주가의 방향과 흐름을 분석하기 위해 활용하는 다양한 기술적 지표를 통칭합니다. 주로 주가 차트 화면에서 가격의 움직임을 보완하여 해석하거나 분석 시점을 파악할 때 사용합니다. 지표의 종류에 따라 성격이 다르므로, 특정 지표의 수치만으로 주가 향방을 단정하기보다 시장 상황을 종합적으로 살피는 것이 중요합니다.",KB증권 금융용어사전,https://www.kbsec.com/go.able?linkcd=m04110000
보증 사채,[],채권/금리/환율,"보증 사채는 발행 회사 이외에 제3자가 원금과 이자의 지급을 보증하는 사채입니다. 주로 국가나 은행, 관련 회사들이 보증인으로 참여하여 지급 책임을 함께 집니다. 채권 발행 기업의 상황뿐만 아니라 보증을 선 주체의 신용 상태도 함께 고려해야 하는 종목입니다.",미래에셋증권 증권용어사전,https://securities.miraeasset.com/hki/hki3028/r01.do
보통 거래,[],거래/주문/결제,"보통 거래는 주식 매매 계약을 체결한 후 3일째 되는 날에 주식과 대금을 교환하는 방식입니다. 국내 주식 시장에서 일반적으로 적용되는 결제 방식으로, 주문이 체결된 당일이 아닌 영업일 기준 3일째에 실제 결제가 완료됩니다. 뉴욕 증권거래소의 레귤러 웨이와 유사한 형태의 실물 거래 방식 중 하나입니다.",미래에셋증권 증권용어사전,https://securities.miraeasset.com/hki/hki3028/r01.do
보통사채(straight bond),[],채권/금리/환율,"보통사채는 발행자가 투자자에게 정해진 이자를 지급하고 만기에 원금을 돌려주기로 약속한 가장 전형적인 형태의 채권입니다. 고정된 금리에 따라 이자를 지급하는 고정금리채 성격을 띠며, 만기에 따라 중기채(3~7년)와 장기채(8년 이상)로 구분되기도 합니다. 발행되는 시장과 통화에 따라 유러본드나 외국채(양키본드, 사무라이본드 등)로 나뉘어 불리기도 합니다.",미래에셋증권 증권용어사전,https://securities.miraeasset.com/hki/hki3028/r01.do
보통주,[],시장/상장,"보통주는 우선주나 후배주처럼 특별한 권리 내용이 붙지 않은 일반적인 주식을 뜻합니다. 발행되는 주식의 대부분이 보통주에 해당하며, 이익 배당이나 잔여 재산 분배를 받을 때 우선주보다 후순위라는 특징이 있습니다.",미래에셋증권 증권용어사전,https://securities.miraeasset.com/hki/hki3028/r01.do
보통채(straight bond),[],채권/금리/환율,"보통채는 발행자가 투자자에게 정해진 이자(표면금리)를 지급하고 만기에 원금을 상환하기로 약속한 가장 전형적인 형태의 채권입니다. 만기에 따라 중기채(3~7년)와 장기채(8년 이상)로 구분하며, 발행 시장과 통화에 따라 유로본드나 외국채로 분류되기도 합니다. 외국채의 예로는 미국 시장의 양키본드, 일본 시장의 사무라이본드 등이 있습니다.",미래에셋증권 증권용어사전,https://securities.miraeasset.com/hki/hki3028/r01.do
보합(maintenance),[],가격/차트,"보합은 주식 시장에서 시세가 변동하지 않거나 변동 폭이 매우 작은 상태를 의미합니다. 주가 화면이나 뉴스에서 가격의 움직임이 거의 없을 때 주로 사용됩니다. 시세가 조금 올랐거나 높은 수준에서 유지되는 상태를 '강보합', 시세가 조금 내렸거나 낮은 수준에서 유지되는 상태를 '약보합'이라고 부르기도 합니다.",미래에셋증권 증권용어사전,https://securities.miraeasset.com/hki/hki3028/r01.do
보험,[],수급/투자자,보험은 국내 주요 보험사들이 자산운용을 위해 주식을 직접 거래하는 것을 뜻합니다. 주가 화면의 투자자별 매매동향이나 수급 관련 뉴스에서 기관 투자자의 한 분류로 쓰입니다. 보험사의 매매 현황을 통해 시장 내 주요 기관 투자자의 움직임을 파악할 수 있습니다.,KB증권 금융용어사전,https://www.kbsec.com/go.able?linkcd=m04110000
복리 이자,[],채권/금리/환율,"복리 이자는 원금에 발생한 이자가 다시 원금에 합산되어 이자가 계산되는 방식입니다. 시간이 지날수록 이자에 이자가 붙어 원리금이 늘어나는 구조를 뜻합니다. 주로 채권이나 금융 상품의 수익 구조를 설명하는 리포트, 재무 분석 등에서 자산의 증식 과정을 나타낼 때 사용됩니다.",KB증권 금융용어사전,https://www.kbsec.com/go.able?linkcd=m04110000
복리(compounding),[],주식 기초,복리는 원금에 발생한 이자를 더해 다시 이자를 계산하는 방식입니다. 원금과 이자가 합쳐진 금액이 다음 시기의 새로운 기준이 되어 재투자되는 개념을 뜻합니다. 시간이 흐를수록 이자에 이자가 붙어 자산 규모가 커지는 효과가 있습니다.,미래에셋증권 증권용어사전,https://securities.miraeasset.com/hki/hki3028/r01.do
복리이자 산정기간(compounding period),[],채권/금리/환율,"복리이자 산정기간은 이자가 지급되거나 원금에 더해지는 시점 사이의 기간을 뜻합니다. 채권이나 금리 관련 상품의 수익 구조를 설명하는 공시나 리포트에서 주로 사용됩니다. 이 기간이 어떻게 설정되느냐에 따라 이자가 원금에 합산되는 횟수가 달라지므로, 최종적인 이자 계산 방식에 영향을 줄 수 있습니다.",미래에셋증권 증권용어사전,https://securities.miraeasset.com/hki/hki3028/r01.do
복리후생비,[],재무/회계,"복리후생비는 기업이 근로자의 복지와 후생을 위해 지출하는 비용입니다. 임금이나 상여금 같은 직접적인 보수와는 별개로 각종 보험료, 식비, 의료비, 주택 수당 등이 포함됩니다. 재무제표에서는 주로 판매비와 관리비 항목에서 확인할 수 있으며, 기업이 임직원의 근무 환경과 복지를 위해 어느 정도의 경비를 사용하는지 나타냅니다.",미래에셋증권 증권용어사전,https://securities.miraeasset.com/hki/hki3028/r01.do
복수통화 바스켓(multicurrency basket system),[],채권/금리/환율,"복수통화 바스켓은 교역량이 많은 주요 국가들의 통화 시세와 국내 물가상승률 등을 종합적으로 반영하여 환율을 결정하는 방식입니다. 우리나라와 교역 비중이 큰 여러 국가의 통화를 선정하고, 국제 금융시장에서 각 통화 가치가 변동하는 정도를 감안하여 환율을 산출합니다. 주로 환율 관련 뉴스나 경제 리포트에서 국가 간의 실질적인 환율 수준을 설명할 때 사용됩니다.",미래에셋증권 증권용어사전,https://securities.miraeasset.com/hki/hki3028/r01.do
본원통화(reserve money),[],거시경제,"본원통화는 중앙은행이 공급하는 화폐로, 시중에 유통되는 현금과 금융기관이 중앙은행에 맡긴 예치금의 합계를 뜻합니다. 거시경제 뉴스나 리포트에서 통화량 조절의 기준이 되는 지표로 자주 언급됩니다. 중앙은행의 통화성 부채 성격을 띠며, 민간이 보유한 현금과 은행의 시재금 및 예치금을 모두 포함하는 개념입니다.",미래에셋증권 증권용어사전,https://securities.miraeasset.com/hki/hki3028/r01.do
본위화폐(standard money),[],거시경제,본위화폐는 한 국가의 화폐제도에서 중심이 되는 기준 화폐를 뜻합니다. 금본위제와 같이 화폐의 실질 가치와 액면 가치가 일치하는 것이 특징입니다. 발행된 은행권이 본위화폐와 언제든 교환될 수 있는 태환성이 인정되는 체제에서 주로 사용되는 개념입니다.,미래에셋증권 증권용어사전,https://securities.miraeasset.com/hki/hki3028/r01.do
본지점회계(account for branch operations),[],재무/회계,본지점회계는 기업이 사업본부나 지점을 나누어 운영할 때 각 조직의 영업 내용을 기록하는 회계처리방식입니다. 기업 규모가 커짐에 따라 각 지점에 독립성을 부여하고 직무를 수행하게 될 때 활용됩니다. 주로 재무제표나 기업의 내부 관리 체계를 설명하는 맥락에서 사용됩니다.,미래에셋증권 증권용어사전,https://securities.miraeasset.com/hki/hki3028/r01.do
볼공정거래(unfair transaction),[],거래/주문/결제,"불공정거래는 정상적인 가격 결정 방식이 아닌 인위적이고 부당한 방법으로 주가가 형성되는 것을 뜻합니다. 통정매매, 가장매매, 시세 조정, 풍문 유포 등 제3자에게 잘못된 투자 판단을 유도하는 행위들이 포함됩니다. 주로 뉴스나 공시에서 시장의 공정성을 해치는 사례를 설명할 때 사용되는 용어입니다.",미래에셋증권 증권용어사전,https://securities.miraeasset.com/hki/hki3028/r01.do
볼린저밴드,[],가격/차트,"볼린저밴드는 단순이동평균선을 중심선으로 두고, 주가의 표준편차에 2를 곱한 값을 더하거나 빼서 만든 상단선과 하단선을 함께 보여주는 지표입니다. 표준편차는 주가가 평균에서 얼마나 벗어나 있는지를 나타내는 개념으로, 볼린저밴드는 이 변동 폭을 시각화하여 주가의 추세를 판단하는 데 도움을 줍니다. 차트 화면에서 주가가 상단이나 하단 선에 어느 정도 위치해 있는지 비교하며 분석할 때 주로 사용합니다.",KB증권 금융용어사전,https://www.kbsec.com/go.able?linkcd=m04110000
봉 차트 분석(bar chart analysis),[],가격/차트,"봉 차트 분석은 일정 기간의 주가 움직임을 막대 모양의 '봉'으로 나타내어 주가 흐름을 파악하는 방법입니다. 구성 요소에 따라 미국식(고가, 저가, 종가)과 일본식(시가, 고가, 저가, 종가)으로 구분됩니다. 일본식은 작성 방법이 다소 복잡하지만 상승과 하락 폭을 직관적으로 보여주어 널리 이용됩니다. 차트 화면에서 분석 기간에 따라 일봉, 주봉, 월봉, 연봉 등으로 구분하여 활용합니다.",미래에셋증권 증권용어사전,https://securities.miraeasset.com/hki/hki3028/r01.do
부동산 집합투자기구,[],ETF/펀드,부동산 집합투자기구는 펀드 자산의 50%를 초과하여 부동산이나 부동산 관련 증권 등에 투자하는 펀드를 말합니다. 투자 대상에는 실제 부동산뿐만 아니라 부동산 개발과 관련된 법인에 대한 대출이나 부동산 관련 증권도 포함됩니다. 주로 펀드나 ETF 상품의 투자 대상을 설명할 때 쓰이는 용어입니다.,iM증권 금융용어사전,https://www.imfnsec.com/research/financial_guide/fg000000.jsp
부동산투자전문회사,[],ETF/펀드,"부동산투자전문회사는 부동산 뮤추얼펀드를 운용하는 순수투자회사입니다. 기업이 구조조정을 위해 내놓은 부동산을 사들여 개발이나 리노베이션을 통해 가치를 높인 뒤, 이를 되팔아 얻은 수익을 투자자에게 배분합니다. 페이퍼컴퍼니 형태로 운영되어 투자 대상별로 펀드가 구성될 수 있으며, 수익 배분 후에는 회사가 청산되기도 합니다.",미래에셋증권 증권용어사전,https://securities.miraeasset.com/hki/hki3028/r01.do
부동주,[],수급/투자자,"부동주는 시장에서 실제로 유통되고 있는 주식을 의미하며, 장기간 보유되는 안정주와 대비되는 개념입니다. 부동주가 적으면 적은 거래량으로도 주가가 크게 변동할 수 있고, 부동주가 많으면 주가 변동이 비교적 완만하게 나타나는 특징이 있습니다. 일반적으로 자본금 규모가 큰 대형주는 부동주가 많고, 중소형주는 부동주가 적은 편입니다.",미래에셋증권 증권용어사전,https://securities.miraeasset.com/hki/hki3028/r01.do
부외거래(off-balance transaction),[],재무/회계,"부외거래는 기업의 자산이나 부채로 재무상태표(대차대조표)에 직접 기록되지 않는 금융거래를 뜻합니다. 금리선물이나 통화스왑 같은 파생상품 거래가 대표적인 사례입니다. 장부상 수치에는 즉각 나타나지 않더라도 기업의 잠재적인 위험이나 수익 요인이 될 수 있으므로, 재무제표 주석 등을 통해 관련 내용을 파악할 필요가 있습니다.",미래에셋증권 증권용어사전,https://securities.miraeasset.com/hki/hki3028/r01.do
부적정의견(adverse opinion),[],재무/회계,부적정의견은 기업의 재무제표가 회계기준을 중대하게 위반하여 전체적으로 왜곡되었다고 판단될 때 감사인이 내는 의견입니다. 재무제표가 기업의 실제 상태를 제대로 나타내지 못해 정보로서 가치가 없다고 인정되는 경우에 해당합니다. 주로 감사보고서 공시를 통해 확인할 수 있는 매우 중요한 회계 관련 정보입니다.,미래에셋증권 증권용어사전,https://securities.miraeasset.com/hki/hki3028/r01.do
부채,[],재무/회계,"부채는 주주가 아닌 제3자로부터 빌린 자금으로, 타인자본이라고도 합니다. 재무제표상에서 1년 이내에 갚아야 하는 유동부채와 장기적인 고정부채, 특정 목적을 위해 미리 적립하는 충당금 등으로 나뉩니다. 기업 경영에 일정 수준의 부채는 필요할 수 있으나, 부채가 과도하면 경영 활동에 부담이 될 수 있으므로 재무 상태를 파악할 때 중요하게 확인해야 합니다.",KB증권 금융용어사전,https://www.kbsec.com/go.able?linkcd=m04110000
부채(debt),[],재무/회계,"부채는 기업이 출자자 이외의 제3자로부터 빌린 자금으로, 갚아야 할 의무가 있는 '타인자금'을 의미합니다. 재무제표상에서 기업이 외부 조직이나 개인에게 지급해야 할 금전, 재화, 용역에 대한 채무를 뜻합니다. 상환 기간이나 성격에 따라 유동부채(차입금, 외상매입금 등), 고정부채(장기차입금, 사채 등), 충당금 등으로 구분하여 표시합니다.",미래에셋증권 증권용어사전,https://securities.miraeasset.com/hki/hki3028/r01.do
부채비율,[],재무/회계,"부채비율은 부채총액을 자기자본으로 나누어 계산하며, 기업이 타인자본에 얼마나 의존하고 있는지 나타내는 지표입니다. 재무제표에서 기업의 재무건전성을 확인할 때 주로 사용됩니다. 부채비율이 높으면 이자 비용 부담 등으로 현금흐름에 영향을 줄 수 있으며, 비율이 낮을수록 재무건전성이 양호하다고 해석하는 것이 일반적입니다.",KB증권 금융용어사전,https://www.kbsec.com/go.able?linkcd=m04110000
분산투자(diversified investment),[],주식 기초,분산투자는 투자 위험을 줄이기 위해 여러 종목의 증권에 나누어 투자하는 방법입니다. 개별 종목에서 발생할 수 있는 위험을 서로 상쇄하거나 완화하여 전체적인 투자 위험을 낮추고자 할 때 사용합니다.,미래에셋증권 증권용어사전,https://securities.miraeasset.com/hki/hki3028/r01.do
분식결산(window-dressing settlement),[],재무/회계,"분식결산은 회사의 재무 상태나 실적을 실제보다 좋게 보이게 하려고 재무제표의 숫자를 속여서 발표하는 것을 말합니다. 주로 자산을 부풀리거나 이익을 가공으로 크게 계산하는 방식으로 이루어집니다. 주주나 채권자 등에게 손해를 끼칠 수 있어 법적으로 금지되어 있으며, 기업의 재무제표나 공시를 확인할 때 주의 깊게 살펴야 할 항목입니다.",미래에셋증권 증권용어사전,https://securities.miraeasset.com/hki/hki3028/r01.do
분할증권(stripped securities),[],채권/금리/환율,분할증권은 동일한 담보 자산을 바탕으로 이자와 원금의 지급 비율을 다르게 설정하여 발행한 증권입니다. 하나의 기초 자산에서 발생하는 수익 구조를 쪼개어 서로 다른 성격의 증권들로 구성하는 것이 특징입니다. 주로 채권이나 금융 상품의 구조를 설명하는 공시나 리포트 등에서 사용되는 용어입니다.,미래에셋증권 증권용어사전,https://securities.miraeasset.com/hki/hki3028/r01.do
"불 마켓(bull market, bullish market)",[],가격/차트,"불 마켓은 주식 시장에서 주가가 상승하고 있거나 앞으로 상승할 것으로 기대되는 강세장을 뜻합니다. 주로 뉴스나 리포트에서 시장의 전반적인 분위기가 긍정적일 때 사용되는 용어입니다. 상승세가 지속되는 상황을 의미하지만, 시장의 흐름은 언제든 변할 수 있으므로 단순히 현재의 추세만으로 시장을 단정해서는 안 됩니다.",미래에셋증권 증권용어사전,https://securities.miraeasset.com/hki/hki3028/r01.do
불균형성장론,[],거시경제,"불균형성장론은 자본이 부족한 환경에서 모든 산업을 동시에 육성하기보다, 실현 가능성이 높은 특정 산업에 집중적으로 투자하여 경제 발전을 이끌어야 한다는 이론입니다. 저축 등 자금 공급 능력이 부족해 대규모 자본이 필요한 균형성장이 현실적으로 어려운 국가에서 주로 선택하는 경제개발 전략입니다. 특정 분야에 자원을 집중하여 성장을 꾀하는 방식이므로, 산업 간의 균형보다는 효율적인 자원 배분에 초점을 맞춥니다.",미래에셋증권 증권용어사전,https://securities.miraeasset.com/hki/hki3028/r01.do
불확실성,[],채권/금리/환율,"불확실성은 채권 투자의 수익률이나 가치 등이 확실하지 않은 정도를 뜻합니다. 시장 상황에 따라 채권의 가치가 변동할 수 있음을 나타내며, 뉴스나 리포트에서 향후 흐름을 예측하기 어려운 상황을 설명할 때 주로 사용됩니다.",KB증권 금융용어사전,https://www.kbsec.com/go.able?linkcd=m04110000
브로드 마켓(broad market),[],시장/상장,브로드 마켓은 거래량이 많고 매매가 활발하게 이루어지는 시장을 의미합니다. 시장 전반에 걸쳐 투자자들의 참여가 활발하고 유동성이 풍부한 상태를 나타낼 때 주로 사용됩니다. 뉴스나 리포트에서 시장의 전반적인 거래 분위기를 설명하는 맥락에서 쓰입니다.,미래에셋증권 증권용어사전,https://securities.miraeasset.com/hki/hki3028/r01.do
브로커,[],거래/주문/결제,"브로커는 고객의 주문에 따라 주식을 대신 사고파는 위탁 매매를 전문으로 하는 증권업자를 말합니다. 자기 자금으로 매매하여 이익을 얻는 딜러와 달리, 고객으로부터 받는 위탁 수수료가 주요 수익원입니다. 직접 매매에 따른 위험을 부담하지 않으므로 딜러에 비해 수익 구조가 상대적으로 안정적이라는 특징이 있습니다.",미래에셋증권 증권용어사전,https://securities.miraeasset.com/hki/hki3028/r01.do
브로커스 론(brokers loan),[],거래/주문/결제,"브로커스 론은 증권사가 고객에게 주식 매매 자금을 대출해 주기 위해 은행이나 금융기관으로부터 자금을 빌리는 것을 뜻합니다. 증권사가 보유한 자금만으로 고객의 대출 수요를 모두 충당하기 어려울 때, 부족한 자금을 외부에서 조달하는 금융 관계를 말합니다. 주로 미국 시장에서 발달한 형태의 거래 방식입니다.",미래에셋증권 증권용어사전,https://securities.miraeasset.com/hki/hki3028/r01.do
브리지 채권교체(bridge bond swap),[],채권/금리/환율,"브리지 채권교체는 만기가 서로 다른 두 개의 채권을 묶어, 두 채권의 평균 만기와 동일한 제3의 채권으로 교체하는 방식입니다. 회전수익률 곡선 분석을 바탕으로 실질적인 보유 채권의 만기를 연장하지 않으면서도 수익률을 높이고자 할 때 활용합니다.",미래에셋증권 증권용어사전,https://securities.miraeasset.com/hki/hki3028/r01.do
브리지 파이낸싱(bridge financing),[],채권/금리/환율,"브리지 파이낸싱은 자금이 필요한 시점과 실제 자금이 조달되는 시점 사이의 차이를 메우기 위해 일시적으로 자금을 융통하는 것을 말합니다. 주로 기업 인수 과정에서 추후 채권 발행 등을 통해 정식 자금을 조달하기 전까지 은행 등으로부터 임시로 자금을 빌리는 교량적 역할을 합니다. 자금 조달의 시차를 해결하기 위한 수단으로 활용되지만, 이후 계획된 자금 조달이 원활히 이루어지는지 함께 살펴봐야 합니다.",미래에셋증권 증권용어사전,https://securities.miraeasset.com/hki/hki3028/r01.do
브리지론(bridge loan),"[""브리지 론(bridge loan)""]",채권/금리/환율,"브리지론은 필요한 자금이 들어오기 전까지 일시적으로 자금을 조달하는 단기 차입금을 말합니다. 주로 장기 자금을 빌리기로 했으나 실제 자금이 유입되기까지 시간이 걸릴 때, 그 공백을 메우기 위한 '다리(Bridge)' 역할로 활용됩니다. 통상 나중에 들어올 장기 자금으로 상환하며, 상황에 따라 만기를 연장(Roll-over)하며 사용하기도 합니다.",미래에셋증권 증권용어사전,https://securities.miraeasset.com/hki/hki3028/r01.do
블독 본드(bulldog bond),[],채권/금리/환율,"블독 본드는 영국 런던 시장에서 외국 정부나 기업이 발행하는 파운드화 표시 채권을 말합니다. 미국의 양키본드나 일본의 사무라이본드처럼 발행 국가의 통화로 발행되는 외채를 뜻하며, 주로 국제 금융 시장의 흐름이나 채권 관련 뉴스에서 사용되는 용어입니다.",미래에셋증권 증권용어사전,https://securities.miraeasset.com/hki/hki3028/r01.do
블럭오버,[],ETF/펀드,"블럭오버는 오픈형 투자신탁의 수익증권을 일정 기간 동안 고정된 가격으로 판매하는 방식입니다. 일반적으로 오픈형 펀드는 거래 시점의 기준 가격으로 판매하는 것이 원칙이나, 블럭오버는 짧게는 1주일 정도 가격을 고정하여 판매하는 것이 특징입니다. 기준 가격이 상승할 때는 시가보다 낮은 가격으로 판매되어 자금 모집에 유리한 면이 있으며, 반대로 기준 가격이 하락하면 일반적인 방식과 동일하게 기준 가격으로 판매하게 됩니다.",미래에셋증권 증권용어사전,https://securities.miraeasset.com/hki/hki3028/r01.do
블록딜,[],거래/주문/결제,블록딜은 기관투자자나 대주주 등 큰손들이 대량의 주식을 한꺼번에 매매하는 방식입니다. 시장 가격에 급격한 영향을 주지 않기 위해 장 시작 전이나 장 마감 후 시간외 매매를 통해 거래 당사자끼리 미리 약속한 가격과 물량으로 거래합니다. 대규모 물량이 이동하므로 주주들의 지분율이나 기업의 지배구조가 변할 수 있어 주요한 이슈로 다뤄집니다.,KB증권 금융용어사전,https://www.kbsec.com/go.able?linkcd=m04110000
블루칩(blue chip),[],시장/상장,"블루칩은 오랜 기간 안정적으로 이익을 내고 배당을 지급해 온 기업의 주식을 뜻하며, 우량주라고도 부릅니다. 주가 수준에 따라 고가우량주, 중견우량주, 품귀우량주 등으로 구분되기도 합니다. 주로 뉴스나 리포트에서 재무 상태가 안정적인 종목을 지칭할 때 사용되는 용어입니다.",미래에셋증권 증권용어사전,https://securities.miraeasset.com/hki/hki3028/r01.do
비고난도 금융투자상품,[],파생/구조화상품,"비고난도 금융투자상품은 원금이 보장되지 않는 상품 중, 만기나 자동 조기상환 시 기초자산의 가격 변동에 따라 발생할 수 있는 손실이 원금의 20% 미만인 상품을 말합니다. 주로 금융상품의 위험 수준이나 구조의 복잡성을 구분하는 기준으로 쓰입니다. 손실 가능성이 상대적으로 낮게 분류되더라도 원금 손실 위험이 존재한다는 점에 유의해야 합니다.",KB증권 금융용어사전,https://www.kbsec.com/go.able?linkcd=m04110000
비공모주식,[],공시/기업행위,"비공모주식은 유상증자로 신주를 발행할 때 일반 공모가 아닌 방법으로 발행하는 주식을 말합니다. 주주배정 증자, 제3자 배정 증자, 연고모집 등이 비공모 방식에 해당합니다. 기업이 자금을 조달하는 구체적인 경로를 나타내는 용어로, 공시를 통해 어떤 방식으로 신주가 발행되는지 확인할 수 있습니다.",미래에셋증권 증권용어사전,https://securities.miraeasset.com/hki/hki3028/r01.do
비교 지수,[],ETF/펀드,"비교 지수는 펀드의 투자 성과를 비교하기 위해 기준으로 정한 지수로, 벤치마크라고도 부릅니다. 펀드나 ETF의 성과를 평가할 때 사용하며, 일반적으로 액티브 펀드는 비교 지수보다 높은 수익을 내는 것을 목표로 하고 인덱스 펀드는 이 지수의 흐름을 그대로 따라가도록 운용됩니다.",KB증권 금융용어사전,https://www.kbsec.com/go.able?linkcd=m04110000
비교대차대조표(comparative balance sheet),[],재무/회계,"비교대차대조표는 서로 다른 시점의 대차대조표 항목들을 한눈에 비교할 수 있도록 나란히 기재한 표입니다. 자산, 부채, 자본의 기간별 증감을 보여주어 기업의 재무적 변화 추세를 파악하는 데 활용됩니다. 재무제표 분석 시 기업이 자산과 부채를 어떻게 운영해 왔는지 검토하는 기초 자료가 됩니다.",미래에셋증권 증권용어사전,https://securities.miraeasset.com/hki/hki3028/r01.do
비드 레이트(bid rate),[],채권/금리/환율,"비드 레이트는 외환이나 금융 시장에서 외화를 매입하거나 자금을 수취하려는 측이 제시하는 가격 또는 금리를 의미합니다. 시장 거래에서 매수 희망자가 지불하고자 하는 가격 수준을 나타내며, 반대되는 개념으로는 매도자가 제시하는 가격인 오퍼 레이트(Offer Rate) 또는 애스크 레이트(Ask Rate)가 있습니다.",미래에셋증권 증권용어사전,https://securities.miraeasset.com/hki/hki3028/r01.do
비상장대법인,[],시장/상장,"비상장대법인은 상장되지 않은 법인 중 자본금이나 자기자본 규모가 일정 수준 이상인 기업을 뜻합니다. 사업연도 종료일 기준으로 주식발행 자본금액 또는 출자금액이 50억 원을 초과하거나, 대통령령으로 정하는 자기자본 총액이 100억 원을 초과하는 법인이 이에 해당합니다. 주로 기업 규모에 따른 공시 의무나 규정 적용 여부를 판단하는 기준으로 쓰입니다.",미래에셋증권 증권용어사전,https://securities.miraeasset.com/hki/hki3028/r01.do
비용(expenses),[],재무/회계,"비용은 기업이 수익을 창출하는 과정에서 발생하는 자산의 유출이나 부채의 증가를 의미합니다. 재무제표를 통해 기업의 경영 성과를 파악할 때 수익과 함께 확인하는 항목입니다. 단순히 현금이 지출되는 것뿐만 아니라, 수익을 얻기 위해 발생한 부채의 증가분 등도 비용에 포함될 수 있습니다.",미래에셋증권 증권용어사전,https://securities.miraeasset.com/hki/hki3028/r01.do
비우량채권,[],채권/금리/환율,"비우량채권은 신용등급에 따라 채권을 분류할 때 상대적으로 신용도가 낮은 등급의 채권을 뜻합니다. 국내 회사채 시장에서는 보통 A등급 이상을 우량채권으로, BBB등급 이하를 비우량채권으로 분류합니다. 신용등급에 따른 채권의 성격을 구분하거나 시장의 위험도를 파악하는 지표로 활용됩니다.",iM증권 금융용어사전,https://www.imfnsec.com/research/financial_guide/fg000000.jsp
비차익거래,[],수급/투자자,"비차익거래는 선물 가격의 움직임과 상관없이 여러 종목을 한꺼번에 묶어서 매매하는 방식입니다. 주로 외국인이나 기관 투자자가 여러 종목으로 구성된 바스켓을 일괄 매매할 때 이용하며, 프로그램 매매의 대표적인 형태입니다. 펀드 환매 요청이나 ETF 거래량 증가 등 다양한 이유로 발생하며, 최근 시장에서 그 비중이 높아지는 추세입니다.",KB증권 금융용어사전,https://www.kbsec.com/go.able?linkcd=m04110000
비체계적 위험(unsystematic or residal risk),[],주식 기초,비체계적 위험은 시장 전체의 흐름과 관계없이 개별 기업의 고유한 요인으로 인해 발생하는 위험을 뜻합니다. 여러 종목에 나누어 투자하는 분산투자를 통해 이 위험을 낮출 수 있어 '분산가능위험'이라고도 불립니다. 주가 변동 중 시장 전체의 움직임만으로는 설명되지 않는 기업 특유의 변동성을 나타낼 때 사용되는 개념입니다.,미래에셋증권 증권용어사전,https://securities.miraeasset.com/hki/hki3028/r01.do
비트 더 마켓(beat the market),[],투자지표/밸류에이션,"비트 더 마켓은 시장의 평균적인 기대수익률보다 더 높은 성과를 내기 위해 취하는 적극적인 투자 전략을 뜻합니다. 시장이 기업의 내재가치를 항상 정확하게 반영하지는 않는다는 전제하에, 가치와 가격의 차이를 분석하여 활용하는 방식입니다. 주로 리포트 등에서 시장 지수(벤치마크)를 넘어서는 초과 수익을 목표로 하는 상황을 설명할 때 쓰입니다.",미래에셋증권 증권용어사전,https://securities.miraeasset.com/hki/hki3028/r01.do
사고 증권(irregular securities),[],거래/주문/결제,"사고 증권은 도난, 분실, 위조, 횡령 등의 사고가 발생한 주식이나 채권 같은 유가증권을 뜻합니다. 증권사고가 발생한 증권을 통칭하는 용어로, 위조 주권의 출현이나 증권의 분실, 소실 등이 주요 사례입니다. 거래나 결제 과정에서 해당 증권의 상태를 확인하는 맥락에서 사용됩니다.",미래에셋증권 증권용어사전,https://securities.miraeasset.com/hki/hki3028/r01.do
사모사채(private placement bond),[],채권/금리/환율,"사모사채는 기업이 기관투자자나 특정 개인 등 소수의 투자자와 개별적으로 접촉하여 발행하는 채권입니다. 일반 대중을 대상으로 하는 공모사채와 달리 발행 시 증권신고서 제출 의무가 없으며, 인수주선기관을 거치지 않아도 되는 것이 특징입니다. 기업의 자금 조달 방식을 설명하는 공시나 뉴스에서 주로 사용됩니다.",미래에셋증권 증권용어사전,https://securities.miraeasset.com/hki/hki3028/r01.do
사모펀드,[],ETF/펀드,사모펀드는 소수의 투자자가 모여 구성한 펀드를 뜻합니다. 뉴스나 공시에서 특정 기업의 지분을 인수하거나 대규모 자금을 거래하는 주체로 자주 언급됩니다. 투자 대상이나 운용 방식에 따라 성격이 다양하므로 단순히 긍정적이거나 부정적으로만 해석하기 어렵습니다.,KB증권 금융용어사전,https://www.kbsec.com/go.able?linkcd=m04110000
사업 보고서,[],공시/기업행위,"사업 보고서는 기업의 개황, 사업의 내용, 재무에 관한 사항, 감사 의견 등을 기록한 종합 보고서입니다. 상장회사가 한 사업연도가 끝난 후 90일 이내에 관련 기관에 제출하는 공시 자료로, 기업의 전반적인 경영 현황과 재무 상태를 파악하는 데 사용됩니다.",미래에셋증권 증권용어사전,https://securities.miraeasset.com/hki/hki3028/r01.do
사외이사제,[],공시/기업행위,"사외이사제는 대주주와 관련 없는 인물을 이사회에 참여시켜 대주주의 독단을 방지하고 경영을 감시하는 제도입니다. 기업의 주요 의사결정 기구인 이사회가 독립적인 외부 감시 기능을 수행하도록 하는 데 목적이 있습니다. 주로 기업 지배구조 관련 공시나 리포트에서 언급되며, 제도의 도입이 실제 경영 감시라는 실효성으로 이어지는지에 대해서는 다양한 시각이 존재합니다.",미래에셋증권 증권용어사전,https://securities.miraeasset.com/hki/hki3028/r01.do
사이드카 (side car),[],거래/주문/결제,"사이드카는 선물시장의 급격한 변동이 현물시장에 미치는 영향을 최소화하기 위해 프로그램 매매 호가의 효력을 일시적으로 정지하는 제도입니다. 시장이 급변할 때 현물시장을 안정적으로 운영하여 투자자를 보호하는 역할을 합니다. KOSPI200 선물가격이 전일 종가 대비 4% 이상 변동하여 1분 이상 지속될 때 발동되며, 5분이 지나면 다시 매매가 체결됩니다. 하루에 1회만 발동할 수 있고, 장 종료 40분 전(14시 20분) 이후에는 발동되지 않습니다.",미래에셋증권 증권용어사전,https://securities.miraeasset.com/hki/hki3028/r01.do
사채,[],채권/금리/환율,"사채는 주식회사가 사업 자금을 조달하기 위해 발행하는 채권입니다. 회사는 채권자에게 정기적으로 이자를 지급하고 정해진 날에 원금을 상환할 의무를 가집니다. 주식과 달리 만기가 존재하며, 기업의 이익 여부와 관계없이 확정된 이자를 지급해야 하는 특징이 있습니다. 회사가 해산할 경우 주주보다 우선하여 잔여 재산을 분배받을 수 있는 권리가 있지만, 주주총회에서의 의결권은 주어지지 않습니다.",미래에셋증권 증권용어사전,https://securities.miraeasset.com/hki/hki3028/r01.do
사채발행,[],채권/금리/환율,사채발행은 주식회사가 사업에 필요한 자금을 조달하기 위해 채무를 표시하는 유가증권인 사채를 발행하는 것을 말합니다. 기업이 투자자로부터 돈을 빌리고 나중에 원금과 이자를 갚겠다는 약속을 담은 증권을 발행하는 행위입니다. 주로 공시나 뉴스에서 기업의 자금 조달 현황을 파악할 때 사용되는 용어입니다.,미래에셋증권 증권용어사전,https://securities.miraeasset.com/hki/hki3028/r01.do
사케다 전술,[],가격/차트,"사케다 전술은 주가 흐름의 기본 패턴을 분석하여 주가 움직임을 파악하는 전략입니다. 삼산, 삼천, 삼공, 삼병, 삼법으로 나뉘는 '사케다 5법'을 핵심 이론으로 하며, 차트 분석 시 주요 지표로 활용됩니다. 이 중 삼산, 삼천, 삼공은 서구권의 헤드 앤드 숄더형, 역 헤드 앤드 숄더형, 갭 분석과 유사한 형태를 띠는 것이 특징입니다.",미래에셋증권 증권용어사전,https://securities.miraeasset.com/hki/hki3028/r01.do
삼봉형(head and shoulder model),[],가격/차트,"삼봉형은 주가 차트에서 세 개의 고점이 형성되는 모양을 뜻하며, '헤드 앤 숄더'라고도 불립니다. 가운데 고점(머리)이 가장 높고 양옆의 고점(어깨)이 그보다 낮은 형태를 띱니다. 기술적 분석에서는 두 번째 어깨 이후 주가가 이전 저점들을 연결한 선 아래로 떨어질 경우, 향후 시장이 약세로 전환될 수 있는 신호로 해석하곤 합니다.",미래에셋증권 증권용어사전,https://securities.miraeasset.com/hki/hki3028/r01.do
삼선 전환법,[],가격/차트,"삼선 전환법은 주가의 추세가 변하는 시점을 파악하기 위해 고안된 차트 분석 기법입니다. 주가가 새로운 고가나 저가를 기록할 때만 선을 그려 표시하며, 상승은 흰색, 하락은 검은색으로 구분합니다. 기존 추세와 반대되는 선이 그려지려면 직전 3개 선의 가격 범위를 넘어서는 변동이 발생해야 한다는 것이 특징입니다. 추세의 전환을 시각적으로 명확하게 보여주지만, 주가가 한 방향으로 길게 움직인 경우에는 전환 신호가 실제보다 늦게 포착될 수 있다는 한계가 있습니다.",미래에셋증권 증권용어사전,https://securities.miraeasset.com/hki/hki3028/r01.do
상대 매매,[],거래/주문/결제,"상대 매매는 매수자와 매도자가 개별적으로 상대방을 정해 매매 수량, 가격, 계약 이행 방법 등을 서로 합의하여 진행하는 1대1 매매 방식입니다. 다수의 참여자가 경쟁하는 일반적인 거래 방식과 대비되는 개념으로, 거래가 성립되면 매매 당사자 사이에 계약에 따른 채권과 채무 관계가 발생합니다.",미래에셋증권 증권용어사전,https://securities.miraeasset.com/hki/hki3028/r01.do
상업어음 할인,[],재무/회계,"상업어음 할인은 기업이 상거래 과정에서 받은 어음을 만기일이 되기 전에 금융기관에 매각하여 현금을 미리 확보하는 자금 조달 방식입니다. 어음 금액에서 만기까지의 이자 등을 차감한 금액을 받게 되며, 기업의 재무제표나 자금 조달 관련 공시 등에서 확인할 수 있습니다.",미래에셋증권 증권용어사전,https://securities.miraeasset.com/hki/hki3028/r01.do
상업차관(commercial loan),[],채권/금리/환율,"상업차관은 국내 기업이나 개인이 자신의 신용을 바탕으로 해외에서 자금을 빌려오는 것을 말합니다. 민간 차원에서 이루어지는 외자 도입의 한 형태로, 상환 기간이 3년을 초과하고 금액이 100만 달러 이상인 경우를 의미합니다. 주로 기업의 자금 조달 현황이나 외환 관련 뉴스에서 확인할 수 있습니다.",미래에셋증권 증권용어사전,https://securities.miraeasset.com/hki/hki3028/r01.do
상임대리인 업무,[],수급/투자자,"상임대리인 업무는 외국인 투자자가 국내 주식에 투자할 때, 투자자를 대신하여 주식에 따르는 여러 권리를 행사하는 기관이나 개인의 역할을 의미합니다. 외국인 투자자가 국내에서 직접 권리를 행사하기 어려운 상황에서 투자자의 권리를 대행하는 주체를 설명할 때 쓰입니다.",미래에셋증권 증권용어사전,https://securities.miraeasset.com/hki/hki3028/r01.do
상장,[],시장/상장,"상장은 기업이 발행한 주식을 증권거래소에서 매매할 수 있도록 등록하는 것을 말합니다. 일정한 자격요건을 갖춰 거래소의 심사를 통과해야 하며, 상장이 되면 기업은 자금을 원활하게 조달하고 투자자는 주식의 환금성을 높일 수 있습니다. 상장된 기업은 비상장기업에 비해 사회적 신인도가 높은 것으로 인식되며, 거래소에서 형성된 가격은 공정한 시세로 공표됩니다.",미래에셋증권 증권용어사전,https://securities.miraeasset.com/hki/hki3028/r01.do
상장 회사,[],시장/상장,"상장 회사는 기업을 공개하여 주식을 증권거래소에서 거래할 수 있게 등록한 회사입니다. 상장 회사는 경영 상황이나 주식에 관한 주요 내용을 정기적으로 거래소에 보고하고, 일반 투자자에게 공시를 통해 알려야 할 의무가 있습니다.",미래에셋증권 증권용어사전,https://securities.miraeasset.com/hki/hki3028/r01.do
상장부(stock list),[],시장/상장,상장부는 증권거래소에서 증권을 새롭게 상장시키거나 상장에서 제외하는 업무를 담당하는 부서입니다. 기업이 시장에 진입하거나 퇴출되는 과정 등 상장 관리 전반에 관한 실무를 수행합니다.,미래에셋증권 증권용어사전,https://securities.miraeasset.com/hki/hki3028/r01.do
상장옵션(listed option),[],파생/구조화상품,상장옵션은 주요 옵션거래소에 상장되어 거래되는 옵션을 뜻합니다. 행사가격과 만기일이 표준화되어 고정되어 있는 것이 특징입니다. 거래소에서 정한 규격에 따라 거래되므로 투자자가 시장에서 가격을 확인하고 거래할 수 있습니다.,미래에셋증권 증권용어사전,https://securities.miraeasset.com/hki/hki3028/r01.do
상장요건(listing requirement),[],시장/상장,"상장요건은 기업의 주식이 거래소에 상장되어 거래되기 위해 갖추어야 하는 기준입니다. 거래소는 발행 주식 수, 주주 수, 과거 수익 현황 등 기업과 주식에 관한 여러 요건을 정해두고 있습니다. 각 거래소마다 요구하는 구체적인 기준은 다를 수 있습니다.",미래에셋증권 증권용어사전,https://securities.miraeasset.com/hki/hki3028/r01.do
상장일,[],시장/상장,"상장일은 기업의 주식이 코스피, 코스닥, 코넥스 같은 증권시장에 등록되어 거래가 시작되는 날을 의미합니다. 상장 심사를 통과한 기업의 주식을 일반 투자자가 시장에서 직접 거래할 수 있게 되는 시점을 뜻하며, 주식 화면이나 공시 등에서 신규 상장 종목의 정보를 확인할 때 주로 사용됩니다.",KB증권 금융용어사전,https://www.kbsec.com/go.able?linkcd=m04110000
상장주,[],시장/상장,"상장주는 정해진 절차를 거쳐 증권시장에서 거래될 수 있도록 등록된 주식을 말합니다. 비상장주와 비교했을 때 발행 회사의 사회적 신뢰도가 높고, 시장에서 언제든 사고팔 수 있어 현금화가 쉽다는 특징이 있습니다. 또한 기업 입장에서는 자금 조달이 수월해지고 주식을 담보로 활용하기에도 유리한 측면이 있습니다.",미래에셋증권 증권용어사전,https://securities.miraeasset.com/hki/hki3028/r01.do
상장주식수,[],시장/상장,"상장주식수는 주식시장에 상장되어 거래되는 주식의 총 개수를 의미합니다. 기업의 자본금을 주당 액면가로 나누어 계산할 수 있으며, 주가 화면이나 기업 정보에서 기업의 규모를 파악하거나 시가총액을 계산할 때 기초가 되는 수치입니다.",KB증권 금융용어사전,https://www.kbsec.com/go.able?linkcd=m04110000
상장지수 집합투자기구(ETF),[],ETF/펀드,상장지수 집합투자기구(ETF)는 특정 지수의 움직임에 따라 수익률이 결정되는 펀드입니다. 거래소에 상장되어 있어 주식처럼 편리하게 거래할 수 있도록 만든 상품입니다. 펀드의 성격과 주식의 거래 방식을 결합한 형태의 상품으로 주가 화면에서 종목처럼 조회하고 거래할 수 있습니다.,iM증권 금융용어사전,https://www.imfnsec.com/research/financial_guide/fg000000.jsp
상장지수펀드(ETF),[],ETF/펀드,"상장지수펀드(ETF)는 특정 지수나 자산의 가격 움직임과 수익률이 연동되도록 설계된 펀드입니다. 거래소에 상장되어 주식처럼 실시간으로 거래되는 인덱스 펀드의 일종입니다. 특정 업종 ETF를 통해 해당 분야의 여러 기업에 한꺼번에 투자하는 효과를 낼 수 있어, 개별 종목을 고르기 어렵거나 시장이나 업종 전체의 흐름에 주목할 때 주로 활용됩니다.",KB증권 금융용어사전,https://www.kbsec.com/go.able?linkcd=m04110000
상장폐지,"[""상장 폐지""]",시장/상장,"상장폐지는 주식시장에 상장된 유가증권의 상장이 취소되어 시장에서 퇴출되는 것을 뜻합니다. 기업에 파산, 부도, 자본잠식, 사업보고서 미제출, 감사인 의견 거절 등 경영상의 중대한 사태가 발생하여 투자자 손실이나 시장 신뢰 훼손이 우려될 때 거래소가 취하는 조치입니다. 증권거래소는 관련 승인 절차를 거쳐 상장폐지를 진행할 수 있습니다.",KB증권 금융용어사전,https://www.kbsec.com/go.able?linkcd=m04110000
상장형 투자신탁,[],ETF/펀드,"상장형 투자신탁은 투자신탁회사가 발행한 수익증권을 증권거래소에 상장하여 투자자들이 주식처럼 사고팔 수 있게 만든 상품입니다. 만기 전까지 운용사에 직접 환매를 요청할 수 없는 상품의 제약을 보완하기 위해, 거래소에서 투자자 간 거래가 가능하도록 설계되었습니다.",미래에셋증권 증권용어사전,https://securities.miraeasset.com/hki/hki3028/r01.do
상품 선물거래(commodity future trading),[],파생/구조화상품,"상품 선물거래는 대두, 옥수수와 같은 일반적인 상품을 미리 정한 가격으로 미래의 특정 시점에 주고받기로 약속하는 거래입니다. 원자재 가격 변동에 따른 위험을 관리하거나 미래의 가격 흐름을 예측하는 맥락에서 주로 쓰입니다. 약속한 날에 실제 상품을 인도하거나 대금을 결제하는 방식으로 거래가 마무리됩니다.",미래에셋증권 증권용어사전,https://securities.miraeasset.com/hki/hki3028/r01.do
상한가/하한가,[],가격/차트,"상한가와 하한가는 정규 시장에서 주가가 하루 동안 최대로 상승하거나 하락할 수 있는 가격을 뜻합니다. 국내 주식 시장의 가격제한폭은 전일 종가 대비 ±30%이며, 시간외 시장에서는 ±10%가 적용됩니다. 주가 화면에서 해당 종목이 도달할 수 있는 가격의 범위를 확인하는 지표로 활용됩니다.",KB증권 금융용어사전,https://www.kbsec.com/go.able?linkcd=m04110000
상호지급보증,[],재무/회계,"상호지급보증은 기업집단 내 계열사들이 대출이나 회사채 발행 등을 위해 서로의 채무를 보증하는 행위입니다. 금융기관에서 자금을 조달할 때 신용이나 담보 대신 그룹 내 다른 회사의 보증을 활용하는 방식입니다. 공정거래 차원에서 원칙적으로 금지되나, 실무적으로는 다양한 형태로 나타날 수 있습니다. 특정 계열사의 부실이 그룹 전체의 연쇄 부실로 이어질 수 있는 위험 요인이므로 공시나 재무제표를 통해 주의 깊게 살펴야 합니다.",미래에셋증권 증권용어사전,https://securities.miraeasset.com/hki/hki3028/r01.do
상환,[],채권/금리/환율,"상환은 채권, 투자신탁, 상환주식 등의 기한이 되었을 때 발행 회사가 투자자에게 원금을 돌려주는 것을 뜻합니다. 정해진 만기에 원금을 지급하는 만기 상환과 만기 전에 미리 돌려주는 기중 상환으로 구분됩니다. 채권이나 관련 공시에서 투자 원금의 회수 시점을 파악할 때 주로 사용되는 용어입니다.",미래에셋증권 증권용어사전,https://securities.miraeasset.com/hki/hki3028/r01.do
상환 주식,[],공시/기업행위,"상환 주식은 발행 회사가 일정한 조건에 따라 주주에게 자본을 돌려주고 해당 주식을 다시 사들여 없애기로(소각) 약속한 주식입니다. 주로 우선주에 적용되며, 상환할 주식의 수나 시기, 방법, 가격 등은 발행 시 회사가 미리 정한 기준을 따릅니다. 공시나 재무제표 등에서 기업의 자본 구성이나 변동 사항을 확인할 때 쓰이는 용어입니다.",미래에셋증권 증권용어사전,https://securities.miraeasset.com/hki/hki3028/r01.do
상환가능성,[],채권/금리/환율,"상환가능성은 채권을 발행한 곳에서 만기가 되기 전에 원금을 미리 갚을 수 있는 가능성을 뜻합니다. 주로 채권 공시나 리포트에서 발행 조건에 따라 언급되는 용어입니다. 상환가능성이 있는 채권은 발행자의 결정에 따라 만기 이전에 원금이 상환될 수 있으므로, 투자 시 해당 채권의 상세 상환 조건을 확인해야 합니다.",KB증권 금융용어사전,https://www.kbsec.com/go.able?linkcd=m04110000
상환금액,[],파생/구조화상품,"상환금액은 파생상품이나 구조화상품의 만기가 되었을 때 투자자에게 지급되는 금액을 말합니다. 기초지수의 성과를 바탕으로 계산되며, 상품의 구조나 조건에 따라 최종적으로 받는 금액이 결정됩니다.",KB증권 금융용어사전,https://www.kbsec.com/go.able?linkcd=m04110000
서머 랠리(summer rally),[],가격/차트,"서머 랠리는 매년 여름철인 7~8월경에 주가가 한 차례 크게 상승하는 현상을 뜻합니다. 주로 봄철에 발생한 시장의 악재가 해소된 후, 투자자들이 여름휴가를 떠나기에 앞서 낙관적인 전망으로 주식을 매수하며 반등 장세가 나타나는 것을 말합니다. 주로 미국 시장에서 유래했으나 전 세계적으로 나타나는 경향이 있으며, 국내 시장의 경우 대체로 7월에는 강세를 보이다가 8월에는 약세를 보이는 특징이 있습니다.",미래에셋증권 증권용어사전,https://securities.miraeasset.com/hki/hki3028/r01.do
서브파트 거래(sub part transaction),[],채권/금리/환율,"서브파트 거래는 은행이 보유한 대출채권을 제3자에게 다시 파는 전매거래를 뜻합니다. 상업은행이 실행한 일반적인 대출을 다른 곳에 매각하는 방식으로 이루어집니다. 이때 채권을 파는 행위를 '서브파트 아웃', 사는 행위를 '서브파트 인'이라고 부릅니다.",미래에셋증권 증권용어사전,https://securities.miraeasset.com/hki/hki3028/r01.do
선도거래(forward transaction),[],파생/구조화상품,"선도거래는 미래의 특정 시점에 거래할 가격을 현재 시점에서 미리 정해두는 거래 방식입니다. 미래 가격에 대한 예측을 바탕으로 계약 시점에 미리 가격을 결정하며, 주로 파생상품 시장이나 관련 리포트에서 가격 변동에 대비하는 맥락으로 쓰입니다.",미래에셋증권 증권용어사전,https://securities.miraeasset.com/hki/hki3028/r01.do
선도주,[],가격/차트,"선도주는 동일 업종 내에서 다른 종목보다 먼저 주가가 오르내리거나 시장 전반의 흐름을 이끄는 주식을 뜻합니다. 일반적으로 거래량 상위 10개 종목 등을 기준으로 선정하며, 뉴스나 리포트에서 업종이나 시장의 분위기를 파악하는 지표로 활용됩니다. 선도주의 움직임이 항상 업종 전체의 흐름과 일치하는 것은 아니므로 상황에 따라 다르게 해석될 수 있습니다.",미래에셋증권 증권용어사전,https://securities.miraeasset.com/hki/hki3028/r01.do
선물 거래소,[],파생/구조화상품,"선물 거래소는 매수자와 매도자가 만나 선물 가격을 결정하고 거래할 수 있도록 장소를 제공하는 기관입니다. 공개입찰 방식으로 가격이 정해지는 과정을 관리하며, 선물 가격 정보를 제공하고 체결된 계약이 실제로 이행되도록 보증하는 책임을 집니다.",미래에셋증권 증권용어사전,https://securities.miraeasset.com/hki/hki3028/r01.do
선물/옵션,[],파생/구조화상품,"선물/옵션은 미래의 가치를 바탕으로 거래하는 대표적인 파생상품입니다. 선물은 미래의 특정 시점에 미리 정한 가격으로 상품을 사고팔기로 약속하는 거래로, 만기가 되면 반드시 계약을 이행해야 합니다. 반면 옵션은 미리 정한 가격으로 살 수 있는 권리(콜옵션)나 팔 수 있는 권리(풋옵션)를 거래하는 것으로, 프리미엄을 지불하고 상황에 따라 권리 행사 여부를 선택할 수 있다는 차이가 있습니다. 상품별로 정해진 만기가 존재하며 시장에서는 이를 6월물, 12월물 등으로 구분하여 표시합니다.",KB증권 금융용어사전,https://www.kbsec.com/go.able?linkcd=m04110000
선물/옵션 기본예탁금,[],파생/구조화상품,"선물/옵션 기본예탁금은 선물이나 옵션 거래를 새로 시작할 때 계좌에 미리 넣어두어야 하는 최소한의 금액입니다. 미결제약정이 없는 상태에서 신규 거래를 위탁할 때 필요하며, 1,000만 원 이상의 현금이나 대용증권으로 납부해야 합니다. 파생상품 거래 시 발생할 수 있는 위험을 관리하기 위한 기초적인 안전장치로 활용됩니다.",미래에셋증권 증권용어사전,https://securities.miraeasset.com/hki/hki3028/r01.do
선물거래,[],파생/구조화상품,"선물거래는 미래의 특정 시점에 증권이나 현금을 미리 정한 가격으로 주고받기로 약속하는 거래 방식입니다. 계약 체결 후 실제 결제일이 오기 전이라도 전매나 환매를 통해 거래를 마칠 수 있어 청산 거래라고도 불립니다. 만기일에 실물을 직접 주고받는 방식과, 결제일 이전에 반대 매매를 통해 발생한 손익의 차액만을 정산하는 차금 결제 방식이 있습니다.",미래에셋증권 증권용어사전,https://securities.miraeasset.com/hki/hki3028/r01.do
선물금리계약(FRA; forward rate agreement),[],채권/금리/환율,"선물금리계약(FRA)은 은행과 기업이 미래 특정 시점의 대출 금리를 미리 정해두는 계약입니다. 실제 대출을 실행하는 대신, 약정한 금리와 미래의 시장 금리 차이만큼을 서로 정산하는 방식으로 이루어집니다. 시장 금리가 약정 금리보다 높으면 은행이 기업에 차액을 지급하고, 낮으면 기업이 은행에 차액을 지급하여 금리 변동에 따른 위험을 관리할 때 활용합니다.",미래에셋증권 증권용어사전,https://securities.miraeasset.com/hki/hki3028/r01.do
선물연계 ETN,[],ETF/펀드,"선물연계 ETN은 선물을 기초자산으로 하여 수익률이 결정되는 상장지수증권(ETN)입니다. 주식처럼 거래소에서 실시간으로 거래할 수 있으며, 기초자산인 선물 가격의 변동에 따라 가치가 정해집니다. 선물 상품의 특성상 일반 주식과는 다른 가격 변동 원리가 적용될 수 있습니다.",KB증권 금융용어사전,https://www.kbsec.com/go.able?linkcd=m04110000
"선물환 매입, 매도 스왑",[],채권/금리/환율,"선물환 매입·매도 스왑은 특정 선물환을 매입(또는 매도)함과 동시에 다른 조건의 선물환을 매도(또는 매입)하는 거래 방식입니다. 현물환과 선물환을 동시에 매매하는 일반적인 방식과 달리, 두 거래 모두 선물환으로 구성되는 것이 특징입니다. 주로 선물환 포지션을 관리하거나 위험을 방어하는 용도로 사용됩니다.",미래에셋증권 증권용어사전,https://securities.miraeasset.com/hki/hki3028/r01.do
선물환거래,[],채권/금리/환율,선물환거래는 미래의 특정 시점에 거래할 외화의 금액과 환율을 미리 정해두는 장외파생상품 거래입니다. 주로 환율 변동에 따른 위험을 피하기 위한 환헤지 수단으로 활용됩니다. 뉴스나 리포트에서 기업의 환율 리스크 관리 방식을 설명할 때 자주 등장하는 용어입니다.,iM증권 금융용어사전,https://www.imfnsec.com/research/financial_guide/fg000000.jsp
선취수수료,[],ETF/펀드,"선취수수료는 펀드에 가입하거나 매수할 때 투자자가 미리 지불하는 수수료입니다. 투자 원금에서 수수료를 먼저 떼는 방식이므로, 실제 운용에 투입되는 금액에 영향을 줄 수 있습니다.",KB증권 금융용어사전,https://www.kbsec.com/go.able?linkcd=m04110000
성장성 분석(trend analysis),[],투자지표/밸류에이션,성장성 분석은 기업의 과거 영업실적을 시간 순서대로 나열하여 그 변화 흐름을 분석하는 방법입니다. 주로 매출액 성장률이나 이익성장률 같은 지표를 통해 기업이 얼마나 성장하고 있는지 파악할 때 쓰입니다. 개별 기업의 수치만 보기보다는 전체적인 경기 상황이나 해당 업종의 추세와 비교하여 분석하는 과정이 필요합니다.,미래에셋증권 증권용어사전,https://securities.miraeasset.com/hki/hki3028/r01.do
성장주,[],주식 기초,"성장주는 매출액과 이익이 시장 평균이나 동일 업종에 비해 빠르게 늘어나는 기업의 주식을 뜻합니다. 현재의 이익보다는 미래의 성장 가능성에 주목하는 종목으로, 뉴스나 리포트에서 산업의 성장성을 설명할 때 자주 등장합니다. 기업이 벌어들인 이익을 사업에 다시 투자하는 경우가 많아 배당 수익률은 상대적으로 낮을 수 있으며, 양호한 재무 구조와 시장 점유율, 신제품 개발 능력 등이 주요 특징으로 꼽힙니다.",미래에셋증권 증권용어사전,https://securities.miraeasset.com/hki/hki3028/r01.do
세무조정,[],재무/회계,"세무조정은 기업이 결산 시 산출한 당기순이익을 바탕으로 세법에 따른 과세소득을 계산하는 과정입니다. 회계상의 이익과 세법상의 이익이 일치하지 않을 때, 세금 부과의 기초가 되는 금액을 확정하기 위해 특정 항목을 더하거나 빼는 작업을 거칩니다. 주로 기업의 재무제표나 실적 관련 공시에서 실제 세금 부담 수준을 파악할 때 언급됩니다.",미래에셋증권 증권용어사전,https://securities.miraeasset.com/hki/hki3028/r01.do
세무회계(tax accounting),[],재무/회계,"세무회계는 기업의 소득을 바탕으로 조세법에 따라 세금의 기준이 되는 과세소득과 세액을 산출하는 회계 분야입니다. 기업이 산정한 이익을 기초로 세법 규정에 맞춰 세금 부담 능력을 계산하고, 관련 재무 정보를 이해관계자에게 전달하는 역할을 합니다. 주로 기업의 재무제표나 공시 자료에서 세금 산출과 관련된 정보를 다룰 때 사용되는 개념입니다.",미래에셋증권 증권용어사전,https://securities.miraeasset.com/hki/hki3028/r01.do
소나차트(sonar chart),[],가격/차트,"소나차트는 주가가 고점이나 저점에 가까워질수록 가격의 변화율이 줄어드는 성질을 이용한 차트 분석 방법입니다. 주가가 파동을 그리며 움직일 때 변화율이 0에 가까워지는 지점을 포착하여 주가 흐름의 변화를 파악하는 데 활용합니다. 차트 화면에서 기술적 지표 중 하나로 쓰이며, 추세의 강도나 전환 가능성을 살필 때 참고할 수 있습니다.",미래에셋증권 증권용어사전,https://securities.miraeasset.com/hki/hki3028/r01.do
소비자신용분석,[],거시경제,"소비자신용분석은 차입자의 상환능력, 인격, 담보 등을 바탕으로 대출금을 갚을 수 있는지를 검토하는 과정입니다. 차입자의 직업과 수입의 안정성, 기존 부채 규모 등을 종합적으로 조사하여 상환 가능성을 평가합니다. 거시경제 지표나 금융 관련 뉴스에서 가계 부채의 건전성이나 금융기관의 대출 심사 기준을 설명할 때 주로 사용됩니다.",미래에셋증권 증권용어사전,https://securities.miraeasset.com/hki/hki3028/r01.do
소수주주권(minority shareholder right),[],배당/주주환원,"소수주주권은 대주주나 이사회의 독단을 견제하고 주주 전체의 이익을 보호하기 위해 소액 주주에게 부여된 권리입니다. 기업 지배구조와 관련된 공시나 뉴스에서 주주들이 경영진을 감시하거나 특정 요구를 할 때 주로 등장합니다. 상법에 따라 보유 지분율에 따라 행사 가능한 권리가 구분되는데, 5% 이상은 임시 주주총회 소집이나 회계장부 열람 청구 등이 가능하고, 10% 이상은 회사 해산 판결 청구권이, 3% 이하의 주주에게는 감사 선임 의결권 등이 인정됩니다.",미래에셋증권 증권용어사전,https://securities.miraeasset.com/hki/hki3028/r01.do
소액 주주,[],시장/상장,"소액 주주는 회사의 발행 주식 총액의 1%에 해당하는 금액과 액면가 기준 3억 원 미만 중 더 적은 금액의 주식을 보유한 주주를 뜻합니다. 주로 기업 공개(IPO) 요건이나 주주 구성 관련 공시에서 언급됩니다. 기업 공개를 위해서는 소액 주주의 주식 보유 비중이 발행 주식 총수의 40% 이상이어야 하고, 주주 수도 300명 이상이어야 하는 등의 요건을 충족해야 합니다.",미래에셋증권 증권용어사전,https://securities.miraeasset.com/hki/hki3028/r01.do
소액채권 저축,[],채권/금리/환율,"소액채권 저축은 소액 채권 투자자에게 세제 혜택을 제공하여 채권 시장을 활성화하기 위해 도입된 상품입니다. 실명 개인이 액면 500만 원 이하, 상환 기간 1년 이상의 채권을 만기까지 보유할 경우 이자소득에 대해 낮은 세율로 분리과세 혜택을 받을 수 있습니다. 국채, 지방채, 통안채 등 안정성이 높은 채권이 주요 대상이며, 채권 투자 시 세금 부담을 줄이려는 맥락에서 사용됩니다.",미래에셋증권 증권용어사전,https://securities.miraeasset.com/hki/hki3028/r01.do
손비(expense),[],재무/회계,"손비는 기업이 상품을 생산하거나 판매하는 등 영업 활동을 하는 과정에서 발생하는 자산의 유출이나 부채의 증가를 뜻하며, 흔히 '비용'이라고도 합니다. 재무제표에서 기업이 이익을 창출하기 위해 지출한 항목들을 파악할 때 쓰이는 용어입니다.",미래에셋증권 증권용어사전,https://securities.miraeasset.com/hki/hki3028/r01.do
손익계산서,[],재무/회계,손익계산서는 일정 회계 기간 동안 기업이 얻은 모든 수익과 지출한 비용을 정리하여 성과를 보여주는 회계보고서입니다. 기업의 일반적인 경영 활동에서 발생한 손익과 업무 외적인 임시 손익을 합산하고 법인세 등을 차감하여 최종적인 당기순손익을 표시합니다. 재무제표나 실적 공시에서 기업의 수익성을 확인하는 가장 기본적인 자료로 활용됩니다.,KB증권 금융용어사전,https://www.kbsec.com/go.able?linkcd=m04110000
손익계산서 추정,[],리포트/실적 표현,"손익계산서 추정은 기업의 미래 실적을 예측하기 위해 매출액, 매출원가, 판매관리비, 영업외손익, 법인세 등 주요 항목을 미리 계산해 보는 것을 말합니다. 주로 증권사 리포트에서 기업의 향후 수익성을 전망할 때 사용됩니다. 여러 비용과 수익 항목을 종합적으로 고려하여 작성되므로, 실제 결과와는 차이가 있을 수 있습니다.",미래에셋증권 증권용어사전,https://securities.miraeasset.com/hki/hki3028/r01.do
손익률,[],가격/차트,"손익률은 주식을 매수한 가격 대비 현재 가격이 얼마나 오르거나 내렸는지를 백분율(%)로 나타낸 지표입니다. 주가 화면에서 보유 중인 종목의 평가손익 상태를 확인하는 용도로 쓰입니다. 매수가격과 현재가격의 차이를 바탕으로 계산하며, 투자자가 현재 자산의 변동 폭을 파악하는 기준이 됩니다.",KB증권 금융용어사전,https://www.kbsec.com/go.able?linkcd=m04110000
"손절매(loss cut, stop loss)",[],거래/주문/결제,"손절매는 주가가 매입 가격보다 낮은 상태에서 추가 하락이 예상될 때, 더 큰 손실을 피하기 위해 손해를 감수하고 주식을 매도하는 것을 뜻합니다. 투자자들은 보통 5%, 10%, 15% 등 일정한 손실 비율을 미리 정해두고 추가 하락에 대응하는 기준으로 삼기도 합니다. 주식 거래 과정에서 예상치 못한 하락세가 이어질 때 손실 폭을 제한하기 위한 방법으로 활용됩니다.",미래에셋증권 증권용어사전,https://securities.miraeasset.com/hki/hki3028/r01.do
수권 자본제도,[],공시/기업행위,"수권 자본제도는 회사가 발행할 수 있는 주식의 총수를 미리 정해두고, 그 범위 안에서 이사회가 필요할 때마다 주식을 발행할 수 있도록 권한을 부여한 제도입니다. 우리나라는 발행 주식 총수의 4분의 1 이상을 먼저 발행하면, 나머지는 이사회 결의만으로 수시로 발행할 수 있습니다. 기업이 자본을 조달할 때 기동성을 확보하기 위해 활용되며, 공시나 기업의 정관 등에서 확인할 수 있습니다.",미래에셋증권 증권용어사전,https://securities.miraeasset.com/hki/hki3028/r01.do
수권자본금(authorized capital),[],공시/기업행위,"수권자본금은 주식회사 설립 시 이사회의 결정으로 증자할 수 있는 최대 자본금의 한도를 말합니다. 기업이 향후 주식을 추가로 발행하여 자금을 조달할 수 있는 범위를 나타내며, 실제 발행된 자본금과는 차이가 있을 수 있습니다. 주로 기업의 공시나 정관 관련 내용을 확인할 때 사용되는 용어입니다.",미래에셋증권 증권용어사전,https://securities.miraeasset.com/hki/hki3028/r01.do
수급분석(supply-demand analysis),[],수급/투자자,수급분석은 시장에 유입되는 자금의 흐름을 중심으로 주식의 공급과 수요 사이의 불균형을 평가하는 분석 방법입니다. 주식 화면이나 리포트에서 시장 동향을 파악할 때 주로 사용됩니다. 공급과 수요의 변화를 통해 시장의 움직임을 이해하려는 기술적 분석의 한 종류로 활용됩니다.,미래에셋증권 증권용어사전,https://securities.miraeasset.com/hki/hki3028/r01.do
수도,[],거래/주문/결제,"수도는 주식 매매 거래에서 증권과 그 대금을 실제로 주고받는 것을 뜻합니다. 국내 주식 시장의 보통 거래에서는 매매 계약을 체결한 날로부터 3일째 되는 날에 수도가 이루어집니다. 이렇게 증권과 대금을 주고받아 계약을 이행하는 과정을 수도 결제라고 하며, 결제 방식에 따라 당일 결제나 특약일 결제 등으로 구분되기도 합니다.",미래에셋증권 증권용어사전,https://securities.miraeasset.com/hki/hki3028/r01.do
수량 우선의 법칙,[],거래/주문/결제,"수량 우선의 법칙은 동일한 가격의 주문이 접수된 시간이 같거나 선후가 분명하지 않을 때, 주문 수량이 더 많은 쪽을 먼저 체결시키는 원칙입니다. 거래소에서 매매 거래의 체결 순서를 정하는 기준 중 하나로 활용됩니다.",미래에셋증권 증권용어사전,https://securities.miraeasset.com/hki/hki3028/r01.do
수시공시,[],공시/기업행위,"수시공시는 기업의 주요 경영 사항이 발생했을 때 수시로 발행하는 공시를 뜻합니다. 정해진 시기에 제출하는 정기공시와 달리, 주요 경영사항이나 자회사 및 종속회사 관련 내용, 자율공시, 조회공시 등 공시 사유가 발생할 때마다 발행됩니다.",KB증권 금융용어사전,https://www.kbsec.com/go.able?linkcd=m04110000
수시식 RP,[],채권/금리/환율,"수시식 RP는 별도의 계약 기간을 정하지 않고 운용하는 환매조건부채권(RP)을 뜻합니다. 31일 단위로 자동 재투자되는 특징이 있으며, 주로 입출금이 자유로운 금융 상품이나 계좌의 운용 방식을 설명할 때 사용되는 용어입니다.",KB증권 금융용어사전,https://www.kbsec.com/go.able?linkcd=m04110000
수요예측,[],시장/상장,"수요예측은 주식의 공모가격을 결정하기 위해 주관사가 공모희망가격을 제시하고, 이에 대한 투자자들의 수요 상황을 파악하는 절차입니다. 기관 투자자들이 참여하여 원하는 가격과 수량을 제시하면, 발행회사와 주관사는 이 결과를 바탕으로 최종 공모가격을 확정합니다. 공모주 청약 전 기업에 대한 시장의 평가를 확인하는 단계에서 주로 쓰이는 용어입니다.",iM증권 금융용어사전,https://www.imfnsec.com/research/financial_guide/fg000000.jsp
수익 증권 저축제도,[],ETF/펀드,수익 증권 저축제도는 투자 상품인 수익 증권을 저축 상품처럼 관리할 수 있도록 한 제도입니다. 수익 증권을 좌수(수량) 단위로 거래할 때 발생하는 계산의 복잡함과 불편함을 줄이기 위해 금액 단위의 저축 통장 방식을 도입했습니다. 이를 통해 투자자가 수익 증권을 일부 환매하거나 양도할 때의 편의성을 높인 것이 특징입니다.,미래에셋증권 증권용어사전,https://securities.miraeasset.com/hki/hki3028/r01.do
수익률,[],파생/구조화상품,수익률은 ELS나 DLS 같은 파생결합상품에서 수익을 돌려받을 때 원금 대비 수익이 차지하는 비율을 뜻합니다. 주로 상품의 상환 조건이 충족되었을 때 투자자가 받게 되는 이익의 크기를 나타내는 지표로 쓰입니다. 기초자산의 가격 변동 등 정해진 조건에 따라 실제 실현되는 수익률은 달라질 수 있습니다.,KB증권 금융용어사전,https://www.kbsec.com/go.able?linkcd=m04110000
수익률 주(yield stock),[],배당/주주환원,"수익률 주는 주가 상승에 따른 시세 차익보다 배당 수익의 비중이 큰 주식을 의미합니다. 투자 수익을 배당과 시세 차익으로 나눌 때, 배당 수익률을 주요 기준으로 삼아 거래되는 종목을 말하며 시세 차익 비중이 큰 성장주와 대비되는 개념으로 쓰입니다. 주로 공공사업이나 철강 등 기간산업 관련 종목이 수익률 주로 분류되곤 하나, 최근에는 배당 수익만을 기준으로 거래되는 경우가 드물어 다른 지표와 함께 고려해야 합니다.",미래에셋증권 증권용어사전,https://securities.miraeasset.com/hki/hki3028/r01.do
수익률곡선(yield curve),[],채권/금리/환율,"수익률곡선은 채권의 만기(잔존기간)와 수익률 사이의 관계를 나타내는 곡선입니다. 특정 시점에서 다른 조건은 같고 만기까지 남은 기간만 다른 채권들을 대상으로, 가로축에는 잔존기간을 세로축에는 수익률을 표시하여 만듭니다. 금리 흐름이나 경제 상황을 분석하는 리포트 등에서 시장의 금리 수준을 파악할 때 주로 활용됩니다.",미래에셋증권 증권용어사전,https://securities.miraeasset.com/hki/hki3028/r01.do
수익률스프레드(yield spread),[],채권/금리/환율,"수익률스프레드는 국공채처럼 위험이 거의 없는 채권과 회사채처럼 채무불이행 위험이 있는 채권 간의 수익률 차이를 말합니다. '위험프리미엄'이라고도 하며, 발행 주체의 신용도나 위험 수준에 따라 달라집니다. 주로 약속수익률에서 무위험수익률을 뺀 값으로 계산하며, 채무불이행 가능성이나 미래의 불확실성에 대한 보상 개념을 포함합니다. 시장의 위험 선호도를 파악하는 지표로 뉴스나 리포트에서 자주 활용됩니다.",미래에셋증권 증권용어사전,https://securities.miraeasset.com/hki/hki3028/r01.do
수익률지수(yield index),[],채권/금리/환율,"수익률지수는 채권의 만기수익률을 지수화한 지표입니다. 여러 채권 간의 수익률 수준을 비교할 때 주로 활용합니다. 다만, 채권은 수익률이 같더라도 가격 수준이 다를 수 있고, 동일한 수익률 변동에도 가격이 변하는 폭은 크게 다를 수 있습니다. 따라서 수익률지수만으로는 실제 채권의 투자 수익을 정확히 산출하기 어렵다는 특징이 있습니다.",미래에셋증권 증권용어사전,https://securities.miraeasset.com/hki/hki3028/r01.do
수익자 총회,[],ETF/펀드,"수익자 총회는 펀드의 운용 규칙인 집합투자규약의 중요한 내용을 변경할 때, 펀드 가입자들이 모여 의사결정을 내리는 기구입니다. 법령과 해당 규약에서 정한 방법과 절차에 따라 운영됩니다. 펀드 운용의 주요 사항을 결정하는 과정에서 투자자가 확인해야 할 공시나 안내 사항에 주로 등장합니다.",KB증권 금융용어사전,https://www.kbsec.com/go.able?linkcd=m04110000
수익증권,"[""수익 증권""]",ETF/펀드,수익증권은 투자자가 펀드에 자금을 맡기고 그 운용 성과에 따른 수익을 받을 권리가 표시된 증권입니다. 펀드나 ETF 같은 간접투자 상품에서 투자자의 지분을 나타내는 용어로 주로 쓰입니다. 운용 결과에 따라 수익권의 가치가 달라질 수 있습니다.,KB증권 금융용어사전,https://www.kbsec.com/go.able?linkcd=m04110000
수익채권(revenue bond),[],채권/금리/환율,"수익채권은 특정 프로젝트나 세수 등에서 발생하는 수익으로만 원리금을 상환하는 채권입니다. 주로 지방자치단체나 공기업이 발행하며, 발행 기관의 전체 신용보다는 해당 사업에서 발생하는 수익에 따라 상환이 보증되는 특징이 있습니다.",미래에셋증권 증권용어사전,https://securities.miraeasset.com/hki/hki3028/r01.do
수익환원법 (yield capitalization method),[],투자지표/밸류에이션,"수익환원법은 부동산이 미래에 창출할 것으로 예상되는 소득을 바탕으로 자산의 가치를 평가하는 방법입니다. 장래 여러 해 동안 발생할 수익을 기준으로 가치를 산정하며, 한 해의 수익을 기준으로 하는 직접환원법과 함께 소득접근법의 일환으로 쓰입니다. 주로 부동산 투자회사(리츠)나 대규모 부동산을 보유한 기업의 자산 가치를 다루는 리포트 등에서 활용되는 개념입니다.",미래에셋증권 증권용어사전,https://securities.miraeasset.com/hki/hki3028/r01.do
수입배당금,[],재무/회계,"수입배당금은 기업이 보유한 주식이나 출자금 등에서 발생한 이익을 배당으로 받은 금액을 말합니다. 주로 재무제표의 손익계산서에서 영업외수익 항목으로 분류되나, 금융업처럼 배당이 주요 영업 활동인 경우에는 영업수익으로 처리되기도 합니다. 현금배당 외에도 주식배당이나 세법상 배당으로 간주하는 의제배당 등 다양한 형태가 포함될 수 있습니다.",미래에셋증권 증권용어사전,https://securities.miraeasset.com/hki/hki3028/r01.do
수정주가평균(adjusted stock price average),[],가격/차트,"수정주가평균은 권리락, 증자, 주식분할 등으로 인해 발생하는 주가 평균의 단절을 없애고 연속성을 유지하기 위해 계산된 값입니다. 종목 구성이 바뀌거나 기업 행위로 주가가 변동될 때 나누는 수(제수)를 조정하여 과거 주가와 현재 주가를 일관성 있게 비교할 수 있도록 돕습니다. 주로 차트나 지수 산출 시 주가 흐름을 왜곡 없이 파악하기 위해 사용합니다.",미래에셋증권 증권용어사전,https://securities.miraeasset.com/hki/hki3028/r01.do
수직강세스프레드 (bullish vertical spread),[],파생/구조화상품,"수직강세스프레드는 기초자산의 가격 상승이 예상될 때 활용하는 옵션 투자 전략입니다. 권리행사가격이 높은 옵션을 매도(발행)하고 낮은 옵션을 매수하여 구성합니다. 기초자산 가격이 올랐을 때 얻는 이익은 일정 수준으로 제한되지만, 반대로 가격이 하락할 경우에는 옵션 매도로 받은 프리미엄을 통해 손실을 줄일 수 있는 특징이 있습니다.",미래에셋증권 증권용어사전,https://securities.miraeasset.com/hki/hki3028/r01.do
수출입 물가지수(export and import price index),[],거시경제,수출입 물가지수는 수출입 상품의 가격 변동을 파악하기 위해 발표하는 지수입니다. 수출입 물가의 동향을 통해 무역 조건을 판단하거나 계약 시점의 가격 수준을 신속하게 파악할 때 활용합니다. 거시경제 지표로서 뉴스나 리포트에서 무역 환경을 분석할 때 주로 언급됩니다.,미래에셋증권 증권용어사전,https://securities.miraeasset.com/hki/hki3028/r01.do
수탁자,[],ETF/펀드,"수탁자는 투자 신탁 재산을 보관하고 관리하는 주체입니다. 위탁자의 지시에 따라 재산을 관리하거나 처분하는 역할을 하며, 국내에서는 주로 신탁회사나 신탁 업무를 영위하는 은행 등이 수탁자가 됩니다. 펀드나 ETF의 자산 관리 체계를 설명하는 공시나 리포트 등에서 주로 확인할 수 있습니다.",미래에셋증권 증권용어사전,https://securities.miraeasset.com/hki/hki3028/r01.do
수탁회사,"[""수탁 회사""]",ETF/펀드,"수탁회사는 발행 회사를 대신하여 모집 사무를 처리하거나, 신탁 계약에 따라 재산을 운용하고 관리하는 금융기관 등을 말합니다. ETF나 펀드 시장에서는 투자자의 자산을 맡아 보관하고 관리하는 역할을 수행합니다. 신탁 재산이 계약대로 안전하게 관리되는지 확인하는 맥락에서 주로 사용됩니다.",미래에셋증권 증권용어사전,https://securities.miraeasset.com/hki/hki3028/r01.do
"숙려 제도, 숙려 기간",[],거래/주문/결제,"숙려 제도는 투자자가 금융상품 청약 시 최종 결정을 내리기 전 충분히 생각할 시간을 주는 제도입니다. 고난도 금융투자상품은 개인투자자에게, 그 외 상품은 고령자나 부적합 투자자에게 적용됩니다. 청약일을 포함해 3영업일의 숙려 기간 동안 최종 투자 여부를 확정해야 청약이 완료됩니다.",KB증권 금융용어사전,https://www.kbsec.com/go.able?linkcd=m04110000
순수익률 취득교체(pure yield pick-up swap),[],채권/금리/환율,"순수익률 취득교체는 채권의 만기, 성격, 신용 등급 등을 고려하지 않고 현재 수익률이 더 높은 채권으로 교체하는 것을 뜻합니다. 채권 시장에서 수익률을 높이기 위한 교체 매매 방식으로 쓰입니다. 단순히 수익률 수치에만 집중하는 방식이므로, 채권의 질적 차이나 만기 구조 등은 반영되지 않는다는 특징이 있습니다.",미래에셋증권 증권용어사전,https://securities.miraeasset.com/hki/hki3028/r01.do
순자산,[],ETF/펀드,순자산은 펀드의 원금과 수익을 모두 합친 금액을 의미합니다. ETF나 펀드 상세 화면에서 해당 상품의 전체 규모를 나타낼 때 주로 쓰이는 용어입니다. 순자산은 운용 성과나 시장 상황에 따라 늘어나거나 줄어들 수 있습니다.,KB증권 금융용어사전,https://www.kbsec.com/go.able?linkcd=m04110000
순환 매수,[],수급/투자자,순환 매수는 특정 종목이나 업종에서 시작된 매수세가 연관된 다른 종목으로 옮겨가며 주가 상승이 이어지는 현상을 말합니다. 호재가 있는 종목에서 이익을 얻은 투자자가 다음 유망 종목을 찾아 재투자하면서 시장 전반의 주가 수준이 높아지는 형태를 띠기도 합니다. 뉴스나 시장 분석 리포트에서 특정 테마나 업종 간의 자금 이동을 설명할 때 주로 사용됩니다.,미래에셋증권 증권용어사전,https://securities.miraeasset.com/hki/hki3028/r01.do
스왑 거래(swap transaction),[],파생/구조화상품,"스왑 거래는 현물환과 선물환을 반대 방향으로 동시에 매매하거나, 서로 다른 선물환을 동시에 사고파는 거래를 뜻합니다. 주로 환율이나 금리 변동에 따른 위험을 방어(헤지)하고 기업의 차입 비용을 절감하기 위한 수단으로 활용됩니다. 금리 스왑, 통화 스왑, 자산 스왑 등 여러 종류가 있으며, 금융 시장의 변화에 따라 다양한 형태로 거래됩니다.",미래에셋증권 증권용어사전,https://securities.miraeasset.com/hki/hki3028/r01.do
스왑 마진(swap margin),[],채권/금리/환율,"스왑 마진은 스왑거래에서 현물환율과 선물환율의 차이를 뜻하는 용어입니다. 일반적인 선물환거래에서 발생하는 현물환과 선물환의 차이를 포워드 마진(forward margin)이라고 부르는 것과 달리, 스왑거래의 맥락에서는 이를 스왑 마진이라고 표현합니다.",미래에셋증권 증권용어사전,https://securities.miraeasset.com/hki/hki3028/r01.do
스왑 조작 거래,[],채권/금리/환율,스왑 조작 거래는 외국환은행이 현물환을 매매함과 동시에 같은 금액의 선물환을 반대 방향으로 거래하는 방식입니다. 인도 시기만 다른 두 거래를 대칭적으로 진행하여 환율 변동 위험을 피하면서 외화 자금을 운용할 때 활용합니다. 주로 금리 차이를 이용한 거래나 선물 포지션의 균형을 맞추기 위한 목적으로 뉴스나 환율 관련 리포트에서 언급됩니다.,미래에셋증권 증권용어사전,https://securities.miraeasset.com/hki/hki3028/r01.do
스왑 코스트(swap cost),[],채권/금리/환율,"스왑 코스트는 통화 스왑 거래를 할 때 발생하는 비용을 의미합니다. 해외 투자 시 환율 변동 위험을 관리하기 위해 현물환을 매수하고 선물환을 매도하는 과정에서, 선물환율이 현물환율보다 낮아 발생하는 차액이 주된 원인입니다. 주로 국가 간 금리 차이로 인해 발생하며, 해외 투자 수익을 평가할 때 금리 수익에서 차감되는 비용 항목으로 고려됩니다.",미래에셋증권 증권용어사전,https://securities.miraeasset.com/hki/hki3028/r01.do
스왑션(swaption),[],파생/구조화상품,스왑션은 금리 스왑과 옵션을 결합한 파생금융상품입니다. 고정금리와 변동금리를 교환하는 금리 스왑 거래를 미래의 특정 시점에 체결할 수 있는 권리를 거래하는 것을 의미합니다. 주로 금융 리포트나 파생상품 시장에서 복합적인 거래 구조를 설명할 때 사용되는 용어입니다.,미래에셋증권 증권용어사전,https://securities.miraeasset.com/hki/hki3028/r01.do
스왑하우스(swap house),[],파생/구조화상품,"스왑하우스는 금리나 통화 스왑 같은 파생금융상품을 전문적으로 거래하는 회사를 뜻합니다. 파생상품 시장에서 전문적인 거래 주체로 활동하는 기관을 지칭하며, 주로 뉴스나 리포트에서 파생상품 거래의 주요 참여자를 설명할 때 사용됩니다.",미래에셋증권 증권용어사전,https://securities.miraeasset.com/hki/hki3028/r01.do
스캘퍼(scalper),[],수급/투자자,"스캘퍼는 당일 중 아주 짧은 시간 동안 발생하는 미세한 시세 변동을 이용해 수익을 내고자 하는 초단기 거래자를 뜻합니다. 잦은 매매와 큰 거래 규모를 특징으로 하며, 이러한 활동을 통해 시장에 유동성을 공급하는 역할을 하기도 합니다.",미래에셋증권 증권용어사전,https://securities.miraeasset.com/hki/hki3028/r01.do
스켈퍼,[],거래/주문/결제,"스켈퍼는 아주 짧은 시간 동안 주식을 보유하며 미세한 가격 변동에서 수익을 얻으려는 투자자를 뜻합니다. 데이 트레이더보다도 짧은 몇 분 단위로 매매를 반복하는 것이 특징입니다. 주가가 예상과 다르게 움직이면 즉시 거래를 종료하며, 잦은 매매를 통해 시장에 유동성을 공급하는 역할을 하기도 합니다.",미래에셋증권 증권용어사전,https://securities.miraeasset.com/hki/hki3028/r01.do
스텝다운(STEP-DOWN) ELS,[],파생/구조화상품,"스텝다운 ELS는 상환평가일마다 정해진 조건을 충족하면 제시된 수익률을 얻는 구조의 상품입니다. 시간이 지날수록 상환 조건이 계단식으로 낮아지는 특징이 있습니다. 상환 조건 충족 여부에 따라 수익 발생 여부가 결정되므로, 각 평가 시점의 기준을 확인하는 것이 중요합니다.",iM증권 금융용어사전,https://www.imfnsec.com/research/financial_guide/fg000000.jsp
스톡옵션,[],공시/기업행위,"스톡옵션은 특정 시점에 미리 정해진 가격으로 자사 주식을 살 수 있는 권리를 부여하는 제도입니다. 주로 기업의 공시나 뉴스에서 임직원에 대한 보상이나 동기부여 수단으로 언급됩니다. 주가가 행사가격보다 높을 때 권리를 행사하여 차익을 얻을 수 있으며, 행사 가능 기간이 보통 수년으로 설정되어 주가 추이에 따라 행사 시점을 선택할 수 있습니다. 기존 주주의 이익을 고려하여 자사주를 취득해 부여하거나 주식 평가 차액을 지급하는 방식 등이 활용되기도 합니다.",미래에셋증권 증권용어사전,https://securities.miraeasset.com/hki/hki3028/r01.do
스트립 금융(strip financing),[],재무/회계,"스트립 금융은 기업 인수(LBO) 과정에서 자금 공급자들이 기업이 발행하는 주식, 채권 등 다양한 증권을 일정한 비율로 함께 인수하는 방식입니다. 여러 종류의 증권을 패키지 형태로 보유하여 투자자들 사이의 이해관계를 일치시키고자 할 때 사용됩니다. 주로 기업 인수 관련 리포트나 재무 분석에서 언급되며, 경영진이나 일반 은행 대출은 이 구성에서 제외되는 것이 일반적입니다.",미래에셋증권 증권용어사전,https://securities.miraeasset.com/hki/hki3028/r01.do
스트립 발행(strip issue),[],채권/금리/환율,"스트립 발행은 만기일이 일정 시차를 두고 연속적으로 배열되어 발행되는 증권 발행 방식을 말합니다. 투자자가 개별 만기 증권을 각각 선택하는 것이 아니라, 연속된 만기로 구성된 전체 묶음(스트립)에 대해 응찰해야 하는 것이 특징입니다. 예를 들어 최소 발행 단위가 1,000원인 증권이 15개의 연속된 만기로 구성된 스트립이라면, 투자자의 최소 응찰 금액은 이를 모두 합산한 15,000원이 됩니다.",미래에셋증권 증권용어사전,https://securities.miraeasset.com/hki/hki3028/r01.do
스트립(strip),[],파생/구조화상품,"스트립(strip)은 만기일과 권리행사가격이 같은 콜옵션 1단위와 풋옵션 2단위를 조합하는 것을 말합니다. 1단위의 콜과 2단위의 풋을 매입하는 것을 롱 스트립(long strip), 모두 매도하는 것을 숏 스트립(short strip)이라고 합니다. 주로 파생상품이나 구조화상품의 거래 전략을 설명할 때 사용되는 용어입니다.",미래에셋증권 증권용어사전,https://securities.miraeasset.com/hki/hki3028/r01.do
스파트 펀드,[],ETF/펀드,"스파트 펀드는 특정 테마나 업종의 주식을 소규모로 묶어 운용하는 주식형 수익 증권입니다. 금융, 하이테크, 건설 등 시장에서 주목받는 특정 분야를 대상으로 하며, 정해진 기간 안에 목표 수익률을 달성하면 즉시 중도 상환되는 특징이 있습니다. 시장의 단기적인 흐름을 반영하여 운용되므로, 목표 달성 여부와 상환 시점을 확인하는 것이 중요합니다.",미래에셋증권 증권용어사전,https://securities.miraeasset.com/hki/hki3028/r01.do
스프레드,[],거래/주문/결제,"스프레드는 주식 시장에서 매수 가격과 매도 가격 사이의 차이를 의미합니다. 거래 화면에서 호가 간의 간격을 나타내며, 투자자가 거래를 체결할 때 고려해야 할 일종의 거래 비용으로 해석됩니다.",KB증권 금융용어사전,https://www.kbsec.com/go.able?linkcd=m04110000
스프레드 거래(spread trading),[],파생/구조화상품,"스프레드 거래는 동일한 선물 상품 내에서 서로 다른 결제월(근월물과 원월물 등) 간의 가격 차이를 이용하는 거래 방식입니다. 선물 시장에서 두 상품의 가격 차이인 '스프레드'가 변동하는 것을 활용합니다. 단순히 가격의 상승이나 하락을 예측하는 것이 아니라, 두 가격 사이의 간격이 어떻게 변할지에 주목하는 것이 특징입니다.",미래에셋증권 증권용어사전,https://securities.miraeasset.com/hki/hki3028/r01.do
시가,[],가격/차트,"시가는 주식 시장이 열리고 처음으로 체결된 거래 가격을 뜻합니다. 보통 평일 오전 9시 장이 시작될 때 장전 동시호가를 통해 결정됩니다. 전날 마감 가격보다 높거나 낮게 형성될 수 있으며, 그날 주가 움직임의 기준이 되는 시작 가격으로 쓰입니다.",KB증권 금융용어사전,https://www.kbsec.com/go.able?linkcd=m04110000
시가 발행,[],공시/기업행위,"시가 발행은 상장사가 신주를 발행할 때 현재 시장에서 거래되는 주식 가격을 기준으로 발행 가액을 결정하는 방식입니다. 발행 가액과 액면 가액의 차액을 자본준비금으로 쌓아 기업의 재무 구조를 개선하는 데 활용될 수 있습니다. 주가 안정과 기업 성장을 돕는 제도로, 주로 유상증자 공시 등에서 신주 발행 가격을 결정할 때 언급됩니다.",미래에셋증권 증권용어사전,https://securities.miraeasset.com/hki/hki3028/r01.do
시가 총액,[],투자지표/밸류에이션,"시가총액은 상장 주식 수에 현재 주가를 곱하여 산출한 기업의 총 가치입니다. 주가 변동뿐만 아니라 증자, 감자, 전환사채(CB)의 주식 전환 등으로 상장 주식 수가 변할 때도 시가총액이 달라집니다. 개별 기업의 규모를 나타내는 지표로 활용되며, 장부상 가치와는 차이가 있을 수 있습니다. 시장 전체의 시가총액은 경제 지표와 비교하거나 업종별 비중을 확인하는 데 사용되기도 합니다.",미래에셋증권 증권용어사전,https://securities.miraeasset.com/hki/hki3028/r01.do
시간 우선의 원칙,[],거래/주문/결제,"시간 우선의 원칙은 주식 시장에서 같은 가격의 주문이 여러 개 있을 때, 먼저 접수된 주문을 우선적으로 체결하는 원칙입니다. 투자자가 주문을 낸 시점에 따라 체결 순서가 결정되는 거래의 기본 규칙입니다. 다만, 장 시작 시점의 동시호가 거래 등에서는 이 원칙이 적용되지 않으며, 같은 가격의 주문이라도 수량에 따라 비례하여 배분될 수 있습니다.",미래에셋증권 증권용어사전,https://securities.miraeasset.com/hki/hki3028/r01.do
시계열 변동분석(time series analysis),[],가격/차트,"시계열 변동분석은 시간에 따라 기록된 통계 데이터에 수학적 처리를 가하여, 시간이 흐름에 따라 나타나는 변동 법칙이나 패턴을 찾아내는 분석 방법입니다. 주식 시장에서는 주가나 거래량의 과거 흐름을 분석하여 변화의 규칙성을 파악하는 데 활용됩니다. 특정 시점의 단편적인 수치뿐만 아니라 시간의 경과에 따른 연속적인 흐름을 이해하는 것이 핵심입니다.",미래에셋증권 증권용어사전,https://securities.miraeasset.com/hki/hki3028/r01.do
시설자금,[],공시/기업행위,"시설자금은 기업이 도구, 기계, 장치, 공간 등의 설비를 갖추는 데 필요한 자금을 뜻합니다. 주로 유상증자나 채권 발행과 같은 공시에서 자금 조달의 목적을 설명할 때 사용되는 용어입니다. 시설자금의 투입은 기업의 생산 설비 확충이나 사업 확장과 관련이 있을 수 있으나, 구체적인 투자 계획에 따라 기업에 미치는 영향은 다를 수 있습니다.",iM증권 금융용어사전,https://www.imfnsec.com/research/financial_guide/fg000000.jsp
시장 교란 사유,[],파생/구조화상품,"시장 교란 사유는 기초자산이나 관련 파생상품의 거래가 정상적으로 이루어지기 어려운 특정 상황을 뜻합니다. 주로 파생상품이나 구조화상품의 가격을 결정하는 기초자산의 거래 환경에 문제가 생겼을 때 사용되는 용어입니다. 거래가 제한되거나 지연되는 '거래 장애', 비정상적인 가격으로 거래가 체결되는 '거래소 장애', 정규 마감 시각보다 일찍 거래를 마치는 '조기 폐장' 등이 해당합니다. 지수를 구성하는 종목 중 20% 이상에 거래 제한이 발생하는 등의 상황이 구체적인 판단 기준이 됩니다.",KB증권 금융용어사전,https://www.kbsec.com/go.able?linkcd=m04110000
시장 리스크(market risk),[],거시경제,"시장 리스크는 환율, 금리, 채권 등의 시장 가격이나 예상 변화율이 예상과 반대로 움직여 손실이 발생할 수 있는 위험을 뜻합니다. 거시경제 지표의 변동에 따라 금융기관이나 투자자가 보유한 자산 가치가 변할 수 있는 상황을 설명할 때 쓰입니다. 시장 전체의 흐름에 따라 발생하는 변동성이므로 투자 시 고려해야 할 주요 외부 요인 중 하나입니다.",미래에셋증권 증권용어사전,https://securities.miraeasset.com/hki/hki3028/r01.do
시장 분석(market analysis),[],가격/차트,"시장 분석은 주가 변동과 밀접한 시장 내부 요인들을 분석해 현재 주가의 상대적 위치를 평가하고 향후 흐름을 예측하는 방법입니다. 주로 가격이나 거래량 같은 시장 데이터를 바탕으로 주가가 어느 수준에 있는지 파악할 때 활용됩니다. 분석 결과가 항상 미래의 주가 움직임을 보장하는 것은 아니며, 시장 상황에 따라 유동적으로 해석될 수 있습니다.",미래에셋증권 증권용어사전,https://securities.miraeasset.com/hki/hki3028/r01.do
시장가,[],채권/금리/환율,"시장가는 현재 채권의 시장 가치로, 시장에서 실제로 거래되는 가격을 뜻합니다. 채권 화면이나 시장 동향을 다루는 뉴스 등에서 현재 채권이 거래되는 가격 수준을 나타낼 때 쓰입니다. 시장 상황에 따라 가격이 변동할 수 있다는 점을 유의해야 합니다.",KB증권 금융용어사전,https://www.kbsec.com/go.able?linkcd=m04110000
시장가 주문 (Market Order),[],거래/주문/결제,시장가 주문은 가격을 직접 지정하지 않고 현재 시장에서 거래되는 가장 유리한 가격으로 즉시 체결되도록 요청하는 주문 방식입니다. 주로 주식 거래 화면에서 가격보다는 빠른 체결이 중요할 때 사용합니다. 시장 상황에 따라 체결되는 가격이 예상과 다를 수 있다는 점을 유의해야 합니다.,미래에셋증권 증권용어사전,https://securities.miraeasset.com/hki/hki3028/r01.do
시장가주문,[],거래/주문/결제,"시장가주문은 현재 시장에서 형성된 가격으로 즉시 거래를 체결하고자 할 때 사용하는 주문 방식입니다. 종목과 수량은 지정하지만 가격은 직접 정하지 않으며, 매수 시에는 매도 호가에, 매도 시에는 매수 호가에 맞춰 즉시 체결됩니다. 거래량이 부족한 상황에서는 체결 과정에서 가격이 급등락할 위험이 있으므로 주문 시 유의해야 합니다.",KB증권 금융용어사전,https://www.kbsec.com/go.able?linkcd=m04110000
시장규제,[],시장/상장,"시장규제는 시장이 과열되어 주가가 비정상적으로 상승하거나, 반대로 지나치게 침체하여 주가가 비정상적으로 하락할 때 이를 억제하기 위해 시장 전체를 관리하는 조치입니다. 시장의 급격한 변동성을 줄이고 안정적인 거래 환경을 유지하기 위해 시행됩니다.",미래에셋증권 증권용어사전,https://securities.miraeasset.com/hki/hki3028/r01.do
시장안정화장치,[],가격/차트,"시장안정화장치는 외부 요인으로 인해 주가가 급격하게 변할 때 투자자를 보호하기 위해 시행하는 여러 조치와 제도를 의미합니다. 주식 시장의 변동성이 지나치게 커지는 상황에서 시장의 충격을 완화하기 위해 사용됩니다. 구체적인 장치의 종류에 따라 거래가 일시적으로 중단되거나 제한될 수 있으므로, 주가 급변 시 시장의 상태를 파악하는 기준으로 활용됩니다.",KB증권 금융용어사전,https://www.kbsec.com/go.able?linkcd=m04110000
시장조성,[],시장/상장,"시장조성은 신규 상장한 기업의 주가가 공모가 대비 일정 수준 이하로 떨어질 때, 주간 증권사가 주가를 지지하기 위해 매수 주문을 내는 제도입니다. 상장 후 한 달 이내에 주가가 공모가의 80% 이하로 하락하거나 그럴 우려가 있을 때 투자자 보호를 목적으로 시행됩니다. 주가 하락을 방어하는 역할을 하지만, 시장 상황에 따라 효과가 달라질 수 있습니다.",미래에셋증권 증권용어사전,https://securities.miraeasset.com/hki/hki3028/r01.do
시장조치,[],시장/상장,"시장조치는 주식 시장에서 공정한 가격이 형성되도록 하고 급격한 시세 변동으로부터 투자자를 보호하기 위해 거래소가 취하는 조치입니다. 가격폭 제한, 매매거래 정지 및 해제, 관리종목 지정, 위탁증거금율 조정 등이 포함됩니다. 시장 상황에 따라 종목별로 다르게 적용될 수 있으므로 공시나 주가 화면에서 해당 조치 내용을 확인하는 것이 중요합니다.",미래에셋증권 증권용어사전,https://securities.miraeasset.com/hki/hki3028/r01.do
시장평균환율제,[],채권/금리/환율,시장평균환율제는 외환시장의 수요와 공급에 따라 환율이 결정되는 제도입니다. 전날 은행 간 외환시장에서 거래된 환율을 거래량으로 가중평균하여 다음 날의 기준 환율을 정하는 방식입니다. 시장의 자율성을 반영하면서도 급격한 환율 변동에 따른 혼란을 막기 위해 변동폭을 제한하는 특징이 있습니다. 주로 환율 관련 뉴스나 거시경제 지표를 다룰 때 언급됩니다.,미래에셋증권 증권용어사전,https://securities.miraeasset.com/hki/hki3028/r01.do
신고가/신저가,[],가격/차트,"신고가와 신저가는 주식시장에서 주가가 이전의 기록을 깨고 가장 높거나 낮은 가격에 도달한 상태를 뜻합니다. 보통 최근 1년 동안의 가격 흐름을 보여주는 '52주 신고가'나 '52주 신저가'라는 표현으로 뉴스나 시세 화면에서 자주 사용됩니다. 현재 주가가 과거와 비교해 어느 정도 수준인지 판단하는 기준이 되지만, 단순히 가격이 높거나 낮다는 사실만으로 주가의 방향을 단정해서는 안 됩니다.",KB증권 금융용어사전,https://www.kbsec.com/go.able?linkcd=m04110000
신구주 합병,[],공시/기업행위,"신구주 합병은 유상증자 등으로 새로 발행된 주식(신주)과 기존 주식(구주)이 하나의 종목으로 통합되는 것을 뜻합니다. 발행 시점이 달라 배당 권리가 차이 날 때는 시장에서 별개 종목으로 거래되다가, 배당을 거치며 권리가 동일해지면 합병 절차를 밟게 됩니다. 주로 공시나 종목 정보에서 신주와 구주의 구분 및 통합 시점을 설명할 때 사용됩니다.",미래에셋증권 증권용어사전,https://securities.miraeasset.com/hki/hki3028/r01.do
신규위탁증거금,[],거래/주문/결제,"신규위탁증거금은 새로운 매매 거래를 주문할 때 증권사에 납부해야 하는 증거금입니다. 새로 주문하는 수량에 필요한 증거금과 기존에 보유한 미결제약정에 대한 증거금을 합산하여 계산합니다. 현금뿐만 아니라 대용증권으로도 납부할 수 있으며, 주문 화면에서 거래 가능 여부를 결정하는 기준이 됩니다.",미래에셋증권 증권용어사전,https://securities.miraeasset.com/hki/hki3028/r01.do
신디케이트 스왑(syndicated swap),[],파생/구조화상품,"신디케이트 스왑은 두 통화 간의 금리와 원금을 교환하는 스왑 거래의 일종으로, 여러 금융기관이 공동으로 참여하는 대규모 거래를 뜻합니다. 주로 기업이 특정 통화의 고정금리 부채를 상환하기 위해 다른 통화의 변동금리 자금을 차입하여 교환할 때 활용됩니다. 보통 5년 만기로 진행되며, 주요 참가자별로 최소 참여 금액이 정해져 있는 등 규모가 큰 구조화 상품 거래에서 주로 나타납니다.",미래에셋증권 증권용어사전,https://securities.miraeasset.com/hki/hki3028/r01.do
신용 등급,[],채권/금리/환율,"신용 등급은 채권을 발행한 주체의 채무 상환 능력을 평가하여 나타낸 등급입니다. 기업이나 국가가 빌린 돈을 제때 갚을 수 있는지를 보여주는 지표로, 주로 뉴스나 리포트에서 발행자의 재무적 신뢰도를 확인하는 용도로 쓰입니다. 등급이 높을수록 상환 능력이 긍정적으로 평가되나, 시장 상황에 따라 변동될 수 있습니다.",KB증권 금융용어사전,https://www.kbsec.com/go.able?linkcd=m04110000
신용 리스크,[],파생/구조화상품,"신용 리스크는 파생금융상품 거래에서 상대방이 계약 내용을 제대로 이행하지 않아 손실이 발생할 가능성을 의미합니다. 주로 파생상품이나 구조화상품의 위험 요인을 설명할 때 사용됩니다. 거래 상대방의 재무 상태나 이행 능력에 따라 리스크의 크기가 달라질 수 있으므로, 상품의 구조와 함께 상대방의 신용도를 확인하는 것이 중요합니다.",미래에셋증권 증권용어사전,https://securities.miraeasset.com/hki/hki3028/r01.do
신용(대출)융자금,[],거래/주문/결제,"신용(대출)융자금은 투자자가 주식을 사기 위해 증권사로부터 빌리는 자금을 의미합니다. 신용융자거래 시 증권사가 빌려주는 금액으로, 한도는 거래 유형이나 매수하려는 종목의 등급에 따라 다를 수 있습니다. 주식 주문 화면이나 잔고 현황에서 투자자가 활용 중인 대출 규모를 확인할 때 주로 사용되는 용어입니다.",iM증권 금융용어사전,https://www.imfnsec.com/research/financial_guide/fg000000.jsp
신용(대출)이자,[],거래/주문/결제,"신용(대출)이자는 신용거래나 대출을 이용한 기간에 대해 투자자가 지불해야 하는 이자입니다. 이자율 산정 방식은 크게 세 가지로 구분됩니다. 이용 기간에 따라 구간별로 다른 이자율을 적용해 합산하는 '체차법', 이용 기간과 관계없이 동일한 이자율을 적용하는 '단일법', 그리고 상환 시점의 최종 이자율을 전체 이용 기간에 일괄 적용하는 '소급법'이 있습니다.",KB증권 금융용어사전,https://www.kbsec.com/go.able?linkcd=m04110000
신용거래,"[""신용 거래""]",거래/주문/결제,"신용거래는 증권사로부터 자금이나 주식을 빌려 주식을 매매하는 거래 방식입니다. 보유한 자산보다 더 큰 규모로 거래할 수 있어 공격적인 운용이 가능하지만, 빌린 돈에 대한 이자가 발생하며 정해진 만기 내에 상환해야 합니다. 담보비율이 일정 수준(보통 140%) 미만으로 하락할 경우 반대매매 등의 불이익이 발생할 수 있으므로 자산 평가 금액의 변동을 유의 깊게 살펴야 합니다.",KB증권 금융용어사전,https://www.kbsec.com/go.able?linkcd=m04110000
신용공여,[],거래/주문/결제,신용공여는 증권사가 투자자에게 주식을 담보로 돈을 빌려주거나 주식을 빌려주는 등의 행위를 포괄적으로 이르는 말입니다. 증권담보융자나 신용거래 등이 대표적입니다. 금융기관의 건전성을 위해 금융감독원은 신용공여 한도를 해당 기관 자기자본의 일정 범위 내로 제한하고 있습니다.,iM증권 금융용어사전,https://www.imfnsec.com/research/financial_guide/fg000000.jsp
신용공여업무,[],거래/주문/결제,신용공여업무는 증권사가 주식 거래와 관련하여 고객에게 자금을 빌려주거나 주식을 대여해 주는 업무를 뜻합니다. 투자자가 주식을 사고팔 때 증권사로부터 자금이나 주식을 빌리는 서비스 전반을 포괄하는 용어로 쓰입니다.,미래에셋증권 증권용어사전,https://securities.miraeasset.com/hki/hki3028/r01.do
신용대주거래,[],거래/주문/결제,"신용대주거래는 주가 하락이 예상될 때 증권사로부터 주식을 빌려 매도하는 거래 방식입니다. 계좌 내 현금이나 주식 등을 담보로 설정하여 주식을 빌린 뒤, 나중에 주가가 낮아졌을 때 시장에서 다시 사서 갚는 방식으로 진행됩니다. 주가가 오르면 손실이 발생할 수 있고, 담보비율을 유지하지 못하면 추가 담보 요구를 받거나 강제 청산될 수 있습니다. 신규 투자자는 사전 교육과 모의 거래를 이수해야 거래가 가능합니다.",iM증권 금융용어사전,https://www.imfnsec.com/research/financial_guide/fg000000.jsp
신용융자거래,[],거래/주문/결제,"신용융자거래는 주식을 살 때 투자자가 가진 돈의 일부를 담보로 증권사에서 자금을 빌려 주식을 매수하는 거래 방식입니다. 매수하려는 금액 전체를 본인이 부담하지 않고, 정해진 비율에 따라 증권사의 대출금을 활용해 주식을 살 수 있습니다. 주식 주문 화면이나 계좌 정보에서 대출 비율이나 융자 가능 여부를 확인할 때 주로 사용되는 용어입니다.",KB증권 금융용어사전,https://www.kbsec.com/go.able?linkcd=m04110000
신용증권(credit instrument),[],채권/금리/환율,"신용증권은 지폐를 제외하고 장기 또는 단기의 채권과 채무 관계를 증명하는 증서를 뜻합니다. 수표, 예금증서, 어음, 채권, 주식 등이 대표적인 예시입니다. 금융 시장에서 자금 거래나 권리 관계를 공식적으로 나타내는 수단으로 쓰입니다.",미래에셋증권 증권용어사전,https://securities.miraeasset.com/hki/hki3028/r01.do
신용창조(creation of bank deposit),[],거시경제,"신용창조는 은행이 대출을 통해 처음 예금된 금액보다 몇 배 많은 예금통화를 만들어내는 현상입니다. '예금창조'라고도 하며, 경제 뉴스나 리포트에서 시중 유동성이 늘어나는 원리를 설명할 때 주로 쓰입니다. 은행의 대출 활동이 반복됨에 따라 경제 전체에 유통되는 돈의 양이 처음보다 크게 불어나는 효과를 의미합니다.",미래에셋증권 증권용어사전,https://securities.miraeasset.com/hki/hki3028/r01.do
신용창출(credit creation),[],거시경제,"신용창출은 은행이 대출을 통해 처음 예금액의 몇 배에 달하는 예금통화를 만들어내는 현상을 말합니다. 은행이 예금 중 일부를 지급준비금으로 남기고 나머지를 대출하면, 그 대출금이 다시 예금으로 유입되어 또 다른 대출로 이어지는 과정이 반복되며 시중의 통화량이 늘어납니다. 거시경제 지표나 통화 정책 관련 뉴스에서 시중 유동성을 설명할 때 주로 사용되는 개념입니다.",미래에셋증권 증권용어사전,https://securities.miraeasset.com/hki/hki3028/r01.do
신용할당(credit rationing),[],채권/금리/환율,"신용할당은 금융기관이 대출금리를 조정하는 대신 차입자의 신용상태 등 특정 기준에 따라 대출 규모를 제한하거나 배분하는 것을 의미합니다. 시장 금리가 변하더라도 대출 수요를 모두 충족하지 않고, 금융기관이 정한 기준에 따라 자금을 공급하는 상황을 설명할 때 쓰입니다. 주로 뉴스나 리포트에서 시장의 자금 흐름과 기업의 자금 조달 여건을 분석할 때 언급됩니다.",미래에셋증권 증권용어사전,https://securities.miraeasset.com/hki/hki3028/r01.do
신주 인수권,[],공시/기업행위,"신주 인수권은 기업이 새로운 주식을 발행할 때 이를 배정받을 수 있는 권리입니다. 이사회의 결정에 따라 기존 주주에게 부여하거나 특정 연고자에게 부여할 수 있으며, 일반적으로는 기존 주주에게 부여하는 경우가 많습니다. 주로 유상증자 공시 등에서 누가 새로운 주식을 받을 권리를 갖는지 확인할 때 사용됩니다.",미래에셋증권 증권용어사전,https://securities.miraeasset.com/hki/hki3028/r01.do
신주인수권부사채,[],채권/금리/환율,"신주인수권부사채(BW)는 발행 회사의 주식을 미리 정해진 가격으로 살 수 있는 권리가 부여된 채권입니다. 채권의 권리를 행사해 신주를 인수하더라도 채권 자체가 사라지는 전환사채와 달리, 신주인수권부사채는 권리 행사 후에도 채권이 그대로 유지되는 것이 특징입니다. 따라서 신주를 인수할 때는 별도의 대금을 지불해야 하며, 발행액 대비 신주 인수권의 비율은 1대 1 이하로 제한됩니다. 기업 공시나 재무제표에서 주로 볼 수 있으며, 주가가 행사가격보다 높을 때는 주가와 연동되고 낮을 때는 채권 금리의 영향을 더 많이 받습니다.",미래에셋증권 증권용어사전,https://securities.miraeasset.com/hki/hki3028/r01.do
신주인수권부사채(BW),[],채권/금리/환율,"신주인수권부사채(BW)는 발행 회사의 신주를 미리 정해진 가격으로 인수할 수 있는 권리(워런트)가 부여된 채권입니다. 투자자는 채권의 원금과 이자를 받으면서, 향후 주식을 확보할 수 있는 권리를 함께 가집니다. 기업의 자금 조달 방식이나 공시 등에서 주로 쓰이는 용어입니다.",KB증권 금융용어사전,https://www.kbsec.com/go.able?linkcd=m04110000
신탁계약,[],ETF/펀드,"신탁계약은 자산운용사(위탁 회사)와 수탁 회사 간에 맺는 계약으로, 투자자의 자산을 별도의 재산으로 구분하여 보관하고 관리하는 체계를 뜻합니다. 다수의 투자자가 맡긴 자산을 운용사가 관리하되, 실제 자산의 보관과 관리는 수탁 회사에 다시 맡기는 구조를 가집니다. 주로 펀드나 ETF의 설정 및 운용 방식을 설명하는 공시나 리포트 등에서 사용됩니다.",미래에셋증권 증권용어사전,https://securities.miraeasset.com/hki/hki3028/r01.do
신탁계약의 해지,[],공시/기업행위,"신탁계약의 해지는 위탁 회사와 신탁 회사 간에 체결된 신탁 계약의 효력을 소멸시키는 행위입니다. 계약이 해지되면 신탁재산을 수익자에게 돌려주게 되는데, 이 과정이 수익자의 이익에 큰 영향을 줄 수 있어 엄격한 제한이 따릅니다. 주로 공시를 통해 계약 종료 사실과 그에 따른 자산 반환 내용을 알릴 때 사용됩니다.",미래에셋증권 증권용어사전,https://securities.miraeasset.com/hki/hki3028/r01.do
신탁계정,[],ETF/펀드,"신탁계정은 고객이 맡긴 금전, 부동산, 유가증권 등의 자산을 관리하고 운용하기 위해 설정된 계좌를 말합니다. 자산의 소유자가 운용을 신탁회사에 맡기고 그 결과에 따른 수익을 받는 구조입니다. 국내에서는 주로 은행이 신탁 업무를 겸업하여 처리하며, 운용 실적에 따라 수익률이 달라질 수 있다는 특징이 있습니다.",미래에셋증권 증권용어사전,https://securities.miraeasset.com/hki/hki3028/r01.do
신탁보수,[],ETF/펀드,"신탁보수는 펀드의 운용과 관리에 대한 대가로 투자자가 지불하는 비용입니다. 운용보수, 판매보수, 수탁보수, 일반사무관리회사의 사무관리보수 등이 포함됩니다. 펀드나 ETF의 상세 정보 화면에서 상품의 비용 구조를 확인할 때 주로 쓰이는 용어입니다.",iM증권 금융용어사전,https://www.imfnsec.com/research/financial_guide/fg000000.jsp
신탁약관,[],ETF/펀드,"신탁약관은 자산운용사가 다수의 투자자와 신탁 계약을 체결하기 위해 미리 작성해 둔 표준 계약 조항입니다. 펀드나 ETF 같은 투자 신탁의 운영 방식과 당사자 간의 권리 및 의무를 정형화한 것입니다. 투자자는 약관의 개별 내용을 수정할 수 없으며, 제시된 조건에 따라 계약 체결 여부를 결정하게 됩니다.",미래에셋증권 증권용어사전,https://securities.miraeasset.com/hki/hki3028/r01.do
신탁업자,[],ETF/펀드,"신탁업자는 집합투자업자의 운용지시에 따라 자산의 취득과 처분을 실행하고, 투자신탁재산을 보관 및 관리하는 회사입니다. 펀드나 ETF 등의 상품에서 자산이 안전하게 보관되도록 관리하는 역할을 수행하며, 운용사의 지시에 따라 실제 자산의 매매 업무를 처리합니다.",iM증권 금융용어사전,https://www.imfnsec.com/research/financial_guide/fg000000.jsp
신탁재산,[],ETF/펀드,"신탁재산은 수탁자가 신탁 목적에 따라 수익자를 위해 관리하고 처분할 수 있는 재산권을 뜻합니다. ETF나 펀드 운용을 위해 맡겨진 자산으로, 추가 설정이나 배당, 이자, 매매 결과에 따라 규모가 커지기도 하고, 일부 해지나 매매 등에 의해 줄어들기도 합니다.",미래에셋증권 증권용어사전,https://securities.miraeasset.com/hki/hki3028/r01.do
실권주,[],공시/기업행위,"실권주는 기업이 유상증자를 진행할 때 주주가 신주를 인수할 권리를 포기하거나 대금을 납입하지 않아 남게 된 주식을 뜻합니다. 기업의 실적이 좋지 않거나 주가가 신주 발행가보다 낮을 때, 혹은 주주의 자금 사정으로 인해 발생할 수 있습니다. 유상증자 관련 공시나 뉴스에서 증자 결과와 기업의 자금 조달 상황을 파악할 때 주로 쓰이는 용어입니다.",미래에셋증권 증권용어사전,https://securities.miraeasset.com/hki/hki3028/r01.do
실물 거래,[],거래/주문/결제,"실물 거래는 증권거래소에서 매매 계약이 성립된 후 실제 현금과 증권을 주고받는 거래 방식입니다. 결제 시점에 따라 계약 당일이나 다음 날 결제하는 즉일 수도 거래와, 15일 이내의 특정일이나 주식 발행일에 결제하는 선물 수도 거래로 구분됩니다. 실물 증권의 수송 기간이나 주식 발행 여부 등 거래 상황에 따라 결제 조건이 달라질 수 있습니다.",미래에셋증권 증권용어사전,https://securities.miraeasset.com/hki/hki3028/r01.do
실물자산,[],거시경제,"실물자산은 농산물, 축산물, 수산물, 광산물, 에너지와 같이 형태가 있는 구체적인 물품과 이를 원료로 만든 제품을 뜻합니다. 거시경제 흐름이나 원자재 가격 변동을 다루는 뉴스에서 주로 사용되며, 기업의 생산 원가나 물가 수준을 파악하는 기초 자료가 됩니다.",iM증권 금융용어사전,https://www.imfnsec.com/research/financial_guide/fg000000.jsp
실세금리,[],채권/금리/환율,실세금리는 금융시장의 실제 자금 수급 상황을 가장 잘 반영하는 금리를 뜻합니다. 주로 경제 뉴스나 시장 분석 리포트에서 현재의 금리 수준을 파악하는 지표로 활용됩니다. 대표적인 실세금리로는 3년 만기 국고채 수익률이나 3개월 만기 양도성예금증서(CD) 유통수익률 등이 꼽힙니다.,iM증권 금융용어사전,https://www.imfnsec.com/research/financial_guide/fg000000.jsp
실시간지표가치,[],ETF/펀드,실시간지표가치는 장중에 실시간으로 산출되는 ETF나 ETN의 지표가치입니다. 현재 시장에서 거래되는 가격이 기초자산의 가치와 얼마나 차이가 나는지 확인하는 기준으로 활용됩니다. 시장 가격과 지표가치 사이에 차이가 발생할 수 있으므로 ETF나 ETN 상세 화면에서 주요 지표로 확인해야 합니다.,KB증권 금융용어사전,https://www.kbsec.com/go.able?linkcd=m04110000
실질주주,[],거래/주문/결제,"실질주주는 주권을 직접 보유하지 않고 증권사나 한국예탁결제원 같은 수탁기관에 주식을 맡겨둔 실제 투자자를 말합니다. 주식 실물을 직접 주고받는 대신 전산상으로 거래하는 현대 주식 시장의 일반적인 투자자 형태를 의미하며, 주주로서의 권리를 실질적으로 행사할 수 있는 주체를 가리킬 때 사용합니다.",미래에셋증권 증권용어사전,https://securities.miraeasset.com/hki/hki3028/r01.do
실현손익,[],거래/주문/결제,실현손익은 주식을 매도하여 실제로 발생한 이익이나 손실을 뜻합니다. 주식을 사고판 결과에 거래 수수료와 세금을 반영한 최종 금액입니다. 주식 거래 화면이나 계좌 내역에서 실제 투자 성과를 확인할 때 주로 사용됩니다.,KB증권 금융용어사전,https://www.kbsec.com/go.able?linkcd=m04110000
실효금리,[],채권/금리/환율,실효금리는 명목상의 금리가 아니라 실제로 지급되거나 적용되는 금리를 뜻합니다. 주로 뉴스나 리포트에서 실제 이자 수익이나 비용 부담을 설명할 때 쓰입니다. 표면적인 수치와 실제 적용되는 금리가 다를 수 있다는 점을 유의해야 합니다.,미래에셋증권 증권용어사전,https://securities.miraeasset.com/hki/hki3028/r01.do
심리도,[],가격/차트,심리도는 주식시장이 현재 과열된 상태인지 아니면 침체된 상태인지를 파악하는 지표입니다. 시장의 갑작스러운 호재나 악재를 신속하게 반영하여 시장의 변화를 객관적으로 판단할 때 활용합니다. 주로 차트 분석에서 단기적인 시장의 흐름을 파악하는 용도로 쓰입니다.,KB증권 금융용어사전,https://www.kbsec.com/go.able?linkcd=m04110000
아메리칸 증권거래소(AMEX; American stock exchange),[],시장/상장,아메리칸 증권거래소(AMEX)는 뉴욕에 위치한 미국의 증권거래소입니다. 뉴욕증권거래소(NYSE)에 이어 미국 내에서 두 번째 규모를 가진 거래소로 알려져 있습니다. 주로 해외 시장 동향을 다루는 뉴스나 리포트에서 미국 주식 시장의 주요 거래소 중 하나로 언급됩니다.,미래에셋증권 증권용어사전,https://securities.miraeasset.com/hki/hki3028/r01.do
안전자산(riskless asset),[],채권/금리/환율,"안전자산은 원금 손실이나 채무 불이행의 위험이 없는 금융자산을 뜻하며, 무위험자산이라고도 부릅니다. 주로 시장의 변동성이 커지거나 경제 상황이 불안정할 때 뉴스나 리포트에서 시장의 흐름을 설명하는 맥락으로 자주 쓰입니다. 안전자산이라는 표현이 모든 상황에서 절대적인 가치 보존을 의미하는 것은 아니므로 시장 환경에 따른 해석이 필요합니다.",미래에셋증권 증권용어사전,https://securities.miraeasset.com/hki/hki3028/r01.do
안전채권,[],채권/금리/환율,"안전채권은 금융기관이 보유한 자산 중 원금을 돌려받지 못할 위험이 없는 자산을 뜻합니다. 국제결제은행(BIS) 기준에 따라 위험가중치가 0으로 설정된 자산이 이에 해당하며, 정부가 지급을 보증한 대출금 등이 대표적입니다. 금융기관의 자산 건전성을 다루는 뉴스나 리포트에서 주로 쓰이는 용어입니다.",미래에셋증권 증권용어사전,https://securities.miraeasset.com/hki/hki3028/r01.do
안정조작,[],거래/주문/결제,안정조작은 증권의 발행인과 계약을 맺은 금융투자회사가 주식의 가격을 안정시키기 위해 시장에서 직접 매매하는 것을 말합니다. 주로 새로운 주식을 발행하거나 팔 때 가격이 급격히 변동하는 것을 막아 원활한 거래를 돕기 위해 실시합니다. 증권신고서나 인수계약서에 안정조작을 할 수 있다고 미리 명시된 경우에만 일정 기간 동안 진행됩니다.,iM증권 금융용어사전,https://www.imfnsec.com/research/financial_guide/fg000000.jsp
액면,[],공시/기업행위,"액면은 주식이나 사채의 증서에 직접 기재된 금액을 말합니다. 현재 국내에서는 신규 발행 주식의 경우 최고 5,000원, 사채는 1만 원 이상으로 발행하도록 되어 있습니다. 공시나 기업 정보를 확인할 때 해당 증권의 기준이 되는 금액으로 쓰입니다.",미래에셋증권 증권용어사전,https://securities.miraeasset.com/hki/hki3028/r01.do
액면 발행,[],공시/기업행위,"액면 발행은 주식이나 채권을 발행할 때 액면가액과 동일한 가격으로 발행하는 방식입니다. 기업이 자금을 조달하기 위해 주식이나 채권을 새로 발행할 때, 발행 가격을 결정하는 기준 중 하나로 공시 등에서 확인됩니다. 액면가보다 높은 가격으로 발행하는 할증 발행이나 낮은 가격으로 발행하는 할인 발행과 구분되는 개념입니다.",미래에셋증권 증권용어사전,https://securities.miraeasset.com/hki/hki3028/r01.do
액면 변경,[],공시/기업행위,액면 변경은 주식의 액면 금액을 바꾸는 것을 말합니다. 주식의 수를 늘리는 주식 분할이나 주식의 수를 합치는 주식 병합 등의 형태로 나타납니다. 공시나 주가 화면에서 기업의 주식 가치와 수량이 조정되는 주요한 기업 행위로 다뤄집니다.,미래에셋증권 증권용어사전,https://securities.miraeasset.com/hki/hki3028/r01.do
액면 전환,[],파생/구조화상품,"액면 전환은 전환사채(CB)를 주식으로 전환할 때 주식의 액면가를 기준으로 교환하는 방식입니다. 예를 들어 액면가 1만 원인 전환사채를 액면가 5,000원인 주식 2주로 교환하는 형태를 말합니다. 전환사채의 권리 행사 방식 중 하나로 공시나 채권 관련 정보에서 확인할 수 있습니다.",미래에셋증권 증권용어사전,https://securities.miraeasset.com/hki/hki3028/r01.do
액면가,[],공시/기업행위,"액면가는 주식 유가증권에 적힌 표면상의 가격을 의미합니다. 실제 시장에서 거래되는 가격이 아닌 기업이 발행 시 정한 가격으로 100원, 500원, 1,000원, 5,000원 등으로 표시되거나 액면 표시가 없을 수도 있습니다. 주로 상장주식수를 계산하거나 액면분할, 액면병합 비율을 확인할 때 제한적으로 활용되며 실제 주가와는 차이가 있다는 점에 유의해야 합니다.",KB증권 금융용어사전,https://www.kbsec.com/go.able?linkcd=m04110000
액면분할,[],공시/기업행위,"액면분할은 주식의 액면가격을 일정 비율로 나누어 발행 주식의 총 수를 늘리는 것을 뜻합니다. 기업의 자본금은 변하지 않으면서 주식 수만 늘어나는 행위로, 주로 주당 가격이 너무 높아 거래가 부진할 때 거래를 활성화하기 위해 추진합니다. 주당 가격이 낮아져 투자자가 상대적으로 쉽게 접근할 수 있게 되는 효과가 있으며, 반대 개념으로는 액면병합이 있습니다.",KB증권 금융용어사전,https://www.kbsec.com/go.able?linkcd=m04110000
액면주,[],주식 기초,"액면주는 회사의 정관과 주식의 권면에 액면 금액이 기재되어 있는 주식입니다. 액면 금액이 기재되지 않은 무액면주와 대비되는 개념이며, 현재 우리나라에서 발행되고 있는 주식은 모두 액면주에 해당합니다.",미래에셋증권 증권용어사전,https://securities.miraeasset.com/hki/hki3028/r01.do
약세 시장,[],가격/차트,"약세 시장은 장기적으로 주가가 하락하는 추세에 있는 시장을 뜻합니다. 주식의 시장 가격이 고유 가치보다 높게 형성되어 있을 때 나타나며, 주가가 상당 기간 하락할 것으로 예측되는 시장 상황을 의미합니다. 뉴스나 리포트에서 시장의 전반적인 흐름을 설명할 때 주로 사용됩니다.",미래에셋증권 증권용어사전,https://securities.miraeasset.com/hki/hki3028/r01.do
약정,[],거래/주문/결제,"약정은 증권시장에서 주식의 매매가 성립된 것을 의미합니다. 주문한 주식이 실제로 체결되었을 때 사용하며, 이때 결정된 가격을 약정 가격, 가격에 수량을 곱한 총액을 약정 대금이라고 부릅니다. 거래 내역이나 주문 화면에서 체결 여부와 거래 규모를 확인할 때 쓰이는 용어입니다.",미래에셋증권 증권용어사전,https://securities.miraeasset.com/hki/hki3028/r01.do
약정식 RP,[],채권/금리/환율,약정식 RP는 투자 기간과 금액 등을 미리 약정하고 가입하는 상품입니다. 가입 시 정한 기간이 종료되면 자동으로 재투자되지 않는다는 특징이 있습니다. 주로 채권이나 금리 관련 서비스에서 정해진 기간 동안 자금을 운용하는 상품을 설명할 때 쓰입니다.,KB증권 금융용어사전,https://www.kbsec.com/go.able?linkcd=m04110000
약정식 발행어음,[],채권/금리/환율,"약정식 발행어음은 투자 기간, 금액, 조건 등을 미리 정해놓고 가입하는 방식의 발행어음입니다. 주로 증권사 상품 화면에서 볼 수 있으며, 가입 시점에 약속한 조건에 따라 운영되는 것이 특징입니다. 미리 정해진 기간과 조건을 바탕으로 하므로 가입 시 해당 내용을 확인하는 것이 필요합니다.",KB증권 금융용어사전,https://www.kbsec.com/go.able?linkcd=m04110000
양도성예금증서(CD),[],채권/금리/환율,"양도성예금증서(CD)는 은행이 정기예금에 대해 발행하는 무기명 예금증서입니다. 예금자 이름이 적혀 있지 않아 다른 사람에게 자유롭게 팔 수 있으며, 만기 전이라도 유통시장에서 거래가 가능한 대표적인 단기금융상품입니다. 소지자에게 원금과 미리 정해진 이자를 지급하는 확정이자 증권의 성격을 가집니다.",iM증권 금융용어사전,https://www.imfnsec.com/research/financial_guide/fg000000.jsp
양도차손,[],거래/주문/결제,양도차손은 주식 등 자산을 매입한 금액보다 낮은 가격에 매도하여 발생한 손실을 뜻합니다. 주로 거래 내역이나 세금 정산 관련 안내에서 확인하게 되는 용어입니다. 발생한 손실 규모에 따라 전체 투자 손익 계산에 영향을 미칠 수 있습니다.,iM증권 금융용어사전,https://www.imfnsec.com/research/financial_guide/fg000000.jsp
어음담보대출,[],채권/금리/환율,"어음담보대출은 금융기관이 보유한 어음을 담보로 자금을 빌려주는 방식입니다. 재할인과 함께 금융기관에 대출을 제공하는 주요 형태 중 하나로, 주로 경제 뉴스나 리포트에서 시장의 유동성 공급 방식을 설명할 때 쓰입니다. 담보로 사용되는 어음의 종류에는 무역어음, 군수산업 어음, 농수축산 어음, 증권 등이 있습니다.",미래에셋증권 증권용어사전,https://securities.miraeasset.com/hki/hki3028/r01.do
어음부도율,[],거시경제,어음부도율은 어음 교환 총액 중 부도 처리된 어음의 비중을 나타내는 지표입니다. 시중의 자금 사정이 얼마나 원활한지 보여주는 대표적인 거시경제 지표로 활용됩니다. 주로 경제 뉴스나 리포트에서 기업들의 자금난 정도나 전반적인 경기 흐름을 설명할 때 쓰입니다.,미래에셋증권 증권용어사전,https://securities.miraeasset.com/hki/hki3028/r01.do
어음할인(discount),[],재무/회계,"어음할인은 어음의 액면금액에서 만기까지의 이자를 뺀 금액으로 어음을 매입하여 자금을 융통해 주는 방식입니다. 기업이 만기 전의 어음을 현금화하여 자금을 조달할 때 주로 발생하며, 재무제표나 공시 등에서 기업의 자금 운용 상황을 나타내는 맥락으로 쓰입니다.",미래에셋증권 증권용어사전,https://securities.miraeasset.com/hki/hki3028/r01.do
업적시세,[],가격/차트,"업적시세는 기업의 실적이나 성과를 바탕으로 주가가 형성되는 것을 뜻합니다. 주당순이익(EPS)이 늘어남에 따라 주가도 함께 오르는 국면을 설명할 때 주로 쓰이며, 이때 PER는 일정한 수준을 유지하는 경우가 많습니다. 금융시세와 명확히 구분하기는 어렵지만, 기업의 실제 업적이 주가 상승의 주요 원인으로 작용하는 상황을 나타냅니다.",미래에셋증권 증권용어사전,https://securities.miraeasset.com/hki/hki3028/r01.do
엔젤투자,[],수급/투자자,"엔젤투자는 기술력이나 아이디어는 있으나 자금이 부족한 초기 벤처기업에 자금을 지원하고 주식을 받는 투자 방식입니다. 투자자는 자금을 제공하고 기업가는 사업을 운영하며, 향후 사업이 성공하면 그 이익을 함께 나누게 됩니다. 주로 초기 기업의 자금 조달이나 성장 과정을 다루는 뉴스 및 리포트에서 사용되는 용어입니다.",미래에셋증권 증권용어사전,https://securities.miraeasset.com/hki/hki3028/r01.do
엔화표시외채 (yen-denominated foreign bond),[],채권/금리/환율,"엔화표시외채는 외국 법인이 일본 국내에서 자금을 조달하기 위해 발행하는 엔화 단위의 채권입니다. 해외 기업이나 기관이 일본 금융시장에서 자금을 마련할 때 활용하며, 발행된 종목의 상당수는 도쿄증권거래소에 상장되어 거래됩니다.",미래에셋증권 증권용어사전,https://securities.miraeasset.com/hki/hki3028/r01.do
엘리어트 파동 이론,[],가격/차트,"엘리어트 파동 이론은 주가가 상승 5파와 하락 3파를 그리며 끊임없이 순환한다는 이론입니다. 주가 차트에서 단기부터 장기까지의 흐름을 추적하고 예측하는 기법으로 활용됩니다. 큰 파동이 더 작은 단위의 상승 5파와 하락 3파로 구성되는 반복적인 구조를 가지며, 피보나치 수열의 원리와도 연관이 깊습니다.",미래에셋증권 증권용어사전,https://securities.miraeasset.com/hki/hki3028/r01.do
여신관리제도,[],거시경제,"여신관리제도는 특정 계열기업군이 은행으로부터 빌릴 수 있는 대출 규모를 일정 범위 내로 제한하고 관리하는 제도입니다. 금융기관의 자금이 특정 기업집단에 과도하게 쏠리는 것을 방지하고, 무분별한 기업 확장이나 부동산 취득을 막기 위해 도입되었습니다. 경제력 집중을 완화한다는 긍정적인 평가와 함께, 기업의 대외 경쟁력을 약화시킬 수 있다는 우려가 공존하는 제도입니다.",미래에셋증권 증권용어사전,https://securities.miraeasset.com/hki/hki3028/r01.do
역금융장세,[],거시경제,"역금융장세는 시중의 자금 부족으로 인해 대부분의 종목 주가가 큰 폭으로 하락하고 투자자들이 시장을 이탈하는 장세를 뜻합니다. 거시경제 환경 변화에 따른 증시 흐름을 설명할 때 주로 쓰입니다. 전반적인 하락세 속에서도 시장 민감도가 높은 중소형주를 중심으로 개별 종목 장세가 나타나기도 하며, 일부 종목에 자금이 집중되면서 간헐적인 상승세가 나타나는 특징이 있습니다.",미래에셋증권 증권용어사전,https://securities.miraeasset.com/hki/hki3028/r01.do
역배열,[],가격/차트,"역배열은 주식 차트에서 이동평균선이 위에서부터 장기, 중기, 단기 순으로 나열된 상태를 말합니다. 주가가 하락하며 평균 가격이 점차 낮아지는 하락 추세에서 주로 나타나는 현상입니다. 주가가 반등하려 할 때마다 위에 위치한 이동평균선들이 저항선 역할을 하며 하락 흐름이 이어지는 경향이 있습니다.",KB증권 금융용어사전,https://www.kbsec.com/go.able?linkcd=m04110000
역분식결산,[],재무/회계,"역분식결산은 기업이 실제 벌어들인 이익보다 장부상 이익을 더 적게 표시하는 회계 처리를 뜻합니다. 일반적인 분식결산과 반대로 이익을 과소 표시하며, 주로 가격변동준비금, 대손충당금, 연구개발예비금 등의 항목을 활용해 이익을 숨기는 방식을 취합니다. 재무제표에 나타난 수치와 실제 수익성이 다를 수 있으므로 기업의 재무 상태를 파악할 때 유의해야 합니다.",미래에셋증권 증권용어사전,https://securities.miraeasset.com/hki/hki3028/r01.do
역시계곡선,[],가격/차트,"역시계곡선은 주가와 거래량의 상관관계를 분석하기 위해 두 지표의 움직임을 하나의 선으로 연결해 나타낸 차트입니다. 세로축에는 주가, 가로축에는 거래량을 두고 매일의 교차점을 이어 그리며, 주로 10일이나 25일 이동평균치를 활용합니다. 선이 시계 반대 방향으로 회전하며 움직이는 특징이 있어 역시계곡선이라 불립니다. 선의 진행 방향에 따라 시장 상황을 8가지 패턴으로 분류하며, 우상향은 강세, 좌하향은 약세 신호로 참고할 수 있습니다.",미래에셋증권 증권용어사전,https://securities.miraeasset.com/hki/hki3028/r01.do
역실적장세,[],거시경제,"역실적장세는 본격적인 불황기에 진입하면서 기업들의 실적이 눈에 띄게 나빠지는 시장 단계를 뜻합니다. 경기 민감주들이 큰 폭의 적자를 기록하거나 재무구조가 취약한 기업들이 어려움을 겪으며 주가가 하락하는 특징이 있습니다. 주로 뉴스나 리포트에서 경기 순환 주기를 설명할 때 사용되며, 시장 전반에 걸쳐 투자자들의 투매 현상이 나타나기도 합니다.",미래에셋증권 증권용어사전,https://securities.miraeasset.com/hki/hki3028/r01.do
역외금융(off-shore financing),[],채권/금리/환율,"역외금융은 해외 자금시장에서 자금을 조달하여 해외 거래처에 대출해 주는 금융방식을 뜻합니다. 주로 다수의 금융기관이 참여하는 국제 신디케이트 형태로 이루어지며, 해외 시장 간의 자금 흐름을 다루는 뉴스나 리포트 등에서 주로 사용되는 용어입니다.",미래에셋증권 증권용어사전,https://securities.miraeasset.com/hki/hki3028/r01.do
역외시장(off-shore market),[],채권/금리/환율,"역외시장은 비거주자가 자금을 조달하거나 운용할 때 국내 시장과 분리하여 금융, 세제, 외환 관리 등의 규제를 덜 받으며 자유롭게 거래할 수 있도록 허용된 시장입니다. 주로 환율이나 채권 관련 뉴스에서 국제적인 자금 흐름을 설명할 때 쓰입니다. 거래 방식에 따라 국내 금융 거래와 계정을 분리하는 방식과 일체화된 방식으로 나뉘며, 런던, 홍콩, 싱가포르 등이 대표적인 시장으로 꼽힙니다.",미래에셋증권 증권용어사전,https://securities.miraeasset.com/hki/hki3028/r01.do
역외예금(off-shore deposit),[],채권/금리/환율,"역외예금은 본국의 세금이나 금융 규제를 피하기 위해 타국에 본거지를 두고 국제적으로 판매되는 예금입니다. 자본의 다국적화 과정에서 등장했으며, 최근에는 세율이 높은 국가의 거주자가 조세피난지 등에서 투자 목적으로 운용하는 자금을 뜻하기도 합니다. 뉴스나 리포트에서 글로벌 자금 이동이나 조세 환경을 다룰 때 사용되는 용어입니다.",미래에셋증권 증권용어사전,https://securities.miraeasset.com/hki/hki3028/r01.do
역외펀드(off-shore fund),[],ETF/펀드,"역외펀드는 세금이 거의 없거나 규제가 엄격하지 않은 지역에 본점을 두고, 실제 투자는 그 외의 국가를 대상으로 하는 펀드입니다. 주로 조세 회피처나 외환 관리가 자유로운 국가에 설립하여 세금 혜택을 얻거나 운용의 자율성을 확보하려는 목적으로 활용됩니다. 투자 대상 국가와 펀드 설립 국가가 다르다는 점이 특징이며, 국제적인 주식 투자 규모가 커짐에 따라 그 비중이 늘어나는 추세입니다.",미래에셋증권 증권용어사전,https://securities.miraeasset.com/hki/hki3028/r01.do
역조시장,[],파생/구조화상품,"역조시장은 상품선물 시장에서 현물가격이 선물가격보다 높게 형성되어 있는 상태를 뜻합니다. 보통은 선물가격이 현물가격보다 높지만, 생산 공정의 화재나 파업 등으로 인해 일시적인 공급 부족이 예상될 때 이러한 현상이 나타날 수 있습니다.",미래에셋증권 증권용어사전,https://securities.miraeasset.com/hki/hki3028/r01.do
역환(adverse exchange),[],채권/금리/환율,"역환은 먼 지역 간의 채권채무 관계를 결제할 때, 채무자가 직접 송금하지 않고 채권자가 채무자 앞으로 환어음을 발행하여 자금을 회수하는 방식입니다. 채권자가 발행한 어음을 은행에 할인된 가격으로 매도하여 결제하는 환방식을 뜻하며, 주로 무역이나 원거리 거래의 결제 맥락에서 사용됩니다.",미래에셋증권 증권용어사전,https://securities.miraeasset.com/hki/hki3028/r01.do
연결재무제표(consolidated financial sheets),[],재무/회계,"연결재무제표는 법적으로는 독립된 여러 회사가 경제적으로 하나의 기업처럼 운영될 때, 이들을 하나의 단위로 묶어 작성한 재무제표입니다. 지배기업과 종속기업을 하나의 실체로 보고 연결대차대조표와 연결손익계산서 등을 작성합니다. 기업의 전체적인 재무 상태와 경영 성과를 종합적으로 파악할 때 활용됩니다.",미래에셋증권 증권용어사전,https://securities.miraeasset.com/hki/hki3028/r01.do
연금기금(pension fund),[],수급/투자자,"연금기금은 가입자의 퇴직, 사망, 질병 등의 상황이 발생했을 때 급여를 지급하기 위해 고용주나 노동조합, 개인 등이 마련한 자금 또는 제도를 뜻합니다. 주식 시장의 수급이나 투자자 정보에서는 이러한 자금을 운용하는 기관 투자자를 의미하는 용어로 주로 사용됩니다.",미래에셋증권 증권용어사전,https://securities.miraeasset.com/hki/hki3028/r01.do
연기금,[],수급/투자자,"연기금은 국민연금, 공무원연금, 군인연금, 사학연금 등 각종 연금과 사회기금을 통합해 부르는 명칭입니다. 주식 시장에서는 뉴스나 투자자별 매매 동향 화면에서 주요한 수급 주체 중 하나로 언급됩니다. 여러 기금이 합쳐진 만큼 자금 규모가 크다는 특징이 있습니다.",KB증권 금융용어사전,https://www.kbsec.com/go.able?linkcd=m04110000
연말장세,[],가격/차트,"연말장세는 보통 10월경부터 연말까지 주가가 강세장을 형성하는 경우를 뜻합니다. 주로 뉴스나 리포트에서 연말의 시장 흐름을 분석할 때 사용되는 용어입니다. 다만, 매년 반드시 강세장이 나타나는 것은 아니며 시장 상황에 따라 다르게 나타날 수 있습니다.",미래에셋증권 증권용어사전,https://securities.miraeasset.com/hki/hki3028/r01.do
연방준비이사회(FRB),[],거시경제,"연방준비이사회(FRB)는 미국의 통화정책을 총괄하며 금리를 결정하는 기관입니다. 의장을 포함한 이사회 위원들로 구성되며, 연 8회 연방공개시장위원회(FOMC)를 개최하여 주요 금융정책을 결정합니다. 미국의 달러가 세계 경제의 기준이 되는 만큼, FRB의 결정은 국내외 주식 시장과 경제 전반에 강력한 영향력을 미칩니다.",KB증권 금융용어사전,https://www.kbsec.com/go.able?linkcd=m04110000
연방준비제도(federal reserve system),[],거시경제,"연방준비제도는 미국의 중앙은행제도입니다. 워싱턴의 이사회와 12개 지역 연방준비은행으로 구성된 지방 분산적인 구조가 특징입니다. 통화정책 수립, 금리 및 지급준비율 결정, 금융기관 감독 등의 역할을 수행하며 미국의 경제 정책을 총괄합니다. 글로벌 경제의 중심인 만큼 국내 주식 시장의 뉴스나 리포트에서 거시경제 흐름을 파악할 때 중요하게 다뤄집니다.",미래에셋증권 증권용어사전,https://securities.miraeasset.com/hki/hki3028/r01.do
연속복리(continuous compounding),[],투자지표/밸류에이션,연속복리는 이자가 붙는 시간 간격을 아주 짧게 설정하여 끊임없이 복리가 계산되는 방식입니다. 실제 금융 시장이나 분석 리포트에서는 하루 단위로 복리를 계산하는 방식으로 대신하여 적용하기도 합니다. 주로 복잡한 금융 상품의 가치를 평가하거나 수익률을 정밀하게 분석할 때 활용되는 개념입니다.,미래에셋증권 증권용어사전,https://securities.miraeasset.com/hki/hki3028/r01.do
영국 FT-SE 100주가지수(FT-SE 100 stock price index),[],가격/차트,"FT-SE 100지수는 런던국제증권거래소(ISE)에 상장된 100개의 우량주식으로 구성된 영국의 대표적인 주가지수입니다. Financial Times와 ISE가 공동으로 산출하며, 산업별로 안배된 거래가 활발한 종목들을 시가총액 방식으로 계산해 지수화합니다. 영국 증시의 전반적인 흐름을 보여주는 지표로 쓰이며, 주가지수 선물 거래의 기초 자산으로도 활용됩니다.",미래에셋증권 증권용어사전,https://securities.miraeasset.com/hki/hki3028/r01.do
영업 레버리지(operating leverage),[],재무/회계,"영업 레버리지는 기업의 영업비용 중 고정비가 차지하는 비중을 의미합니다. 매출액의 변화가 영업이익에 미치는 영향을 보여주며, 고정비의 크기에 따라 그 효과가 달라집니다. 주로 재무제표 분석이나 기업 리포트에서 매출 변동에 따른 수익성 변화를 설명할 때 사용됩니다.",미래에셋증권 증권용어사전,https://securities.miraeasset.com/hki/hki3028/r01.do
영업 보고서,[],공시/기업행위,"영업 보고서는 상장사가 결산기마다 해당 기간의 영업 실적을 기록하여 주주와 이해관계자에게 배포하는 보고서입니다. 보고서에는 재산목록, 대차대조표, 손익계산서, 손익 처분 안 등이 포함됩니다. 기업의 경영 성과와 재무 상태를 파악할 수 있는 공시 자료로 활용됩니다.",미래에셋증권 증권용어사전,https://securities.miraeasset.com/hki/hki3028/r01.do
영업권,[],재무/회계,"영업권은 기업이 다른 기업을 인수하거나 합병할 때, 매입 가격이 취득한 순자산의 공정가치를 초과한 금액을 뜻합니다. 해당 기업이 동종 업계 평균보다 높은 수익을 낼 수 있는 무형의 가치를 자본화한 무형자산으로 분류됩니다. 재무제표에서 기업의 브랜드 가치나 경영 노하우 같은 보이지 않는 경쟁력을 나타내지만, 시장 상황에 따라 그 가치가 달라질 수 있습니다.",미래에셋증권 증권용어사전,https://securities.miraeasset.com/hki/hki3028/r01.do
영업이익,[],재무/회계,"영업이익은 기업의 영업활동으로 얻은 매출총이익에서 판매비와 관리비를 뺀 금액입니다. 기업이 본업을 통해 얼마나 수익을 내고 있는지 보여주는 지표로, 재무제표나 실적 공시에서 중요하게 다뤄집니다. 영업이익이 크다는 것은 기업의 기술력이나 영업 환경이 우수하거나 시장 상황이 좋다는 의미로 해석될 수 있으나, 기업의 전체적인 성과를 판단할 때는 다른 지표와 함께 검토해야 합니다.",KB증권 금융용어사전,https://www.kbsec.com/go.able?linkcd=m04110000
영업이익률,[],투자지표/밸류에이션,"영업이익률은 기업의 영업이익을 매출액으로 나눈 지표로, 영업활동의 효율성을 나타냅니다. 매출액 중 실제로 남긴 이익이 어느 정도인지 보여주며, 재무제표나 기업 분석 리포트에서 수익성을 평가할 때 주로 활용됩니다. 일반적으로 수치가 높을수록 긍정적이지만, 동종 업종의 평균이나 경쟁사와 비교해 판단하는 것이 중요합니다. 시장 상황이 좋은데도 업계 평균보다 낮다면 수익성 개선이 필요한 상태로 해석될 수 있습니다.",KB증권 금융용어사전,https://www.kbsec.com/go.able?linkcd=m04110000
영업일,[],거래/주문/결제,"영업일은 공휴일이 아닌 날로, 대한민국의 시중 은행들이 정상적으로 영업하는 날을 뜻합니다. 주식 시장에서 주문 체결 후 결제가 진행되거나 입출금 업무가 처리되는 기준이 되는 날입니다. 외환거래를 포함하여 은행 업무가 정상적으로 이루어지는 날을 의미합니다.",iM증권 금융용어사전,https://www.imfnsec.com/research/financial_guide/fg000000.jsp
"영업일, 거래일",[],거래/주문/결제,"영업일(거래일)은 국내 상업은행과 외환시장이 지급결제와 일반 거래를 위해 정상적으로 운영되는 날을 뜻합니다. 주식 시장에서 주문을 내거나 대금이 결제되는 기준이 되는 날로, 일부 은행이나 영업점만 문을 여는 경우는 포함되지 않습니다.",KB증권 금융용어사전,https://www.kbsec.com/go.able?linkcd=m04110000
예납조치(deposit in advance),[],거래/주문/결제,"예납조치는 특정 종목의 주가가 지나치게 오르는 것을 막기 위해, 매매 주문을 내기 전 매수 자금이나 매도할 주식을 미리 납부하게 하는 시장 조치입니다. 시장 과열을 억제하기 위한 장치로 활용되며, 이 조치가 적용된 종목은 주문 시점에 자산이 미리 준비되어 있어야 하므로 거래 환경이 평소와 다를 수 있습니다.",미래에셋증권 증권용어사전,https://securities.miraeasset.com/hki/hki3028/r01.do
예대금리차(interest margin),[],채권/금리/환율,"예대금리차는 은행 등 금융기관이 대출로 받은 이자와 예금으로 지급한 이자의 차이를 뜻합니다. 금융기관의 수익성을 나타내는 지표로, 대출금리에서 예금 비용을 뺀 값으로 계산합니다. 뉴스나 리포트에서 은행의 이익 구조를 분석할 때 주로 사용하며, 여기에 유가증권 이율이나 외부 부채 비용까지 포함하면 총자금리차라고 부릅니다.",미래에셋증권 증권용어사전,https://securities.miraeasset.com/hki/hki3028/r01.do
예대마진,[],채권/금리/환율,"예대마진은 대출금리와 예금금리의 차이로, 금융기관의 수익성을 나타내는 지표입니다. 평균 대출금리에서 평균 예금금리를 빼서 구하며, 이 차이가 커질수록 금융기관의 이익이 늘어나는 경향이 있습니다. 대출금에는 원화 대출뿐 아니라 카드나 당좌대출 등이 포함되며, 예금은 원화예수금과 양도성 예금증서(CD) 등을 합산하여 계산합니다. 주로 은행업종의 실적이나 금리 관련 뉴스에서 기업의 수익 구조를 설명할 때 쓰입니다.",미래에셋증권 증권용어사전,https://securities.miraeasset.com/hki/hki3028/r01.do
예대율(loans-to-deposit),[],채권/금리/환율,"예대율은 은행의 예금 잔고에 대한 대출금 잔고의 비율을 의미합니다. 은행이 자금을 얼마나 대출로 운용하고 있는지, 즉 과잉 대출(오버론) 상태인지를 파악하는 지표로 쓰입니다. 예금자에게 돈을 돌려줄 준비를 충분히 한다는 관점에서는 예대율이 낮을수록 좋지만, 은행의 수익성도 함께 고려하여 적정한 비율을 유지해야 합니다.",미래에셋증권 증권용어사전,https://securities.miraeasset.com/hki/hki3028/r01.do
예상 배당 수익률,[],배당/주주환원,"예상 배당 수익률은 주식 매입 가격 대비 앞으로 받을 것으로 예상되는 배당금의 비율을 의미합니다. 기업이 차기 이후에 지급할 것으로 보이는 1주당 배당금을 기준으로 계산하며, 이 지표가 높을수록 투자 금액 대비 기대할 수 있는 배당 수익이 크다는 것을 뜻합니다.",미래에셋증권 증권용어사전,https://securities.miraeasset.com/hki/hki3028/r01.do
예수금,[],거래/주문/결제,"예수금은 주식을 사고팔기 위해 증권 계좌에 미리 넣어둔 현금을 의미합니다. 주식 거래는 주문 즉시 결제가 완료되지 않고 영업일 기준 2일 뒤에 실제 돈과 주식이 오가는 방식으로 이루어지기 때문에, 결제를 위해 계좌에 보관 중인 돈을 뜻합니다. 미수 거래 등을 이용할 때 예수금이 부족하면 미수금이 발생할 수 있으므로 계좌 잔고 화면에서 중요하게 확인해야 하는 항목입니다.",KB증권 금융용어사전,https://www.kbsec.com/go.able?linkcd=m04110000
예약주문,[],거래/주문/결제,"예약주문은 미리 설정한 조건에 맞춰 자동으로 주문이 실행되도록 하는 방법입니다. 투자자가 원하는 가격이나 시점 등의 조건을 미리 정해두면, 이후 시장 상황이 그 조건에 도달했을 때 주문이 처리되는 방식입니다. 실시간으로 주가 흐름을 확인하며 직접 주문하기 어려운 상황에서 주로 활용됩니다.",KB증권 금융용어사전,https://www.kbsec.com/go.able?linkcd=m04110000
예탁금이용료,[],거래/주문/결제,예탁금이용료는 금융투자회사가 고객이 투자를 위해 맡겨둔 예탁금을 사용하는 대가로 지급하는 이용료입니다. 보통 금융투자회사가 고객의 돈을 한국증권금융에 예치하여 얻은 수익에서 회사의 비용 등을 뺀 금액을 고객에게 지급합니다. 주식 계좌에 남아 있는 현금에 대해 발생하는 이자 성격의 수익을 설명할 때 사용됩니다.,iM증권 금융용어사전,https://www.imfnsec.com/research/financial_guide/fg000000.jsp
옐로칩 (Yellow chip),[],시장/상장,"옐로칩은 실적이 양호한 중가권 우량주를 뜻합니다. 대형 우량주인 블루칩만큼 주가가 높지는 않지만, 탄탄한 실적을 바탕으로 주가 상승 기회가 있는 종목군을 분류할 때 쓰입니다. 주로 대기업 집단의 중가권 주식, 경기에 민감한 업종 대표주, 중견기업의 지주회사 등이 옐로칩으로 분류됩니다.",미래에셋증권 증권용어사전,https://securities.miraeasset.com/hki/hki3028/r01.do
오버나이트 론(overnight loan),[],채권/금리/환율,"오버나이트 론은 정부증권 딜러나 장외거래를 위해 제공되는 하루짜리 최단기 신용 대출을 의미합니다. 대출 은행이 증권에 대한 소유권을 인정받는 방식으로 전액 보증되며, 최대 대출 금액에 제한이 있고 금리는 시장 상황에 따라 다양하게 결정됩니다.",미래에셋증권 증권용어사전,https://securities.miraeasset.com/hki/hki3028/r01.do
오퍼 레이트(offer rate),[],채권/금리/환율,오퍼 레이트는 외화를 매도하거나 예금 등 자금을 빌려주려는 측에서 제시하는 금리나 환율을 뜻합니다. 주로 환율이나 금리 관련 뉴스나 리포트에서 자금을 공급하는 쪽이 원하는 거래 조건을 설명할 때 사용됩니다. 시장의 수급 상황에 따라 제시되는 수치가 달라질 수 있습니다.,미래에셋증권 증권용어사전,https://securities.miraeasset.com/hki/hki3028/r01.do
오픈 포지션(open position),[],파생/구조화상품,"오픈 포지션은 선물 매수나 매도 중 어느 한쪽의 포지션만을 유지하여 가격 변동 위험에 노출된 상태를 의미합니다. 자산 가치의 변동을 활용해 이익을 얻으려는 목적으로, 반대 매매를 통해 위험을 상쇄하지 않고 그대로 두는 것을 말합니다. 시장 가격이 예상과 다르게 움직일 경우 손실이 발생할 수 있는 상태이기도 합니다.",미래에셋증권 증권용어사전,https://securities.miraeasset.com/hki/hki3028/r01.do
옵션 거래,[],파생/구조화상품,"옵션 거래는 정해진 기간 안에 특정 주식을 사거나 팔 수 있는 권리를 거래하는 방식입니다. 살 수 있는 권리를 '콜 옵션', 팔 수 있는 권리를 '풋 옵션'이라고 합니다. 선택권이라는 의미처럼 권리를 행사할지 말지를 결정할 수 있는 것이 특징입니다.",미래에셋증권 증권용어사전,https://securities.miraeasset.com/hki/hki3028/r01.do
옵션 프리미엄(option premium),[],파생/구조화상품,옵션 프리미엄은 옵션 거래에서 매수자가 권리를 얻는 대가로 매도자에게 지급하는 가격을 뜻합니다. 매수자는 이 금액을 지불함으로써 대상 증권을 사거나 팔 수 있는 권리를 갖게 됩니다. 파생상품 시장에서 옵션 자체의 가치를 나타내는 용어로 쓰입니다.,미래에셋증권 증권용어사전,https://securities.miraeasset.com/hki/hki3028/r01.do
옵션가격,[],파생/구조화상품,"옵션가격은 옵션 거래 시 매수자가 매도자에게 지급하는 대가입니다. 옵션의 가치를 나타내는 지표로, 1포인트를 10만 원으로 환산하여 표시합니다.",미래에셋증권 증권용어사전,https://securities.miraeasset.com/hki/hki3028/r01.do
옵션부 사채,[],채권/금리/환율,"옵션부 사채는 사채를 발행할 때 특정 조건이 충족되면 만기일 전이라도 원리금을 상환할 수 있는 권리(옵션)가 붙은 채권입니다. 기업 공시나 재무 관련 리포트에서 주로 사용되는 용어입니다. 일반적인 채권과 달리 조기 상환 조건이 포함되어 있으므로, 상환 시점이나 조건에 따라 상황이 달라질 수 있다는 점을 유의해야 합니다.",미래에셋증권 증권용어사전,https://securities.miraeasset.com/hki/hki3028/r01.do
옵션패러티,[],파생/구조화상품,"옵션패러티는 옵션의 가격(프리미엄)과 내재가치가 동일한 상태를 뜻합니다. 콜옵션은 옵션가격이 대상증권의 가격에서 행사가격을 뺀 값과 같을 때, 풋옵션은 행사가격에서 대상증권의 가격을 뺀 값과 같을 때를 의미합니다. 파생상품 시장에서 옵션의 현재 가격이 내재가치와 비교해 어느 정도 수준으로 형성되어 있는지 파악할 때 사용합니다.",미래에셋증권 증권용어사전,https://securities.miraeasset.com/hki/hki3028/r01.do
외가격,[],파생/구조화상품,"외가격은 옵션거래에서 권리를 행사했을 때 이익이 발생하지 않는 상태를 뜻합니다. 콜옵션은 기초자산의 현재가격이 행사가격보다 낮을 때, 풋옵션은 기초자산의 현재가격이 행사가격보다 높을 때를 의미합니다. 이 상황에서 즉각적으로 권리를 행사하면 손실을 보게 되므로, 옵션의 가치를 판단하는 주요 기준으로 활용됩니다.",미래에셋증권 증권용어사전,https://securities.miraeasset.com/hki/hki3028/r01.do
외국인,[],수급/투자자,"외국인은 외국의 투자은행, 증권회사, 보험회사, 헤지펀드 등의 형태로 국내 주식 시장에 참여하는 투자자를 뜻합니다. 수급 화면이나 뉴스에서 시장의 주요 매매 주체 중 하나로 다뤄집니다. 일반적으로 보유 자산 규모가 크고 투자 전략이 정교하여 주가 흐름에 큰 영향력을 미치는 경우가 많습니다.",KB증권 금융용어사전,https://www.kbsec.com/go.able?linkcd=m04110000
외국인 전용 수익증권,[],ETF/펀드,"외국인 전용 수익증권은 국내 거주자가 아닌 외국인(비거주자)을 대상으로 국내에 설립된 투자신탁입니다. 국내 운용사가 자금을 관리하며, 주로 사모 방식으로 발행되어 판매 규모가 제한적일 수 있습니다. 국제 투자신탁 판매의 초기 단계에서 활용되는 형태로, 외환 유동성이 비교적 안정적이라는 특징이 있으나 각국의 규제로 인해 공모가 어렵다는 한계도 존재합니다.",미래에셋증권 증권용어사전,https://securities.miraeasset.com/hki/hki3028/r01.do
외국환 평형기금(exchange equalization fund),[],채권/금리/환율,"외국환 평형기금은 환율의 급격한 변동을 막고 원화 가치를 안정시키기 위해 조성된 기금입니다. 주로 환율 관련 뉴스나 거시경제 리포트에서 시장 안정화 조치를 설명할 때 언급됩니다. 외국환평형기금채권(외평채)을 발행하여 재원을 마련하며, 환율의 움직임에 따라 기금이 유동적으로 운용됩니다.",미래에셋증권 증권용어사전,https://securities.miraeasset.com/hki/hki3028/r01.do
외국환평형기금채,[],채권/금리/환율,"외국환평형기금채는 외국환평형기금의 재원을 조달하기 위해 발행하는 채권입니다. 원화나 외화 표시 증권으로 발행할 수 있으나 현재는 원화 표시 증권으로 발행되고 있으며, 만기와 금리 등 발행 조건은 통화안정증권과 같습니다. 정부의 결정에 따라 한국은행이 발행 및 운용 사무를 맡고 있습니다.",미래에셋증권 증권용어사전,https://securities.miraeasset.com/hki/hki3028/r01.do
외부금융(external finance),[],재무/회계,외부금융은 기업이 투자나 사업 운영에 필요한 자금을 외부에서 조달하는 것을 말합니다. 은행에서 돈을 빌리는 간접금융과 증권시장에서 채권이나 어음을 발행해 자금을 모으는 직접금융으로 구분됩니다. 기업의 재무 상태나 자금 조달 방식을 분석할 때 주로 쓰이는 용어입니다.,미래에셋증권 증권용어사전,https://securities.miraeasset.com/hki/hki3028/r01.do
외수펀드,[],ETF/펀드,"외수펀드는 투자 신탁회사가 외국인을 대상으로 발행하여 국내 증시에 투자하는 외국인 전용 수익 증권을 말합니다. 1981년 자본 자유화 계획에 따라 도입되었으며, 외국인이 국내 주식 시장에 간접적으로 투자할 수 있는 통로 역할을 합니다.",미래에셋증권 증권용어사전,https://securities.miraeasset.com/hki/hki3028/r01.do
외재가치,[],파생/구조화상품,"외재가치는 옵션의 전체 가치 중 내재가치를 제외한 부분으로, 시간가치라고도 부릅니다. 만기일까지 남은 시간 동안 기초자산의 가격이 유리하게 움직일 것이라는 기대가치가 반영된 것입니다. 시간이 흘러 만기일이 다가올수록 외재가치는 점차 감소하여 옵션 프리미엄에 영향을 주는 특성이 있습니다.",미래에셋증권 증권용어사전,https://securities.miraeasset.com/hki/hki3028/r01.do
외화가득률(rate of foreign exchange earning),[],거시경제,외화가득률은 한 나라의 총수출액 중에서 실제로 벌어들인 외화가 차지하는 비중을 백분율로 나타낸 지표입니다. 거시경제 지표나 수출 관련 뉴스에서 국가의 실질적인 외화 획득 능력을 설명할 때 주로 사용됩니다. 수출액 규모와 별개로 실제 외화 수입이 어느 정도인지 파악하는 기준으로 활용됩니다.,미래에셋증권 증권용어사전,https://securities.miraeasset.com/hki/hki3028/r01.do
외화대출,[],채권/금리/환율,"외화대출은 외국환 은행이 특정 목적을 위해 자금을 외화로 빌려주는 제도입니다. 주로 기업의 해외 시설 투자나 운영 자금 마련을 위해 활용됩니다. 외화로 원금과 이자를 상환해야 하므로, 환율 변동에 따라 기업의 재무 상태나 비용 부담이 달라질 수 있습니다.",미래에셋증권 증권용어사전,https://securities.miraeasset.com/hki/hki3028/r01.do
외화보유액(foreign exchange holding),[],채권/금리/환율,"외화보유액은 한 나라의 통화당국이 대외 결제를 위해 보유하고 있는 외화자산을 뜻합니다. 환율을 안정시키거나 비상시에 언제든 사용할 수 있도록 유동성과 통용력이 있는 자산으로 구성됩니다. 우리나라는 공적 통화당국과 일반 금융기관의 외화자산을 합산하여 계산하며, 부채를 차감하지 않은 전체 자산 규모를 기준으로 합니다.",미래에셋증권 증권용어사전,https://securities.miraeasset.com/hki/hki3028/r01.do
외화예금,[],채권/금리/환율,외화예금은 국내 거주자가 원화가 아닌 달러 등 외국 통화로 은행에 예금하는 것을 말합니다. 환율 변동에 따라 원화로 환산한 예금의 가치가 달라질 수 있다는 점이 특징입니다. 뉴스나 리포트에서 환율 흐름과 연계하여 언급되기도 합니다.,미래에셋증권 증권용어사전,https://securities.miraeasset.com/hki/hki3028/r01.do
외환관리(foreign exchange control),[],채권/금리/환율,"외환관리는 정부가 환율 안정과 국제수지 균형을 위해 외환 거래를 직접 통제하는 것을 의미합니다. 공정환율 적용, 자본 이동 규제, 대외 지급 한도 설정 등의 방법을 통해 환거래의 자유를 제한하기도 합니다. 환율 변동성이 큰 상황에서 국가 경제의 안정을 도모하기 위한 조치로 이해할 수 있습니다.",미래에셋증권 증권용어사전,https://securities.miraeasset.com/hki/hki3028/r01.do
우량기업대출금리(prime rate),[],채권/금리/환율,"우량기업대출금리(Prime Rate)는 미국 상업은행들이 신용도가 우수한 거래 기업에 적용하는 단기 우대 대출 금리를 말합니다. 뉴스나 리포트에서 미국 금리 동향을 다룰 때 주로 언급되며, 시장의 전반적인 대출 금리 수준을 파악하는 기준이 됩니다. 기업의 자금 조달 여건을 보여주는 지표 중 하나로 활용됩니다.",미래에셋증권 증권용어사전,https://securities.miraeasset.com/hki/hki3028/r01.do
우량주,[],시장/상장,"우량주는 영업 실적과 경영 상태가 양호하고 배당 수준도 높은 회사의 주식을 뜻합니다. 뉴스나 리포트에서 기업의 수익성과 재무 건전성이 뛰어난 경우를 설명할 때 주로 사용됩니다. 우량주를 분류하는 절대적인 기준은 없으나, 보통 업계에서 영향력이 크고 경영 능력이 검증된 기업의 주식을 의미합니다.",미래에셋증권 증권용어사전,https://securities.miraeasset.com/hki/hki3028/r01.do
우리사주조합,[],공시/기업행위,"우리사주조합은 기업의 종업원이 자기 회사의 주식을 취득하고 보유할 수 있도록 조직된 단체입니다. 종업원이 기업 경영과 이익 분배에 참여하게 함으로써 근로 의욕을 높이고 재산 형성을 돕는 취지로 운영됩니다. 임원이나 대주주, 단기 근로자를 제외한 모든 종업원이 자유롭게 가입하거나 탈퇴할 수 있습니다. 우리사주조합을 통해 주식을 구입하면 세제 혜택이나 자금 융자 같은 금융 지원을 받을 수 있다는 특징이 있습니다.",미래에셋증권 증권용어사전,https://securities.miraeasset.com/hki/hki3028/r01.do
우발채무,[],재무/회계,"우발채무는 현재 시점에서는 확정된 빚이 아니지만, 향후 특정 사건이 발생했을 때 실제 빚으로 바뀔 가능성이 있는 항목을 뜻합니다. 주로 재무제표나 공시에서 기업의 잠재적인 재무 부담을 확인할 때 쓰입니다. 우발채무가 있다고 해서 반드시 실제 부채가 되는 것은 아니며, 향후 상황에 따라 확정 여부가 달라질 수 있습니다.",iM증권 금융용어사전,https://www.imfnsec.com/research/financial_guide/fg000000.jsp
우발채무(contingent liabilities),[],재무/회계,"우발채무는 현재는 확정된 빚이 아니지만, 미래에 특정한 상황이 발생하면 실제 채무로 바뀔 가능성이 있는 항목을 말합니다. 어음배서나 보증채무 등이 이에 해당하며, 일반적인 채무와 구분하여 재무제표(대차대조표)상에 주기로 표시합니다. 향후 기업의 재무 건전성에 영향을 줄 수 있는 잠재적 요인으로 해석됩니다.",미래에셋증권 증권용어사전,https://securities.miraeasset.com/hki/hki3028/r01.do
우발채무적립금(reserve for contingencies),[],재무/회계,"우발채무적립금은 장래에 발생할 수 있는 잠재적인 손실에 대비하여 기업이 벌어들인 이익 중 일부를 따로 떼어 적립해 둔 금액입니다. 재무제표 작성 시점에 손익 여부를 명확히 확정할 수 없는 소송, 우발채무 발생, 천재지변 등 우발적인 상황에 대비하기 위해 설정합니다. 미래의 특정 사건 결과에 따라 실제 손실이 발생할 가능성이 있으므로, 기업이 직면한 잠재적 위험 요소를 파악하는 지표로 활용됩니다.",미래에셋증권 증권용어사전,https://securities.miraeasset.com/hki/hki3028/r01.do
우선 배당률,[],배당/주주환원,"우선 배당률은 보통주보다 우선하여 배당을 받을 수 있는 우선주에 적용되는 배당 비율을 말합니다. 배당 관련 공시나 종목 정보에서 주로 사용되며, 이 비율은 일반적으로 회사의 이익 규모에 연동하여 결정되는 특성이 있습니다.",미래에셋증권 증권용어사전,https://securities.miraeasset.com/hki/hki3028/r01.do
우선주,[],시장/상장,"우선주는 배당이나 기업의 잔여 재산 분배에서 보통주보다 우선적인 권리를 가지는 주식입니다. 주로 경영 참여보다는 배당 수익에 관심 있는 투자자를 대상으로 발행되며, 기업 입장에서는 자금 조달을 원활하게 하는 수단이 됩니다. 이익 배당 방식에 따라 잔여 이익 배당에 참여하는 참가적 우선주와 그렇지 않은 비참가적 우선주, 부족한 배당금을 다음 해에 보전받는 누적적 우선주와 그렇지 않은 비누적적 우선주 등으로 구분됩니다.",미래에셋증권 증권용어사전,https://securities.miraeasset.com/hki/hki3028/r01.do
운용보수,[],ETF/펀드,"운용보수는 자산운용사가 펀드나 ETF의 자산을 운용하는 대가로 받는 보수입니다. 투자신탁 약관에서 미리 정한 비율에 따라 지급되며, 운용사가 자산을 관리하고 운용하는 과정에서 발생하는 비용을 의미합니다. 투자자가 부담하는 전체 보수 중 운용사의 몫에 해당합니다.",미래에셋증권 증권용어사전,https://securities.miraeasset.com/hki/hki3028/r01.do
운용자금,[],재무/회계,"운용자금은 기업이 제품 생산이나 서비스 제공 등 일상적인 영업활동을 위해 사용하는 돈입니다. 재료비나 인건비 등이 여기에 해당하며, '운전자금'이라고도 부릅니다. 주로 기업의 재무제표나 공시에서 자금의 구체적인 사용 목적을 설명할 때 쓰입니다.",iM증권 금융용어사전,https://www.imfnsec.com/research/financial_guide/fg000000.jsp
운용자산,[],재무/회계,"운용자산은 회사가 보유한 자산 중 수익을 창출할 수 있는 능력을 갖춘 자산을 의미하며, 투자자산이라고도 부릅니다. 재무제표 등에서 기업이 단순히 자산을 보유하는 것에 그치지 않고 실제 수입을 얻기 위해 활용하는 자산의 성격을 나타낼 때 주로 사용됩니다.",미래에셋증권 증권용어사전,https://securities.miraeasset.com/hki/hki3028/r01.do
워런트(warrant),[],파생/구조화상품,"워런트는 발행사의 보통주나 신규 발행 채권을 추가로 매입할 수 있는 권리가 부여된 채권을 의미합니다. 기업이 장기 자금을 원활하게 조달하기 위해 주로 활용하며, 성장하는 기업뿐만 아니라 대기업에서도 자금 조달 수단으로 쓰입니다.",미래에셋증권 증권용어사전,https://securities.miraeasset.com/hki/hki3028/r01.do
워크아웃(workout),[],공시/기업행위,"워크아웃은 기업과 채권금융기관이 공동으로 진행하는 기업개선작업을 뜻합니다. 기업은 핵심 사업 위주로 구조를 조정하고, 채권단은 부채 구조를 개선하여 기업의 경쟁력과 상환 능력을 높이는 것이 목적입니다. 뉴스나 공시에서 재무 상태가 악화된 기업의 가치 회생과 부채 조정을 다룰 때 주로 사용되는 용어입니다.",미래에셋증권 증권용어사전,https://securities.miraeasset.com/hki/hki3028/r01.do
"원가주의(cost valuation basis, cost method)",[],재무/회계,"원가주의는 재무제표(대차대조표)에 자산의 가치를 기록할 때, 현재 시장 가격이 아닌 처음 사들였을 때의 가격(취득원가)을 기준으로 삼는 방식입니다. 기업이 보유한 자산의 장부상 가치가 실제 시장 가격과 다를 수 있으므로, 재무제표를 통해 기업의 자산 규모를 파악할 때 이 평가 방식을 고려해야 합니다.",미래에셋증권 증권용어사전,https://securities.miraeasset.com/hki/hki3028/r01.do
원본보전과 이익보족,[],ETF/펀드,"원본보전과 이익보족은 펀드 투자 시 원금에 손실이 발생하거나 미리 정한 최소 수익을 얻지 못했을 때, 그 부족한 부분을 채워주는 것을 의미합니다. 투자 결과에 따라 수익을 나누는 실적 배당 원칙의 예외적인 조치로, 투자자 보호 등을 목적으로 승인을 받은 특정 상품에 한해 인정될 수 있습니다.",미래에셋증권 증권용어사전,https://securities.miraeasset.com/hki/hki3028/r01.do
원자재 ETN,[],ETF/펀드,"원자재 ETN은 금, 은, 원유와 같은 원자재를 기초자산으로 하는 상장지수증권(ETN)입니다. 원자재 가격의 변동에 따라 수익률이 결정되며, 주식 시장에서 원자재 가격의 흐름을 추종하고자 할 때 주로 활용됩니다. 기초자산의 종류에 따라 가격 변동 요인이 다르므로 각 원자재의 시장 상황을 함께 살펴봐야 합니다.",KB증권 금융용어사전,https://www.kbsec.com/go.able?linkcd=m04110000
원천징수,[],거래/주문/결제,"원천징수는 투자자가 펀드 수익 등을 받을 때, 국가를 대신해 판매사가 세금을 미리 떼는 것을 말합니다. 수익금 전액이 아닌 세금을 제외한 금액이 입금되므로, 실제 수령액을 확인하는 거래나 결제 화면에서 주로 접하게 됩니다.",KB증권 금융용어사전,https://www.kbsec.com/go.able?linkcd=m04110000
위임장 투쟁(proxy fight),[],공시/기업행위,위임장 투쟁은 주주총회에서 의결권을 확보하기 위해 대주주들이 소액주주의 투표권을 위임받으려 경쟁하는 것을 말합니다. 대주주가 자신의 발언권을 강화하려는 과정에서 소액주주의 투표권에 프리미엄을 제공하며 경쟁이 발생하기도 합니다. 주로 경영권 분쟁이나 주요 의사결정이 필요한 공시 상황에서 언급됩니다.,미래에셋증권 증권용어사전,https://securities.miraeasset.com/hki/hki3028/r01.do
위탁 수수료,[],거래/주문/결제,"위탁 수수료는 투자자가 증권사에 주식 매매를 위탁하여 거래가 체결되었을 때 그 대가로 증권사에 지불하는 비용입니다. 주식을 사고팔 때 모두 발생하며, 거래 금액에 일정 수수료율을 곱해 산정합니다. 증권사나 거래 채널(온라인, 오프라인 등)에 따라 수수료율이 다르게 적용될 수 있습니다.",미래에셋증권 증권용어사전,https://securities.miraeasset.com/hki/hki3028/r01.do
위탁 증거금,[],거래/주문/결제,"위탁 증거금은 주식 매매 주문을 낼 때 결제를 보증하기 위해 증권사가 고객으로부터 미리 받는 현금이나 유가증권입니다. 주가 변동에 따른 위험을 방지하는 담보 역할을 하며, 시장 수급을 조절하기 위해 증거금률이 조정되기도 합니다. 보통거래 시 위탁 가액의 최소 30% 이상을 징수하며, 이 비율은 시장 상황에 따라 변경될 수 있습니다.",미래에셋증권 증권용어사전,https://securities.miraeasset.com/hki/hki3028/r01.do
위탁 회사,[],ETF/펀드,"위탁 회사는 투자 신탁 재산을 실제로 운용하는 주체입니다. 펀드나 ETF의 운용 성과는 위탁 회사의 전문적인 운용 능력에 따라 달라질 수 있으며, 이는 투자자의 이익과 증권 시장에 큰 영향을 미칩니다. 공공성이 강한 업무를 수행하므로 자격과 업무 범위에 대해 엄격한 규제를 받습니다.",미래에셋증권 증권용어사전,https://securities.miraeasset.com/hki/hki3028/r01.do
위탁매매,[],거래/주문/결제,위탁매매는 증권회사가 고객의 주문을 받아 주식을 대신 사고파는 거래 방식을 말합니다. 증권회사가 자신의 판단과 자금으로 직접 매매하는 '자기매매'와 대비되는 개념입니다. 일반 투자자가 증권사를 통해 주식을 주문하고 거래하는 과정이 대표적인 위탁매매의 사례입니다.,미래에셋증권 증권용어사전,https://securities.miraeasset.com/hki/hki3028/r01.do
위탁매매 우선의 법칙,[],거래/주문/결제,"위탁매매 우선의 법칙은 증권사가 직접 매매하는 호가보다 고객의 주문 호가를 우선하여 체결해야 한다는 원칙입니다. 거래소에서 매매 순서를 정하는 기준 중 하나로, 수량 우선의 원칙 다음으로 적용됩니다. 고객의 주문이 증권사의 자기 매매보다 먼저 처리되도록 보장하는 역할을 합니다.",미래에셋증권 증권용어사전,https://securities.miraeasset.com/hki/hki3028/r01.do
위탁모집,[],시장/상장,"위탁모집은 기업이 주식이나 채권을 발행할 때 실무적인 사무 절차는 전문 기관에 맡기되, 발행에 따른 위험은 기업이 직접 부담하는 방식입니다. 간접모집의 한 종류로, 주식이 계획대로 다 팔리지 않을 경우의 책임을 기업이 직접 진다는 점이 특징입니다.",미래에셋증권 증권용어사전,https://securities.miraeasset.com/hki/hki3028/r01.do
위험관리,[],재무/회계,"위험관리는 기업이 경영 과정에서 발생할 수 있는 위험으로 인한 피해를 최소화하기 위해 업무 전반을 계획하고 통제하는 활동을 뜻합니다. 주로 재무제표나 사업보고서에서 기업이 잠재적 손실에 어떻게 대응하고 있는지 설명할 때 사용됩니다. 기업의 안정성을 유지하기 위한 체계적인 관리 체계를 의미하며, 구체적인 관리 범위와 방식은 기업의 사업 영역에 따라 다를 수 있습니다.",미래에셋증권 증권용어사전,https://securities.miraeasset.com/hki/hki3028/r01.do
위험자산(risky asset),[],주식 기초,위험자산은 투자 수익률이 미리 정해져 있지 않고 시장 상황에 따라 변동될 가능성이 있는 자산을 뜻합니다. 주식처럼 원금 손실의 위험이 있는 대신 상대적으로 높은 수익을 기대할 수 있는 자산들이 포함됩니다. 주로 뉴스나 리포트에서 시장의 투자 심리 변화를 설명할 때 자주 사용됩니다.,미래에셋증권 증권용어사전,https://securities.miraeasset.com/hki/hki3028/r01.do
위험조정할인율(risk adjusted discount rate),[],투자지표/밸류에이션,"위험조정할인율은 미래 현금흐름의 불확실성을 반영하여 조정한 할인율입니다. 투자 가치를 평가할 때 미래 수익이 불확실할수록 투자자는 더 높은 대가(위험 프리미엄)를 요구하게 되는데, 이를 기본 할인율에 더해 계산합니다. 주로 기업 가치나 투자안의 수익성을 분석하는 리포트 등에서 현재 가치를 산출할 때 사용됩니다.",미래에셋증권 증권용어사전,https://securities.miraeasset.com/hki/hki3028/r01.do
윌 가,[],시장/상장,"윌 가(Wall Street)는 뉴욕 증권거래소(NYSE)를 비롯한 주요 거래소와 증권업자, 투자자 등 미국 증권시장에 관여하는 모든 요소를 통칭하는 대명사입니다. 단순히 지명을 넘어 미국 증권시장에 관여하는 주체와 시장 전체를 상징하는 표현으로 쓰입니다. 국내 주식 서비스에서는 주로 미국 증시의 흐름이나 글로벌 경제 뉴스를 전달할 때 미국 금융권과 시장 상황을 일컫는 용어로 자주 인용됩니다.",미래에셋증권 증권용어사전,https://securities.miraeasset.com/hki/hki3028/r01.do
유가증권,[],주식 기초,"유가증권은 재산적 가치가 있는 권리가 표시된 증서를 말합니다. 주식 시장에서는 주로 상장된 주식이나 채권을 통칭하는 용어로 쓰입니다. 국채, 지방채, 사채권, 주권(주식) 등이 모두 유가증권에 해당하며, 증권 시장에서 거래되는 다양한 투자 대상을 아우르는 포괄적인 개념입니다.",미래에셋증권 증권용어사전,https://securities.miraeasset.com/hki/hki3028/r01.do
유가증권 신고서,[],공시/기업행위,"유가증권 신고서는 회사가 유가증권을 발행하기 전에 기업의 사업 및 재무 내용, 발행할 증권의 종류와 금액, 자금 사용 목적 등을 기록하여 제출하는 서류입니다. 투자자를 보호하고 발행 및 유통 과정의 공정성을 확보하기 위해 작성됩니다. 공시를 통해 기업의 상세 정보와 자금 조달 계획을 확인하는 용도로 활용됩니다.",미래에셋증권 증권용어사전,https://securities.miraeasset.com/hki/hki3028/r01.do
유가증권 투자손실준비금,[],재무/회계,"유가증권 투자손실준비금은 투자신탁회사가 유가증권 매매로 발생한 손실을 메우거나, 고객에게 약속한 수익률보다 실제 수익이 낮을 때 그 차액을 보전하기 위해 쌓아두는 준비금입니다. 주로 금융회사의 재무제표나 공시에서 확인하며, 회사가 예상치 못한 손실이나 수익률 미달 상황에 대비해 마련해둔 자금의 성격을 가집니다.",미래에셋증권 증권용어사전,https://securities.miraeasset.com/hki/hki3028/r01.do
유니트형 투신,[],ETF/펀드,"유니트형 투신은 펀드를 설정할 때마다 각각의 자산을 독립된 단위로 나누어 관리하는 투자신탁 방식입니다. '단위형 투자신탁'이라고도 하며, 매번 설정되는 자산이 서로 섞이지 않고 별개의 단위로 취급되는 것이 특징입니다. 펀드 상품의 구조나 운용 방식을 설명할 때 주로 사용됩니다.",미래에셋증권 증권용어사전,https://securities.miraeasset.com/hki/hki3028/r01.do
유동부채(current liabilities),[],재무/회계,"유동부채는 재무제표 작성일로부터 1년 이내에 상환해야 하는 단기 부채를 말합니다. 기업이 가까운 시일 내에 갚아야 할 빚의 규모를 나타내며, 재무제표를 통해 기업의 단기적인 재무 상태를 확인할 때 주요하게 쓰이는 항목입니다.",미래에셋증권 증권용어사전,https://securities.miraeasset.com/hki/hki3028/r01.do
유동성,[],채권/금리/환율,유동성은 채권을 현금으로 바꿀 수 있는 정도를 뜻합니다. 유동성이 높을수록 시장에서 거래가 원활하게 이루어져 원하는 시점에 채권을 사고팔기 쉽습니다. 유동성이 낮으면 거래가 적어 원하는 가격에 현금화하기 어려울 수 있으므로 시장 상황을 파악할 때 중요한 지표로 활용됩니다.,KB증권 금융용어사전,https://www.kbsec.com/go.able?linkcd=m04110000
유동성 딜레마(liquidity dilemma),[],거시경제,"유동성 딜레마는 특정 국가의 통화가 국제 거래의 기준이 될 때, 국제수지 상황에 따라 유동성 공급과 통화 신뢰도 사이에서 발생하는 모순을 뜻합니다. 해당 국가가 국제수지 흑자를 내면 전 세계적으로 통화 공급이 줄어 유동성 부족 문제가 생기고, 반대로 적자를 내며 통화를 공급하면 해당 통화의 신뢰도가 떨어질 수 있는 상황을 말합니다.",미래에셋증권 증권용어사전,https://securities.miraeasset.com/hki/hki3028/r01.do
유동성 배열법(current arrangement),[],재무/회계,"유동성 배열법은 재무제표에서 자산이나 부채를 현금화하기 쉬운 순서대로, 즉 유동성이 높은 항목부터 차례로 나열하는 방법입니다. 기업의 재무 보고서나 공시 자료에서 자산의 구성과 부채의 상환 순서를 파악하는 기준이 됩니다.",미래에셋증권 증권용어사전,https://securities.miraeasset.com/hki/hki3028/r01.do
유동성 선호(liquidity preference),[],거시경제,유동성 선호는 재산을 현금과 같이 즉시 사용할 수 있는 화폐 형태로 보유하려는 욕구를 뜻합니다. 주로 거시경제 뉴스나 리포트에서 시장의 불확실성이 커질 때 투자자들이 자산을 현금화하려는 성향을 나타낼 때 사용됩니다. 유동성 선호의 정도에 따라 시장의 자금 흐름이나 금리 수준이 달라질 수 있습니다.,미래에셋증권 증권용어사전,https://securities.miraeasset.com/hki/hki3028/r01.do
유동성 위험(liquidity risk),[],거시경제,"유동성 위험은 자산을 현금으로 바꾸는 과정에서 발생하는 불확실성이나, 필요한 자금을 적정한 가격으로 즉시 조달하지 못해 발생하는 위험을 뜻합니다. 시장에서 거래가 원활하지 않아 원하는 시점에 자산을 팔기 어렵거나 제값을 받지 못하는 상황 등을 포함합니다. 이는 시장 전반의 상황이나 개별 자산의 특성에 따라 발생할 수 있습니다.",미래에셋증권 증권용어사전,https://securities.miraeasset.com/hki/hki3028/r01.do
유동성 장세,[],거시경제,"유동성 장세는 증시에 대규모 자금이 유입되어 그 자금력으로 주가가 상승하는 시장 상황을 뜻합니다. 금리가 크게 하락하여 다른 투자처를 찾던 자금이 주식시장으로 이동하거나, 경기 침체 이후 투자 환경이 개선되면서 시중 자금이 한꺼번에 몰릴 때 나타납니다. 뉴스나 리포트에서 시장의 전반적인 자금 흐름과 주가 상승 배경을 설명할 때 주로 사용됩니다.",미래에셋증권 증권용어사전,https://securities.miraeasset.com/hki/hki3028/r01.do
유동성함정(liquidity trap),[],거시경제,"유동성함정은 금리를 낮추고 시중에 돈을 풀어도 투자와 소비가 늘지 않아 경기가 살아나지 않는 상태를 뜻합니다. 일반적으로 금리가 낮아지면 기업 투자가 활발해져야 하지만, 경제 주체들이 현금을 보유하려 하면서 통화 정책의 효과가 나타나지 않는 상황을 설명할 때 쓰입니다. 1920년대 세계 경제 대공황 당시 케인즈가 제기한 학설에서 유래했습니다.",미래에셋증권 증권용어사전,https://securities.miraeasset.com/hki/hki3028/r01.do
유동자산(liquid assets),[],재무/회계,"유동자산은 1년 이내 또는 기업의 정상적인 영업 주기 안에 현금으로 바꾸거나 소비할 것으로 예상되는 자산입니다. 재무제표에서 기업의 단기적인 자금 동원 능력을 파악할 때 주요 지표로 활용됩니다. 유동자산의 규모는 기업의 자금 흐름을 확인하는 기준이 되지만, 업종이나 경영 상황에 따라 적정 수준이 다를 수 있습니다.",미래에셋증권 증권용어사전,https://securities.miraeasset.com/hki/hki3028/r01.do
유동주식수,[],시장/상장,유동주식수는 발행된 전체 주식 중 시장에서 실제로 거래될 수 있는 주식의 수를 의미합니다. 대주주나 특수관계인이 보유하여 시장에 잘 나오지 않는 물량을 제외한 수치입니다. 주식 화면에서 종목의 거래 활발성이나 수급 상황을 파악할 때 중요한 지표로 활용됩니다.,KB증권 금융용어사전,https://www.kbsec.com/go.able?linkcd=m04110000
유배주,[],배당/주주환원,"유배주는 배당을 지급한 실적이 있고 앞으로도 배당을 줄 것으로 예상되는 주식을 뜻합니다. 일반적으로는 직전 결산기에 배당을 실시한 종목을 의미하며, 배당 실적이 없는 무배주와 대비되는 용어입니다. 기업의 배당 정책이나 재무 상태를 파악할 때 주로 사용됩니다.",미래에셋증권 증권용어사전,https://securities.miraeasset.com/hki/hki3028/r01.do
유보율,[],투자지표/밸류에이션,"유보율은 기업이 영업활동을 통해 남긴 이익잉여금과 자본잉여금을 합한 금액을 납입자본금으로 나눈 비율입니다. 기업이 동원할 수 있는 자금 수준을 나타내는 지표로, 재무제표를 통해 재무 안정성을 파악할 때 주로 활용합니다. 일반적으로 유보율이 높을수록 재무 상태가 탄탄하다고 평가하지만, 유보율의 변화는 경영 환경에 따라 다르게 해석될 수 있습니다. 예를 들어 유망 기업 인수나 설비 투자에 자금을 사용하여 유보율이 낮아지는 경우도 있으므로 수치 변화의 원인을 함께 확인해야 합니다.",KB증권 금융용어사전,https://www.kbsec.com/go.able?linkcd=m04110000
유보율(reserve ratio) (),[],투자지표/밸류에이션,"유보율은 기업이 영업활동이나 자본 거래를 통해 벌어들인 자금 중 사내에 남겨둔 금액이 자본금 대비 어느 정도인지를 나타내는 지표입니다. 잉여금을 자본금으로 나누어 산출하며, 재무제표에서 기업의 자금 여력을 파악할 때 주로 활용됩니다. 유보율이 높으면 대체로 내재가치가 높은 기업으로 평가받지만, 영업 적자 상태에서 부동산 매각 등으로 수치가 높아진 경우도 있어 주의해야 합니다. 또한 자산이 부동산 위주라면 유보율이 높아도 실제 현금 흐름은 좋지 않을 수 있으며, 시장에서는 무상증자 가능성을 가늠하는 지표 중 하나로 참고하기도 합니다.",미래에셋증권 증권용어사전,https://securities.miraeasset.com/hki/hki3028/r01.do
유상증자,[],공시/기업행위,"유상증자는 기업이 신주를 발행하여 주주들로부터 실제 자금을 받아 자본을 늘리는 것을 말합니다. 증자 방식에는 기존 주주에게 신주를 배정하는 주주 배정, 특정인에게 배정하는 제3자 배정, 일반인에게 청약을 받는 공모 등이 있습니다. 국내에서는 주주 배정 방식이 가장 일반적인 형태로 활용됩니다.",미래에셋증권 증권용어사전,https://securities.miraeasset.com/hki/hki3028/r01.do
유상증자(capital increase with consideration),[],공시/기업행위,"유상증자는 기업이 주식을 새로 발행하여 자본금을 실질적으로 늘리는 자금 조달 방식입니다. 기업이 주식을 발행해 자금을 확보함으로써 재무구조를 개선하고 부채 의존도를 낮추는 데 활용됩니다. 신주를 배정하는 대상에 따라 주주할당, 연고자할당, 일반공모 등의 방법이 있으며, 발행 방식에 따라 이해관계가 달라질 수 있으므로 공시를 통해 상세 내용을 확인하는 것이 중요합니다.",미래에셋증권 증권용어사전,https://securities.miraeasset.com/hki/hki3028/r01.do
유지위탁증거금,[],파생/구조화상품,유지위탁증거금은 선물이나 옵션 포지션을 유지하기 위해 계좌에 남아 있어야 하는 최소한의 증거금입니다. 투자자가 보유한 포지션의 가치가 변동하여 계좌 잔고가 이 기준보다 낮아지면 추가 증거금을 납입해야 할 수 있습니다. 파생상품 거래 화면에서 리스크 관리 상태를 확인하는 지표로 활용됩니다.,미래에셋증권 증권용어사전,https://securities.miraeasset.com/hki/hki3028/r01.do
유지증거금(maintenance or additional margin),[],파생/구조화상품,"유지증거금은 선물 포지션을 보유한 투자자가 계좌에 유지해야 하는 최소한의 증거금입니다. 선물 가격 변동에 따라 증거금 잔액이 달라지는데, 거래소가 정한 이 최저 수준을 밑돌지 않아야 합니다. 파생상품 거래 시 투자자가 보유한 포지션을 유지하기 위한 필수 조건으로 활용됩니다.",미래에셋증권 증권용어사전,https://securities.miraeasset.com/hki/hki3028/r01.do
유통대주,[],거래/주문/결제,"유통대주는 금융사가 한국증권금융에서 빌려온 주식을 투자자에게 빌려주는 거래 형태를 말합니다. 금융사는 신용거래 보증금을 담보로 맡겨야 하며, 정해진 기간 안에 빌린 주식을 한국증권금융에 상환해야 합니다. 주식 거래 화면이나 신용 거래 관련 안내에서 주로 사용되는 용어입니다.",KB증권 금융용어사전,https://www.kbsec.com/go.able?linkcd=m04110000
유통시장,[],시장/상장,"유통시장은 이미 발행된 주식이나 채권이 투자자들 사이에서 실제로 거래되는 시장을 말합니다. 발행시장과 대비되는 개념으로 매매 시장 또는 제2차 시장이라고도 부릅니다. 한국거래소와 같은 거래소 시장이 대표적이며, 장외에서 거래되는 점두시장도 유통시장에 속합니다.",미래에셋증권 증권용어사전,https://securities.miraeasset.com/hki/hki3028/r01.do
유한고정자산(tangible fixed assets),[],재무/회계,"유한고정자산은 영업활동에 사용할 목적으로 취득한 실체가 있는 자산입니다. 여러 회계기간에 걸쳐 기업에 경제적 효익을 제공할 수 있는 잠재력을 가진 자산을 의미하며, 주로 재무제표에서 기업이 보유한 구체적인 물적 기반을 파악할 때 사용됩니다.",미래에셋증권 증권용어사전,https://securities.miraeasset.com/hki/hki3028/r01.do
유한회사(private company),[],재무/회계,"유한회사는 비교적 적은 수의 유한책임 사원들로 구성된 회사 형태를 말합니다. 사원들이 출자한 금액 한도 내에서만 책임을 지는 것이 특징입니다. 주로 규모가 크지 않거나 폐쇄적인 운영이 필요한 경우에 활용되며, 재무제표나 공시 등에서 기업의 조직 형태를 설명할 때 쓰입니다.",미래에셋증권 증권용어사전,https://securities.miraeasset.com/hki/hki3028/r01.do
융자담보주권(collateral securities),[],거래/주문/결제,융자담보주권은 증권회사가 증권금융회사로부터 자금을 빌릴 때 담보로 제공하는 주식을 뜻합니다. 증권 유통금융 과정에서 증권회사가 대출을 받아 매입한 주권이 담보로 수취되는 것을 의미합니다. 주로 증권사와 금융기관 사이의 자금 조달 및 담보 관리 맥락에서 쓰이는 용어입니다.,미래에셋증권 증권용어사전,https://securities.miraeasset.com/hki/hki3028/r01.do
융통어음,[],채권/금리/환율,"융통어음은 실제 물건이나 서비스를 사고파는 상거래 없이, 단순히 자금을 빌려주거나 신용을 제공할 목적으로 발행하는 어음입니다. 기업이 자금을 조달하기 위해 발행하며, 뉴스나 기업 분석 리포트에서 기업의 자금 상황을 설명할 때 주로 등장합니다.",미래에셋증권 증권용어사전,https://securities.miraeasset.com/hki/hki3028/r01.do
은행,[],수급/투자자,은행은 국내 주요 은행들이 자산 운용을 위해 직접 주식을 거래하는 투자 주체를 뜻합니다. 주가 화면의 투자자별 매매동향에서 수급을 일으키는 주체 중 하나로 표시됩니다. 은행의 매매 현황은 시장의 수급 흐름을 파악하는 참고 정보로 활용됩니다.,KB증권 금융용어사전,https://www.kbsec.com/go.able?linkcd=m04110000
응모자수익률(yield to subscriber),[],채권/금리/환율,"응모자수익률은 채권이 처음 발행될 때 투자자가 얻을 수 있는 수익률을 의미합니다. 정기적인 이자 수익과 더불어, 발행가격과 만기 시 돌려받는 액면금액의 차이에서 발생하는 상환차익을 모두 고려한 만기수익률의 일종입니다. 채권의 발행 조건이나 투자 채산성을 파악할 때 주요 지표로 활용됩니다.",미래에셋증권 증권용어사전,https://securities.miraeasset.com/hki/hki3028/r01.do
의견거절(disclaimer of opinion),[],재무/회계,"의견거절은 감사인이 기업의 재무제표에 대해 의견을 내는 데 필요한 합리적인 증거를 얻지 못했을 때 밝히는 감사의견입니다. 공시나 재무제표에서 확인할 수 있는 감사의견 중 하나로, 감사인이 해당 기업의 재무 상태에 대해 판단을 내릴 수 없는 상태임을 의미합니다.",미래에셋증권 증권용어사전,https://securities.miraeasset.com/hki/hki3028/r01.do
의결권,[],공시/기업행위,"의결권은 주주가 주주총회에 참석하여 기업의 주요 의사결정에 참여할 수 있는 권리입니다. 보통 1주당 1개의 의결권이 주어지는 것이 원칙이지만, 회사가 보유한 자기주식이나 발행 시 정해진 무의결권주 등은 의결권이 없습니다. 주주총회 공시 등에서 주주의 권리 범위를 확인할 때 쓰이며, 직접 출석하거나 대리인에게 위임하여 행사할 수 있습니다.",미래에셋증권 증권용어사전,https://securities.miraeasset.com/hki/hki3028/r01.do
의무보호예수,[],시장/상장,"의무보호예수는 기업이 상장하거나 인수합병(M&A), 유상증자를 할 때 대주주 등이 보유한 주식을 일정 기간 팔지 못하게 하는 제도입니다. 대주주의 지분 매각으로 인해 주가가 급격히 떨어지는 상황으로부터 소액투자자를 보호하기 위해 마련되었습니다. 공시나 뉴스에서 특정 종목의 매도 제한 여부와 그 해제 시점을 설명할 때 주로 사용됩니다.",iM증권 금융용어사전,https://www.imfnsec.com/research/financial_guide/fg000000.jsp
의제배당,[],배당/주주환원,"의제배당은 상법상 정식 배당 절차를 밟지 않았더라도, 실질적으로 배당과 같은 성격의 이익이 발생했다고 보아 세금을 부과하는 경우를 뜻합니다. 기업의 특정 행위로 인해 주주가 얻은 경제적 이익을 과세 형평성을 위해 배당 소득으로 간주하는 것입니다. 주로 뉴스나 공시에서 세무 관련 내용을 설명할 때 사용되는 용어입니다.",미래에셋증권 증권용어사전,https://securities.miraeasset.com/hki/hki3028/r01.do
의제자본,[],투자지표/밸류에이션,"의제자본은 기업이 실제로 조달한 자본과 별개로, 주식의 시가를 바탕으로 산출되는 가공의 자본을 뜻합니다. 유통시장에서 주식은 액면가가 아닌 배당금이나 시중 이자율 등에 따라 가격이 형성되는데, 이를 근거로 자본의 가치를 이론적으로 재구성한 것입니다. 계산식은 '자본 × 배당률 ÷ 평균 이자율'로 나타내며, 실제 기업에 도입된 자본과는 차이가 있을 수 있다는 점에 유의해야 합니다.",미래에셋증권 증권용어사전,https://securities.miraeasset.com/hki/hki3028/r01.do
이격도,[],가격/차트,"이격도는 당일의 주가를 이동평균선 수치로 나눈 백분율입니다. 주가와 이동평균선이 얼마나 떨어져 있는지를 나타내며, 이동평균선의 지행성을 보완하여 주가의 단기적인 위치를 파악할 때 사용합니다. 이격도가 100%이면 주가와 이동평균선이 일치하고, 100%보다 높으면 주가가 이동평균선보다 위에, 100%보다 낮으면 아래에 있음을 의미합니다. 차트 분석 시 주가의 과열이나 침체 정도를 가늠하는 참고 지표로 활용되지만, 시장 국면에 따라 해석 기준이 달라질 수 있습니다.",미래에셋증권 증권용어사전,https://securities.miraeasset.com/hki/hki3028/r01.do
이동 평균선,[],가격/차트,"이동평균선은 일정 기간 동안의 주가나 거래량을 산술 평균하여 선으로 연결한 지표입니다. 단기적인 변동에 따른 불규칙성을 줄이고 중장기적인 추세를 파악하기 위해 차트에서 주로 활용합니다. 주가 이동평균선은 주가 흐름을 객관적으로 관찰하는 데 쓰이며, 거래량 이동평균선은 거래량이 주가에 선행한다는 특성을 바탕으로 흐름을 예측하는 데 쓰입니다. 국내에서는 주가 기준 25일(단기), 75일(중기), 150일(장기) 선 등이 주로 사용됩니다.",미래에셋증권 증권용어사전,https://securities.miraeasset.com/hki/hki3028/r01.do
이동평균법(moving average method),[],재무/회계,"이동평균법은 자산을 서로 다른 단가로 매입할 때마다 전체 수량에 대한 가중 평균을 내어 단가를 새로 계산하는 원가 산정 방식입니다. 주로 기업의 재무제표에서 재고자산 등의 가치를 평가할 때 쓰입니다. 물가 변동의 영향을 완화하여 단가를 평균화할 수 있다는 장점이 있지만, 매입이 빈번할 경우 계산이 복잡해질 수 있다는 특징이 있습니다.",미래에셋증권 증권용어사전,https://securities.miraeasset.com/hki/hki3028/r01.do
이동평균선(Moving Average),[],가격/차트,"이동평균선은 일정 기간 동안의 주가 평균치를 선으로 연결해 나타낸 지표입니다. 주가 차트에서 가격의 흐름이나 추세를 파악할 때 주로 사용합니다. 보통 5일, 20일, 60일, 120일 선을 많이 활용하며, 투자자의 성향이나 분석 목적에 따라 기간 설정을 다양하게 조정할 수 있습니다.",KB증권 금융용어사전,https://www.kbsec.com/go.able?linkcd=m04110000
이론주가,[],투자지표/밸류에이션,"이론주가는 주식의 본질적인 가치를 결정하는 요소들을 이론적으로 분석하여 산출한 주가입니다. 일반적으로 이자율을 활용한 수익 가치 평가나 주가수익비율(PER), 주가순자산비율(PBR) 등을 대표적인 계산 방법으로 사용합니다. 기업의 적정 가치를 분석하는 리포트나 투자 지표를 설명할 때 주로 활용됩니다.",미래에셋증권 증권용어사전,https://securities.miraeasset.com/hki/hki3028/r01.do
이븐 파 스왑(even par swap),[],채권/금리/환율,"이븐 파 스왑은 특정 분야의 채권을 매도하고, 그와 동일한 금액만큼 다른 분야의 채권을 매입하는 거래를 뜻합니다. 채권 시장이나 투자 리포트에서 포트폴리오의 구성을 변경할 때 주로 사용되는 용어입니다. 매도와 매수 금액을 동일하게 맞추어 자산의 구성을 조정하는 것이 특징입니다.",미래에셋증권 증권용어사전,https://securities.miraeasset.com/hki/hki3028/r01.do
이익배당(dividend),[],배당/주주환원,"이익배당은 회사가 영업 활동을 통해 얻은 이익을 주주에게 나누어 주는 것을 말합니다. 주식회사의 주주는 자신이 보유한 주식 수에 따라 이익을 배당받을 권리가 있습니다. 배당은 회사의 순재산에서 자본금과 법정적립금 등을 제외한 금액 범위 내에서 가능하며, 주로 매 영업연도 말에 실시합니다. 별도로 정한 경우를 제외하고 원칙적으로 중간배당은 허용되지 않습니다.",미래에셋증권 증권용어사전,https://securities.miraeasset.com/hki/hki3028/r01.do
이익배당청구권(claim for dividend),[],배당/주주환원,"이익배당청구권은 주주가 기업의 이익을 배당으로 나누어 달라고 요구할 수 있는 권리입니다. 주주가 기본적으로 가지는 배당받을 권리라는 추상적 의미와, 주주총회 등에서 배당이 확정된 후 실제로 배당금을 청구하는 구체적 의미를 모두 포함합니다. 후자의 경우 배당금지급청구권이라고 구분하여 부르기도 합니다.",미래에셋증권 증권용어사전,https://securities.miraeasset.com/hki/hki3028/r01.do
이익사채(IB; income bond),[],채권/금리/환율,이익사채는 기업의 이익이 부족할 경우 정해진 이자를 지급하지 않더라도 채무불이행이 되지 않는다는 조건이 붙은 사채입니다. 이자 지급 여부가 기업의 이익 발생 상황에 따라 결정될 수 있다는 점이 특징입니다. 주로 기업의 재무 구조나 공시 자료에서 발행된 채권의 성격을 설명할 때 사용됩니다.,미래에셋증권 증권용어사전,https://securities.miraeasset.com/hki/hki3028/r01.do
이익잉여금 처분,[],배당/주주환원,"이익잉여금 처분은 기업이 벌어들인 순이익에서 법정준비금을 적립한 뒤, 남은 금액을 배당으로 지급하거나 회사 내부에 남길지 결정하는 절차입니다. 주로 재무제표나 공시를 통해 기업이 이익을 어떻게 활용할지 보여줄 때 쓰입니다. 배당 규모와 사내 유보 비중을 결정하는 과정이므로 기업의 자금 운용 성향을 파악하는 기준이 됩니다.",미래에셋증권 증권용어사전,https://securities.miraeasset.com/hki/hki3028/r01.do
이익참가부사채(PB:participating bond) (PB; participating bond),[],채권/금리/환율,"이익참가부사채(PB)는 정해진 이자를 받으면서 기업의 이익 배당에도 참여할 수 있는 권리가 부여된 채권입니다. 최소한의 확정이자는 보장받으면서 기업 이익이 일정 수준을 넘기면 추가 이익을 나눠 받을 수 있어, 기업의 수익 상황에 따라서만 이자를 주는 수익사채와는 차이가 있습니다. 발행 기업은 채권의 투자 매력을 높여 자금을 조달하기 유리해지지만, 이익 분배 권리가 기존 주주의 배당에 영향을 줄 수 있다는 점도 함께 고려해야 합니다.",미래에셋증권 증권용어사전,https://securities.miraeasset.com/hki/hki3028/r01.do
이자,[],채권/금리/환율,"이자는 채권 투자 시 투자자에게 일정한 주기로 지급되는 금전적인 혜택을 뜻합니다. 채권 투자에서 발생하는 주요 수익 중 하나로, 정해진 시기마다 현금 흐름이 발생하는 특징이 있습니다.",KB증권 금융용어사전,https://www.kbsec.com/go.able?linkcd=m04110000
이자 재투자,[],채권/금리/환율,"이자 재투자는 지급받은 이자를 다시 투자하여 복리 효과를 얻는 것을 뜻합니다. 채권이나 금융 상품에서 발생한 이자를 원금에 더해 다시 투자함으로써, 이자에 이자가 붙는 방식으로 수익 구조를 설명할 때 주로 사용되는 용어입니다.",KB증권 금융용어사전,https://www.kbsec.com/go.able?linkcd=m04110000
이자 지급 방식,[],채권/금리/환율,"이자 지급 방식은 채권의 이자가 투자자에게 어떤 형태로 지급되는지를 나타내는 기준입니다. 채권 상세 정보나 공시에서 이자를 정기적으로 나누어 받는지, 혹은 만기에 한꺼번에 받는지 등을 설명할 때 쓰입니다. 지급 방식에 따라 투자자가 얻는 현금 흐름의 시점이 달라질 수 있습니다.",KB증권 금융용어사전,https://www.kbsec.com/go.able?linkcd=m04110000
이자 지급 주기,[],채권/금리/환율,"이자 지급 주기는 채권에서 이자가 지급되는 시간적 간격을 뜻합니다. 채권 상품 정보나 공시에서 주로 확인할 수 있으며, 일반적으로 월, 분기, 연 단위 등으로 구분됩니다. 지급 주기에 따라 이자를 받는 시점과 횟수가 달라지므로 투자 시 확인해야 할 주요 조건 중 하나입니다.",KB증권 금융용어사전,https://www.kbsec.com/go.able?linkcd=m04110000
이자 지급일,[],채권/금리/환율,이자 지급일은 약정된 이자가 실제로 지급되는 날짜를 의미합니다. 주로 채권이나 이자가 발생하는 금융 상품에서 정기적으로 이자가 지급되는 일정을 설명할 때 사용됩니다.,KB증권 금융용어사전,https://www.kbsec.com/go.able?linkcd=m04110000
이자율,[],채권/금리/환율,"이자율은 채권이 제공하는 이자의 비율로, 투자자가 얻는 수익률을 의미합니다. 주로 채권 시장의 흐름을 설명하는 뉴스나 리포트에서 투자 수익 수준을 나타낼 때 사용됩니다. 시장 상황에 따라 이자율이 변동될 수 있으므로 채권의 가치를 판단할 때 중요한 지표가 됩니다.",KB증권 금융용어사전,https://www.kbsec.com/go.able?linkcd=m04110000
이자율 위험(interest rate risk),[],채권/금리/환율,"이자율 위험은 금리 변동으로 인해 채권 가격이나 재투자 수익이 변할 수 있는 위험을 뜻합니다. 모든 채권에 공통적으로 영향을 미치는 시장위험의 한 종류입니다. 금리 변화가 채권의 가치와 수익에 직접적인 영향을 줄 수 있으므로, 채권 관련 뉴스나 리포트에서 시장 상황을 분석할 때 주요하게 다뤄집니다.",미래에셋증권 증권용어사전,https://securities.miraeasset.com/hki/hki3028/r01.do
인덱스 펀드,[],ETF/펀드,"인덱스 펀드는 특정 지수의 변동과 동일하게 움직이도록 구성된 펀드입니다. 시장의 평균적인 흐름을 따라가도록 설계되었으며, 펀드나 ETF 관련 정보를 확인할 때 주로 쓰이는 용어입니다.",KB증권 금융용어사전,https://www.kbsec.com/go.able?linkcd=m04110000
인덱스펀드(Index Fund),"[""인덱스 펀드(index fund)""]",ETF/펀드,"인덱스펀드는 주가지수의 움직임에 연동되도록 포트폴리오를 구성하여 시장의 평균 수익을 실현하는 것을 목표로 하는 금융상품입니다. 개별 종목에 비해 등락이 완만한 편이며, 효율적인 분산투자와 증권 매매 비용 절감 등의 특징이 있습니다. 주로 펀드나 ETF 관련 정보에서 시장 지수의 흐름을 따르는 상품을 설명할 때 사용됩니다.",KB증권 금융용어사전,https://www.kbsec.com/go.able?linkcd=m04110000
인버스 ETN,[],ETF/펀드,"인버스 ETN은 기초지수의 수익률과 반대 방향으로 움직이도록 설계된 상장지수증권(ETN)입니다. 기초지수가 하락할 때 수익을 추구하는 구조를 가지고 있습니다. 지수 변동과 수익률의 관계가 정반대이므로, 시장 상황에 따라 예상과 다른 결과가 나타날 수 있음을 유의해야 합니다.",KB증권 금융용어사전,https://www.kbsec.com/go.able?linkcd=m04110000
인버스형ETF,[],ETF/펀드,"인버스형 ETF는 기초지수의 수익률과 반대 방향으로 움직이도록 설계된 상장지수펀드(ETF)입니다. 지수가 하락할 때 수익이 발생하고, 반대로 지수가 상승하면 손실이 발생하는 구조를 가집니다. 시장 하락이 예상되는 상황에서 활용되기도 하지만, 지수 변동 방향에 따라 손실이 발생할 수 있으므로 주의가 필요합니다.",KB증권 금융용어사전,https://www.kbsec.com/go.able?linkcd=m04110000
인수,[],공시/기업행위,"인수는 기업이 주식이나 채권을 새로 발행할 때, 금융기관이 이를 투자자에게 판매할 목적으로 직접 사들이거나 팔리지 않은 잔량을 책임지고 떠안는 것을 뜻합니다. 공시나 리포트에서 증권의 모집과 매출 과정을 설명할 때 주로 쓰입니다. 계약 방식에 따라 증권의 전부를 인수하거나, 일반 투자자가 사지 않고 남은 부분만 인수하기도 합니다.",iM증권 금융용어사전,https://www.imfnsec.com/research/financial_guide/fg000000.jsp
인수단,[],공시/기업행위,"인수단은 기업이 주식이나 채권을 발행할 때 이를 책임지고 인수하기 위해 구성된 금융회사들의 집합체입니다. 주로 공시나 뉴스에서 기업의 자금 조달 과정을 설명할 때 등장하며, 공모 후 청약되지 않은 잔여 물량이 발생하면 이를 직접 인수할 책임을 집니다. 주간사회사가 대표가 되어 요건을 갖춘 여러 회사가 공동으로 참여하는 구조로 운영됩니다.",미래에셋증권 증권용어사전,https://securities.miraeasset.com/hki/hki3028/r01.do
인수모집,[],공시/기업행위,"인수모집은 중개기관이 발행 위험을 부담하고, 모집 결과 미달된 잔액을 직접 인수하는 방식입니다. 간접모집의 한 형태이며, 중개기관이 발행 사무 전반을 담당합니다. 기업이 자금을 조달하는 과정에서 발행 방식과 책임 소재를 명시하는 공시 등에서 주로 사용됩니다.",미래에셋증권 증권용어사전,https://securities.miraeasset.com/hki/hki3028/r01.do
인수주선업무(underwriting),[],공시/기업행위,"인수주선업무는 발행시장에서 유가증권을 인수하거나 매출하고, 유가증권의 모집 또는 매출을 주선하는 업무를 뜻합니다. 기업이 주식이나 채권을 발행할 때 증권사가 이를 책임지고 인수하거나 투자자에게 판매하는 과정을 돕는 역할을 설명할 때 쓰입니다. 주로 기업의 자금 조달과 관련된 공시나 뉴스에서 해당 업무를 담당하는 금융기관의 역할을 나타내는 용어로 등장합니다.",미래에셋증권 증권용어사전,https://securities.miraeasset.com/hki/hki3028/r01.do
인수합병(M&A),[],공시/기업행위,"인수합병(M&A)은 기업이 다른 기업의 경영권을 확보하거나 두 개 이상의 기업이 하나로 합쳐지는 경영 활동을 의미합니다. '인수'는 한 기업이 다른 기업의 주식이나 자산을 사들여 경영권을 얻는 것이고, '합병'은 여러 기업이 법률적·실질적으로 하나의 기업이 되는 것입니다. 주로 기업 공시나 뉴스에서 기업의 규모를 키우거나 사업 영역을 확장할 때 자주 등장하는 용어입니다.",iM증권 금융용어사전,https://www.imfnsec.com/research/financial_guide/fg000000.jsp
인적분할,[],공시/기업행위,"인적분할은 기존 회사를 분할할 때 주주들이 기존 주식을 보유한 비율대로 신설 기업의 주식을 나눠 받는 방식입니다. 초기에는 기존 회사와 신설 기업의 주주 구성이 같지만, 이후 독립된 경영과 거래를 통해 주주 구성이 달라지며 각자 경제적으로 독립된 형태로 운영됩니다. 주로 기업의 구조 변화를 알리는 공시나 뉴스에서 사용되는 용어입니다.",KB증권 금융용어사전,https://www.kbsec.com/go.able?linkcd=m04110000
인터뱅크 시장(inter-bank market),[],채권/금리/환율,"인터뱅크 시장은 금융기관끼리 부족한 자금을 서로 빌려주거나 빌리는 단기 자금 시장을 의미합니다. 흔히 '콜 시장'이라 불리는 어음매매 시장을 포함하며, 금융기관 간의 자금 부족을 원활하게 해결하는 역할을 합니다. 주로 금리나 채권 관련 뉴스에서 시장의 자금 유동성 상황을 설명할 때 사용됩니다.",미래에셋증권 증권용어사전,https://securities.miraeasset.com/hki/hki3028/r01.do
인플레이션,[],거시경제,"인플레이션은 물가 수준이 지속적으로 상승하는 현상을 뜻합니다. 물가가 오르면 화폐의 구매력이 낮아져 주식 같은 금융자산의 선호도가 떨어질 수 있지만, 완만한 상승은 기업 실적 개선과 자산 가치 증대로 이어져 주가에 긍정적인 영향을 주기도 합니다. 물가 상승은 금리 인상과도 밀접한 관련이 있어 거시경제 뉴스나 리포트에서 주요 지표로 다뤄집니다.",KB증권 금융용어사전,https://www.kbsec.com/go.able?linkcd=m04110000
일괄매도,[],거래/주문/결제,"일괄매도는 계좌에 보유한 주식 전부를 한 번에 매도하는 주문 형태를 의미합니다. 주식 거래 화면에서 여러 종목을 동시에 정리할 때 주로 사용됩니다. 개별 종목을 일일이 매도하지 않고 한꺼번에 처리할 수 있는 편의성이 있지만, 종목별 시장 상황에 따라 체결 결과가 다를 수 있음을 유의해야 합니다.",KB증권 금융용어사전,https://www.kbsec.com/go.able?linkcd=m04110000
일괄취소,[],거래/주문/결제,일괄취소는 접수된 여러 주문을 한꺼번에 취소하는 주문 형태를 뜻합니다. 주식 거래 화면에서 아직 체결되지 않은 주문들을 한 번에 정리할 때 주로 사용됩니다.,KB증권 금융용어사전,https://www.kbsec.com/go.able?linkcd=m04110000
일목균형표,[],가격/차트,"일목균형표는 매수세와 매도세 사이의 균형을 한눈에 파악할 수 있도록 고안된 차트 지표입니다. 다섯 개의 지표 선을 활용해 주가 흐름을 예측하며, 주로 추세의 전환 시점이나 현재 추세의 강도를 확인하는 데 쓰입니다. 시장의 전반적인 흐름을 일목요연하게 보여주는 것이 특징입니다.",KB증권 금융용어사전,https://www.kbsec.com/go.able?linkcd=m04110000
일반공모,[],공시/기업행위,"일반공모는 증권의 인수인이 50인 이상의 불특정 다수에게 주식이나 채권을 공개적으로 매각하는 방식입니다. 특정 소수에게 발행하는 사모와 달리 공개적인 모집 과정을 거치며, 기업의 자금 조달 관련 공시나 뉴스에서 주로 쓰입니다. 일반공모 시에는 보통 기존 주주의 참여가 제한되는 경우가 많으므로 발행 조건을 확인해야 합니다.",KB증권 금융용어사전,https://www.kbsec.com/go.able?linkcd=m04110000
일반주문,[],거래/주문/결제,"일반주문은 주식 거래 시 가장 보편적으로 사용하는 주문 방식입니다. 특별한 부가 조건 없이 일반적인 절차에 따라 이용할 수 있는 주문 형태를 의미하며, 거래 화면에서 가장 기본이 되는 주문 유형입니다.",KB증권 금융용어사전,https://www.kbsec.com/go.able?linkcd=m04110000
일부해지,[],ETF/펀드,일부해지는 펀드(투자신탁) 계약의 효력을 일부 소멸시켜 설정 원본을 줄이는 것을 뜻합니다. 주로 운용사가 보유한 수익증권 범위 내에서 원본을 감소시켜 환매 자금을 원활하게 마련하기 위해 진행됩니다. 전부해지와 마찬가지로 수탁회사(은행 등)는 일부해지권을 가질 수 없습니다.,미래에셋증권 증권용어사전,https://securities.miraeasset.com/hki/hki3028/r01.do
일월효과(january effect),[],거시경제,"일월효과는 1월의 주가 상승률이 다른 달의 평균보다 상대적으로 높게 나타나는 현상을 뜻합니다. 주로 정부의 새로운 경제 정책 발표나 낙관적인 경제 전망, 연말연초의 풍부한 시장 자금 등이 원인으로 거론됩니다. 통계적으로 선진국보다 개발도상국에서 더 높게 나타나는 경향이 있으며, 과거 국내 시장에서도 관찰된 사례가 있습니다. 다만 매년 반드시 발생하는 현상은 아니므로 시장 상황에 따라 결과가 달라질 수 있습니다.",미래에셋증권 증권용어사전,https://securities.miraeasset.com/hki/hki3028/r01.do
일일정산 (daily marking to market),[],파생/구조화상품,"일일정산은 선물거래에서 매일의 최종가격을 기준으로 미결제 약정의 손익을 계산하여 증거금에 반영하는 제도입니다. 가격 변동에 따른 손실이 담보 범위를 넘지 않도록 관리하기 위해 시행하며, 실질적으로 매일 결제가 이루어지는 것과 같은 효과를 냅니다. 이 과정에서 손실액이 커져 증거금이 일정 수준 미만으로 떨어지면 추가로 증거금을 채워 넣어야 할 수도 있습니다.",미래에셋증권 증권용어사전,https://securities.miraeasset.com/hki/hki3028/r01.do
일임매매 거래의 제한,[],거래/주문/결제,"일임매매 거래의 제한은 증권사가 고객으로부터 매매 결정을 위임받아 거래할 때 적용되는 일정한 제약 사항을 말합니다. 증권사는 수량, 가격, 매매 시기에 한해서만 결정을 위임받을 수 있으며, 종목이나 매매 방법 등은 고객이 직접 결정해야 합니다. 약정 기간과 종목 수(5개 이내)에 제한이 있고, 고객 동의를 얻어 지점 임직원 중 관리자를 지명해야 하는 등 정해진 수탁계약 준칙을 따라야 합니다.",미래에셋증권 증권용어사전,https://securities.miraeasset.com/hki/hki3028/r01.do
임팩트 론(impact loan),[],채권/금리/환율,"임팩트 론은 자금의 용도나 구매처에 특별한 제한을 두지 않고 빌려주는 차관 또는 대출을 말합니다. 자금을 빌려주는 국가의 상품이나 서비스를 구매해야 한다는 조건이 붙는 '타이드 론'과 대비되는 개념입니다. 차입자가 자금의 사용처를 비교적 자유롭게 결정할 수 있다는 특징이 있으며, 주로 국제 금융 시장이나 기업의 외화 차입 관련 뉴스에서 언급됩니다.",미래에셋증권 증권용어사전,https://securities.miraeasset.com/hki/hki3028/r01.do
입고,[],거래/주문/결제,입고는 주식 실물 증권을 증권회사를 통해 증권예탁원에 맡기는 것을 의미합니다. 주식 시장에서 대체 결제를 진행하기 위한 절차 중 하나로 쓰입니다. 최근에는 실물 증권을 직접 주고받는 번거로움을 줄이기 위해 전자증권 제도가 보편화되고 있는 추세입니다.,KB증권 금융용어사전,https://www.kbsec.com/go.able?linkcd=m04110000
입고예정매도,[],거래/주문/결제,"입고예정매도는 유상증자, 무상증자, 주식배당 등의 권리행사로 취득할 주식을 상장되기 전에 미리 매도하는 것을 뜻합니다. 추가상장일(매매개시일) 2일 전부터 매도가 가능합니다. 실제 주식이 계좌에 들어오기 전이라도 확정된 권리를 바탕으로 미리 거래할 때 사용하는 용어입니다.",KB증권 금융용어사전,https://www.kbsec.com/go.able?linkcd=m04110000
입회,[],거래/주문/결제,"입회는 거래소에서 회원들이 모여 주식 등을 사고파는 행위를 뜻합니다. 매매가 이루어지는 장소를 입회소, 그곳에서 매매를 수행하는 증권사 직원을 입회인이라고 합니다. 하루 거래 시간은 크게 오전 시간인 전장과 오후 시간인 후장으로 구분됩니다.",미래에셋증권 증권용어사전,https://securities.miraeasset.com/hki/hki3028/r01.do
잉여금(surplus),[],재무/회계,"잉여금은 기업의 자기자본 중 자본금을 초과하는 금액을 뜻합니다. 재무제표에서 기업이 보유한 자산 중 자본금을 제외하고 남은 여유 자금을 나타낼 때 사용합니다. 잉여금의 규모는 기업의 재무 상태를 파악하는 지표 중 하나로 활용되지만, 구체적인 발생 원인에 따라 성격이 다를 수 있습니다.",미래에셋증권 증권용어사전,https://securities.miraeasset.com/hki/hki3028/r01.do
자금순환표,[],거시경제,"자금순환표는 경제 내에서 자금이 어떤 경로를 통해 어디로 흘러갔는지를 기록한 통계표입니다. 한국은행이 금융, 정부, 법인, 개인, 해외 등 5개 부문으로 나누어 작성하며, 각 부문에서 자금이 얼마나 남거나 부족한지를 보여줍니다. 이를 통해 실물경제의 흐름과 금융활동 사이의 관계를 분석하는 지표로 활용됩니다.",미래에셋증권 증권용어사전,https://securities.miraeasset.com/hki/hki3028/r01.do
자금운용표(application of funds statement),[],재무/회계,"자금운용표는 일정 기간 동안 기업 자본이 어떻게 변했는지 자금의 원천과 용도별로 나누어 보여주는 표입니다. 기업이 자금을 어디서 조달했고, 그 자금을 어디에 사용했는지 파악할 때 활용합니다. 재무제표 분석 시 기업의 자금 흐름을 구체적으로 확인하는 용도로 쓰입니다.",미래에셋증권 증권용어사전,https://securities.miraeasset.com/hki/hki3028/r01.do
자기 매매,[],거래/주문/결제,"자기 매매는 증권회사가 고객의 주문을 대행하는 것이 아니라, 회사의 자본을 직접 투입하여 유가증권을 사고파는 것을 뜻합니다. 이를 딜러 업무라고도 하며, 증권회사가 시장에서 직접 거래의 주체가 되어 매매를 수행하는 것을 의미합니다.",미래에셋증권 증권용어사전,https://securities.miraeasset.com/hki/hki3028/r01.do
자기 신용,[],거래/주문/결제,"자기 신용은 증권사가 고객의 신용거래 주문을 처리할 때, 외부 기관의 도움 없이 자신의 자금이나 주식을 직접 빌려주는 것을 뜻합니다. 매수 주문 시에는 자금을, 매도 주문 시에는 주식을 증권사가 보유한 범위 내에서 융통해 주는 방식입니다. 증권금융에 의존하지 않고 증권사 자체 자원으로 지원한다는 점이 특징입니다.",미래에셋증권 증권용어사전,https://securities.miraeasset.com/hki/hki3028/r01.do
자기자본,[],재무/회계,"자기자본은 기업의 자본 중 자본금, 법정준비금, 잉여금 등을 합친 것을 말합니다. 사채나 차입금 같은 타인자본과 대비되는 개념으로, 기업 경영의 건전성을 판단하는 지표로 활용됩니다. 재무제표를 통해 기업이 스스로 보유한 자본이 얼마나 충실한지 확인할 때 주로 사용합니다.",미래에셋증권 증권용어사전,https://securities.miraeasset.com/hki/hki3028/r01.do
자기자본 비율,[],재무/회계,"자기자본 비율은 기업의 총자본(자기자본+타인자본) 중에서 자기자본이 차지하는 비중을 나타내는 지표입니다. 기업의 자본 구성을 보여주며, 재무제표를 통해 기업의 재무 건전성을 파악할 때 주로 활용됩니다. 일반적으로 이 비율이 높을수록 재무 상태가 양호하다고 평가하지만, 업종이나 경영 환경에 따라 적정 수준은 다를 수 있습니다.",미래에셋증권 증권용어사전,https://securities.miraeasset.com/hki/hki3028/r01.do
자기자본회전율(turnover of net worth),[],투자지표/밸류에이션,"자기자본회전율은 기업이 보유한 자기자본을 얼마나 효율적으로 사용하여 매출을 올렸는지 나타내는 지표입니다. 순매출액을 자기자본으로 나누어 계산하며, 일정 기간 동안 자기자본이 몇 번 회전했는지를 통해 자본의 활용도를 측정합니다. 일반적으로 비율이 높을수록 자본 활용이 활발하고 수익성 개선 가능성이 있다고 보지만, 비율이 지나치게 높을 경우 자기자본이 부족하거나 외상매출이 과다한 상태일 수 있습니다. 따라서 절대적인 기준보다는 해당 기업의 과거 기록이나 동종 업계 평균과 비교하여 판단하는 것이 적절합니다.",미래에셋증권 증권용어사전,https://securities.miraeasset.com/hki/hki3028/r01.do
자동이체식증권(pass-through security),[],채권/금리/환율,"자동이체식증권은 대출기관이 확보한 주택담보대출(모기지) 채권들을 비슷한 조건끼리 묶어 이를 담보로 발행한 유가증권입니다. 기초가 되는 대출 집합에서 발생하는 이자와 원금 상환액이 증권 보유자에게 지분만큼 자동으로 전달(이체)되는 구조를 가집니다. 채권 관련 리포트나 금융 상품 설명에서 주로 쓰이며, 대출자의 중도 상환 여부에 따라 현금 흐름이 달라질 수 있다는 특징이 있습니다.",미래에셋증권 증권용어사전,https://securities.miraeasset.com/hki/hki3028/r01.do
자본(capital stock),[],재무/회계,"자본은 기업의 총자산에서 부채를 차감한 잔여지분으로, 소유주 지분 또는 주주지분이라고도 합니다. 재무제표에서 기업의 순자산 가치를 나타내는 항목이며, 기업의 재무 상태를 파악하는 기초가 됩니다.",미래에셋증권 증권용어사전,https://securities.miraeasset.com/hki/hki3028/r01.do
자본구조(capital structure),[],재무/회계,"자본구조는 기업이 보유한 전체 자본 중 주주의 몫인 자기자본과 채권자로부터 빌린 타인자본이 각각 어느 정도의 비중을 차지하는지를 나타냅니다. 재무제표에서 기업의 자금 조달 현황과 재무 건전성을 파악할 때 주로 확인하는 지표입니다. 타인자본에는 장단기 차입금, 사채, 외상매입금 등이 포함되며, 기업의 경영 상황에 따라 이들의 구성 비율은 달라질 수 있습니다.",미래에셋증권 증권용어사전,https://securities.miraeasset.com/hki/hki3028/r01.do
자본금,[],재무/회계,"자본금은 회사를 설립하기 위해 발행한 초기 자금을 의미합니다. 재무제표나 공시에서 기업의 규모를 파악하는 기초 지표로 활용됩니다. 발행 주식 수에 주당 액면 금액을 곱해 계산하며, 증자나 감자 같은 특정한 절차를 거쳐야만 금액이 변동됩니다. 액면분할의 경우 주식 수만 늘어날 뿐 자본금 자체는 변하지 않는다는 특징이 있습니다.",KB증권 금융용어사전,https://www.kbsec.com/go.able?linkcd=m04110000
자본금이익률(profit ratio of paid-in capital),[],투자지표/밸류에이션,"자본금이익률은 기업의 납입자본금 대비 순이익이 어느 정도인지를 나타내는 지표입니다. (연간 세후 순이익 / 평균 납입자본금) × 100으로 계산하며, 자본금의 수익성을 측정하는 데 쓰입니다. 재무제표 분석 시 이 비율이 높을수록 자본금 대비 수익성이 양호하다고 평가하며, 주주에게 지급할 배당 수준을 가늠하거나 기업의 이익 처분 방향을 파악하는 참고 자료로 활용됩니다.",미래에셋증권 증권용어사전,https://securities.miraeasset.com/hki/hki3028/r01.do
자본손실(capital loss),[],재무/회계,"자본손실은 기업이 보유한 고정자산과 같은 자본적 자산을 매각할 때, 매각 금액이 장부상 가액보다 적어 발생하는 손실을 뜻합니다. 주로 재무제표나 공시에서 기업의 자산 처분 결과를 설명할 때 사용됩니다. 자본손실의 발생은 자산을 장부 가격보다 낮은 가격에 팔았음을 의미하며, 이는 기업의 실적에 반영될 수 있습니다.",미래에셋증권 증권용어사전,https://securities.miraeasset.com/hki/hki3028/r01.do
자본수지,[],거시경제,"자본수지는 정부와 민간이 해외와 자금을 거래하며 발생하는 외화의 유출입 차이를 의미합니다. 상품이나 서비스 거래를 다루는 경상수지와 대비되는 개념으로, 외화의 유입이 유출보다 많으면 흑자로 기록됩니다. 자본거래가 발생한 때부터 상환까지의 기간이 1년을 초과하는지에 따라 장기자본수지와 단기자본수지로 구분하기도 합니다.",미래에셋증권 증권용어사전,https://securities.miraeasset.com/hki/hki3028/r01.do
자본시장선(capital market line),[],투자지표/밸류에이션,"자본시장선은 주식 같은 위험자산과 국공채 같은 무위험자산을 함께 투자할 때, 효율적인 포트폴리오의 기대수익과 위험 사이의 선형 관계를 나타내는 선입니다. 위험자산만으로 포트폴리오를 구성할 때보다 무위험자산을 포함할 때 더 효율적인 투자가 가능하다는 점을 보여줍니다. 시장이 균형 상태일 때 투자자가 감수하는 위험에 따라 어느 정도의 수익을 기대할 수 있는지 설명하는 지표로 쓰입니다.",미래에셋증권 증권용어사전,https://securities.miraeasset.com/hki/hki3028/r01.do
자본잠식,[],시장/상장,"자본잠식은 회사의 적자가 누적되어 원래 가지고 있던 자본금까지 줄어드는 상태를 뜻합니다. 주로 재무제표나 공시를 통해 기업의 재무 건전성을 확인할 때 쓰이는 용어입니다. 자본잠식률이 50% 이상이면 관리종목 지정 사유가 될 수 있고, 100%에 달하면 상장폐지 사유가 될 수 있으므로 기업의 재무 상태를 파악할 때 중요하게 다뤄집니다.",KB증권 금융용어사전,https://www.kbsec.com/go.able?linkcd=m04110000
자본준비금(capital reserve),[],재무/회계,"자본준비금은 주식 발행 초과금(주식프리미엄), 감자차익, 합병차익 등을 적립한 자본잉여금의 일종입니다. 재무제표에서 확인할 수 있으며, 원칙적으로 자본전입이나 회사의 결손을 보전하는 용도로만 사용하도록 정해져 있습니다.",미래에셋증권 증권용어사전,https://securities.miraeasset.com/hki/hki3028/r01.do
자본증권,[],주식 기초,"자본증권은 증권시장에서 거래되는 유가증권을 통칭하는 말로 주식, 채권, 수익증권 등이 포함됩니다. 투자자가 자금을 제공한 대가로 받는 권리가 표시된 증서를 의미하며, 시장에서 거래되는 다양한 금융 상품을 아우르는 개념으로 쓰입니다.",미래에셋증권 증권용어사전,https://securities.miraeasset.com/hki/hki3028/r01.do
자본코스트(capital reserve),[],재무/회계,"자본코스트는 기업이 자본을 조달하고 이용하기 위해 부담하는 모든 비용을 의미합니다. 자본 제공자에게 지급하는 이자나 배당 같은 직접적인 비용뿐만 아니라, 계약서 작성비, 사채 발행 수수료, 주식 발행비, 법인세 등 자본 조달 과정에서 발생하는 부수적인 비용이 모두 포함됩니다. 주로 기업의 재무 구조나 자금 조달 효율성을 분석하는 리포트 등에서 사용됩니다.",미래에셋증권 증권용어사전,https://securities.miraeasset.com/hki/hki3028/r01.do
자사주,[],공시/기업행위,"자사주는 회사가 이미 발행한 자기 회사의 주식을 직접 취득하여 보유하는 것을 말합니다. 주주 평등의 원칙을 지키고 자본의 충실함을 유지하기 위해 취득이 제한되기도 하지만, 주식 소각이나 합병, 주주의 매수 청구 등 예외적인 상황에서는 허용됩니다. 기업의 공시나 재무 관련 소식에서 자주 등장하며, 회사가 어떤 목적으로 자사주를 취득하거나 활용하는지 확인하는 것이 중요합니다.",미래에셋증권 증권용어사전,https://securities.miraeasset.com/hki/hki3028/r01.do
자사주 펀드,[],ETF/펀드,"자사주 펀드는 자기 주식을 매입하려는 상장 기업이 투자신탁회사에 자금을 맡겨 해당 기업의 주식을 매입하고 운용하도록 하는 투자신탁입니다. 기업이 자사주를 취득하는 간접적인 방법으로 활용되며, 주로 우량 상장 법인을 대상으로 합니다. 신탁 기간은 5년, 최저 가입금은 2억원이며 주식 운용 비율은 90% 수준입니다. 동일 종목 투자 한도가 일반 펀드보다 높은 20%(국민주는 30%)까지 허용되지만, 매입 후 1년간 중도 환매가 불가능한 것처럼 구체적인 가입 및 환매 제한 조건이 있습니다.",미래에셋증권 증권용어사전,https://securities.miraeasset.com/hki/hki3028/r01.do
자산,[],재무/회계,"자산은 기업이 경영 활동을 위해 보유한 화폐성 및 비화폐성 자원을 통틀어 일컫는 말입니다. 미래 경영에 기여할 수 있는 잠재적 가치를 지닌 항목들을 포함하며, 재무제표에서 유동자산, 고정자산, 유형자산, 무형자산 등으로 분류됩니다. 자산 규모의 증가는 기업의 성장이나 규모 확대를 나타내는 지표로 활용되기도 합니다.",KB증권 금융용어사전,https://www.kbsec.com/go.able?linkcd=m04110000
자산가치(asset value),[],투자지표/밸류에이션,"자산가치는 기업의 순자산을 총발행주식수로 나누어 계산한 1주당 가치를 의미합니다. 주로 상장되지 않은 주식의 가치를 평가할 때 중요한 척도로 쓰이며, 기업이 영업을 중단하고 자산을 모두 처분한다고 가정했을 때의 청산가치를 추정하는 기준으로 활용됩니다.",미래에셋증권 증권용어사전,https://securities.miraeasset.com/hki/hki3028/r01.do
자산결제(asset settlement),[],거시경제,"자산결제는 국제수지의 불균형을 금, SDR(특별인출권), 외화와 같은 준비자산으로 직접 결제하는 방식입니다. 일반적으로 국가 간 거래에서 적자가 발생하면 자산을 상대국에 넘겨주고 흑자가 나면 자산을 받아오는 과정을 거칩니다. 기축통화국인 미국이 자산 대신 자국 통화(부채)로 결제하여 발생하는 통화 체제의 불안정을 막기 위해, 미국도 자산으로 결제하도록 강제하려는 논의를 포함합니다.",미래에셋증권 증권용어사전,https://securities.miraeasset.com/hki/hki3028/r01.do
자산손실률과 채권손실률,[],재무/회계,"자산손실률과 채권손실률은 기업의 자산을 실제로 조사했을 때 장부상 수치와 얼마나 차이가 나는지 나타내는 지표입니다. 자산손실률은 장부상 자산이 실사 후 얼마나 줄었는지를 비율로 나타내며, 채권손실률은 자산을 초과하는 부채가 전체 부채에서 차지하는 비중을 의미합니다. 주로 재무제표의 신뢰성을 검토하거나 기업의 실제 부채 상환 능력을 파악하는 맥락에서 활용됩니다.",미래에셋증권 증권용어사전,https://securities.miraeasset.com/hki/hki3028/r01.do
자산시장접근법(asset approach to exchange rate),[],채권/금리/환율,"자산시장접근법은 환율이 국가 간 자산 보유량(스톡)의 균형을 맞추는 과정에서 결정된다고 보는 현대적 환율결정이론입니다. 상품이나 서비스의 거래 흐름을 중시하던 전통적인 방식과 달리, 자본의 이동과 자산 선택을 핵심 요인으로 봅니다. 자본의 성격에 따라 통화론적 접근법과 포트폴리오 밸런스 접근법으로 구분하며, 투자자들이 기대수익률에 따라 자산을 배분하는 과정이 환율에 영향을 준다고 설명합니다.",미래에셋증권 증권용어사전,https://securities.miraeasset.com/hki/hki3028/r01.do
자산운용(invested asset),[],재무/회계,"자산운용은 보험회사가 보유한 자산 중 수익을 얻을 수 있는 능력을 갖춘 자산을 뜻합니다. 보험업권에서 주로 사용하는 개념으로, 현금 및 예금, 주식·채권 등의 유가증권, 대출금, 부동산 등이 여기에 해당합니다. 보험사의 수익 창출 능력을 파악하는 재무제표나 관련 공시 등에서 확인할 수 있습니다.",미래에셋증권 증권용어사전,https://securities.miraeasset.com/hki/hki3028/r01.do
자산운용사,[],ETF/펀드,"자산운용사는 고객으로부터 모은 자금을 주식, 채권, 부동산 등에 투자하고 운용하는 회사입니다. 주로 ETF나 펀드 상품을 만들고 관리하는 주체로, 투자자를 대신해 자산을 운용하는 역할을 합니다. 운용 방식이나 시장 상황에 따라 성과가 달라질 수 있습니다.",iM증권 금융용어사전,https://www.imfnsec.com/research/financial_guide/fg000000.jsp
자산유동화증권(ABS),[],파생/구조화상품,"자산유동화증권(ABS)은 기업이나 금융기관이 보유한 매출채권, 대출금, 부동산 등의 특정 자산을 담보로 발행하는 증권입니다. 기업이 보유한 자산을 현금화하여 자금을 조달하는 수단으로 주로 활용하며, 공시나 리포트에서 기업의 재무 상태를 파악할 때 언급됩니다. 담보로 사용된 자산의 종류에 따라 증권의 성격이 달라질 수 있습니다.",iM증권 금융용어사전,https://www.imfnsec.com/research/financial_guide/fg000000.jsp
자산재평가(asset revaluation),[],공시/기업행위,"자산재평가는 기업이 보유한 고정자산의 장부 가격을 현재 시장 가격에 맞춰 다시 평가하는 절차입니다. 물가 상승 등으로 인해 장부상 가치와 실제 가치의 차이가 커졌을 때, 이를 현실화하여 재무제표에 반영하기 위해 시행합니다. 공시나 재무제표에서 기업의 자산 구조를 파악할 때 중요한 정보가 되며, 감가상각비나 세금 부담 등 재무 상태에 영향을 줄 수 있습니다.",미래에셋증권 증권용어사전,https://securities.miraeasset.com/hki/hki3028/r01.do
자산재평가적립금(revaluation surplus reserve),[],재무/회계,"자산재평가적립금은 기업이 보유한 고정자산을 현재 가치로 다시 평가하여 발생한 평가이익을 쌓아둔 항목입니다. 물가 상승 등으로 인해 장부상 가격이 실제 가치보다 낮아진 경우, 이를 현실화하여 기업의 재무 건전성을 높이기 위해 활용합니다. 이 적립금은 자본 전입이나 결손금 보전 등 법령에서 정한 특정한 용도로만 사용할 수 있습니다.",미래에셋증권 증권용어사전,https://securities.miraeasset.com/hki/hki3028/r01.do
자산주,[],투자지표/밸류에이션,"자산주는 실적이 안정적이고 배당 변동이 적어 장기적으로 보유하기에 적합한 성격의 주식을 뜻합니다. 주가가 투기적으로 크게 움직이지 않는 특징이 있으며, 주가 상승에 따른 시세 차익보다는 꾸준한 배당 수익을 목적으로 하는 주식을 일컫기도 합니다.",미래에셋증권 증권용어사전,https://securities.miraeasset.com/hki/hki3028/r01.do
자원관련주,[],주식 기초,"자원관련주는 석유, 석탄, 광물 등 자원 개발과 관련된 사업을 하는 기업의 주식을 뜻합니다. 뉴스나 리포트에서 원자재 가격 변동이나 에너지 수급 이슈가 발생할 때 주로 언급됩니다. 석유나 석탄, 비금속광물 외에도 수산업이나 목재 관련 기업이 포함되기도 합니다.",미래에셋증권 증권용어사전,https://securities.miraeasset.com/hki/hki3028/r01.do
자율 조정,[],가격/차트,"자율 조정은 주가가 급격하게 변동한 뒤 단기적으로 그 반대 방향으로 움직이는 현상을 뜻합니다. 주가가 급격히 하락할 때 일시적으로 반등하거나, 급격히 상승할 때 일시적으로 하락하는 식의 반작용을 의미합니다. 주로 차트 분석이나 시황 뉴스에서 주가의 일시적인 흐름 변화를 설명할 때 사용하며, 이전 변동폭의 일정 부분만큼 되돌림이 나타나는 경향이 있습니다.",미래에셋증권 증권용어사전,https://securities.miraeasset.com/hki/hki3028/r01.do
자익권,[],배당/주주환원,"자익권은 주주가 기업으로부터 경제적 이익을 얻기 위해 가지는 권리를 뜻합니다. 이익배당청구권, 잔여재산배분청구권, 신주인수권, 주권교부 청구권 등이 여기에 해당합니다. 주로 배당이나 기업의 재산 분배 등 주주의 재산권과 관련된 공시나 리포트에서 사용되는 용어입니다.",미래에셋증권 증권용어사전,https://securities.miraeasset.com/hki/hki3028/r01.do
자전거래(cross trading),[],거래/주문/결제,"자전거래는 동일한 거래자가 같은 주식을 같은 가격과 수량으로 매도와 매수 주문을 동시에 내어 거래를 체결시키는 방식입니다. 주로 대량의 주식을 옮겨야 할 때 활용되며, 주식 시장의 거래 화면이나 뉴스에서 거래량이 급증하는 원인 중 하나로 언급됩니다. 거래 목적에 따라 해석이 달라질 수 있으므로 단순히 거래 수치만으로 판단하지 않도록 주의해야 합니다.",미래에셋증권 증권용어사전,https://securities.miraeasset.com/hki/hki3028/r01.do
잔량,[],거래/주문/결제,"잔량은 주식 시장에서 매수 또는 매도 주문이 제출되었으나 아직 거래가 체결되지 않고 남아 있는 수량을 의미합니다. 주로 호가창에서 특정 가격대에 대기 중인 물량을 확인할 때 사용하며, 시장의 실시간 수급 상황을 파악하는 지표가 됩니다.",KB증권 금융용어사전,https://www.kbsec.com/go.able?linkcd=m04110000
잔여 재산 분배 청구권,[],공시/기업행위,"잔여 재산 분배 청구권은 기업이 파산했을 때 부채를 모두 갚고 남은 재산에 대해 분배를 요구할 수 있는 권리입니다. 기업의 해산이나 청산 관련 공시에서 주로 쓰이는 용어입니다. 재산 분배 시에는 사채가 주식보다 우선하며, 주식 사이에서도 우선주 등 권리가 부여된 순서에 따라 차례대로 배분이 이루어집니다.",미래에셋증권 증권용어사전,https://securities.miraeasset.com/hki/hki3028/r01.do
잔존 만기,[],채권/금리/환율,"잔존 만기는 현재 시점부터 만기일까지 남은 기간을 뜻합니다. 주로 채권이나 금융 상품의 계약 기간이 얼마나 남았는지 나타낼 때 사용하며, 상품의 만기 시점을 확인하는 기준이 됩니다.",KB증권 금융용어사전,https://www.kbsec.com/go.able?linkcd=m04110000
잔존원본,[],ETF/펀드,"잔존원본은 이미 운용 중인 투자신탁(펀드)의 기금이 현재 어느 정도 규모인지를 나타내는 수치입니다. 유니트형은 최초 설정액에서 해약액을 뺀 금액을, 오픈형은 최초 설정액에 추가 설정액을 더하고 해약액을 뺀 금액을 의미합니다. 펀드의 운용 규모를 파악하는 지표로 활용됩니다.",미래에셋증권 증권용어사전,https://securities.miraeasset.com/hki/hki3028/r01.do
잠재 GNP(potential GNP),[],거시경제,"잠재 GNP는 노동, 자본 등의 생산요소를 완전히 고용했을 때 달성할 수 있는 최대 GNP를 뜻합니다. 인플레이션을 가속화하지 않으면서 달성 가능한 수준으로, 자연실업률 상태에서의 GNP라고도 정의합니다. 거시경제 뉴스나 리포트에서 실제 GNP와 비교하여 경제의 성장 여력을 설명할 때 주로 사용됩니다.",미래에셋증권 증권용어사전,https://securities.miraeasset.com/hki/hki3028/r01.do
장기 및 단기 채권,[],채권/금리/환율,"장기 및 단기 채권은 만기 기간에 따라 채권을 구분한 용어입니다. 만기가 돌아오는 기간이 긴 채권을 장기 채권, 짧은 채권을 단기 채권이라 부릅니다. 주로 금리 추이나 경기 전망을 다루는 뉴스 및 리포트에서 시장 상황을 설명하기 위해 채권을 기간별로 나누어 표현할 때 사용합니다.",KB증권 금융용어사전,https://www.kbsec.com/go.able?linkcd=m04110000
장내파생상품,[],파생/구조화상품,"장내파생상품은 한국거래소나 해외 파생상품시장에서 정해진 규칙에 따라 거래되는 파생상품을 뜻합니다. 법률에 따라 특정 해외 시장에서 이루어지는 금속, 귀금속, 에너지, 외국환 거래 등도 장내파생상품의 범주에 포함될 수 있습니다. 주로 투자 보고서나 상품 설명에서 거래가 이루어지는 시장의 성격과 규제 대상을 구분할 때 쓰이는 용어입니다.",iM증권 금융용어사전,https://www.imfnsec.com/research/financial_guide/fg000000.jsp
장외 파생금융상품,[],파생/구조화상품,"장외 파생금융상품은 거래소를 통하지 않고 거래 당사자 간의 직접적인 협의를 통해 거래되는 파생상품입니다. 표준화된 거래소 시장 밖에서 이루어지며, 금리스왑이나 선물금리계약 등이 대표적인 사례입니다. 거래 상대방과 직접 계약을 맺는 특성상 계약 조건이 유연할 수 있다는 특징이 있습니다.",미래에셋증권 증권용어사전,https://securities.miraeasset.com/hki/hki3028/r01.do
장외시장,[],시장/상장,장외시장은 정규 거래소 밖에서 주식이나 파생상품 등의 거래가 이루어지는 시장을 뜻합니다. 상장되지 않은 주식을 거래하거나 거래소의 표준화된 절차를 거치지 않는 거래가 이 시장에서 발생합니다. 거래 방식이나 정보 공개 수준이 정규 시장과 다를 수 있다는 점이 특징입니다.,iM증권 금융용어사전,https://www.imfnsec.com/research/financial_guide/fg000000.jsp
장외시장(OTC; over-the-counter market),[],시장/상장,"장외시장은 거래소라는 정해진 장소 밖에서 유가증권 거래가 이루어지는 시장을 뜻합니다. 상장 주식뿐만 아니라 비상장 주식도 거래 대상이 되며, 거래소의 집중된 방식과 달리 매수자와 매도자가 직접 조건을 협의해 거래하는 상대 매매의 성격을 띱니다. 주로 증권사 창구에서 이루어지는 점두매매나 당사자 간 직접 매매 형태로 나타나며, 국내에서는 거래소 시장 집중 원칙에 따라 제한된 범위 내에서 인정되고 있습니다.",미래에셋증권 증권용어사전,https://securities.miraeasset.com/hki/hki3028/r01.do
장외전자거래시장 (ECN (Electronic Communi-cation Network)),[],시장/상장,"장외전자거래시장(ECN)은 기존 증권거래소와는 별개로 자체적인 체결 원칙에 따라 전자 방식으로 주식을 매매하는 시스템입니다. 투자자의 주문을 직접 받아 중개하고 체결하는 일종의 사이버 증권거래소 역할을 합니다. 초기에는 주로 기관 투자자 간의 대량 거래에 활용되었으나, 점차 일반 투자자들도 이용할 수 있도록 서비스 범위가 확대되는 추세입니다.",미래에셋증권 증권용어사전,https://securities.miraeasset.com/hki/hki3028/r01.do
장외파생상품,[],파생/구조화상품,장외파생상품은 정규 거래소에서 거래되는 장내파생상품이 아닌 모든 파생상품을 뜻합니다. 거래소라는 중개 기관 없이 당사자 간에 직접 조건을 정해 거래하는 특성이 있습니다. 주로 금융기관의 공시나 리포트에서 복잡한 구조의 상품을 설명할 때 등장합니다.,iM증권 금융용어사전,https://www.imfnsec.com/research/financial_guide/fg000000.jsp
재간접펀드(Fund of Funds),[],ETF/펀드,재간접펀드는 자산총액의 40% 이상(또는 연평균 60% 이상)을 다른 펀드에 투자하는 펀드입니다. 직접 주식이나 채권을 매수하는 대신 다른 집합투자기구가 발행한 집합투자증권을 담아 운용하는 형태를 말합니다. 주로 펀드나 ETF의 투자 대상을 설명하는 공시 및 상품 정보 화면에서 확인할 수 있습니다.,iM증권 금융용어사전,https://www.imfnsec.com/research/financial_guide/fg000000.jsp
재고순환(inventory cycle),[],거시경제,"재고순환은 기업의 재고투자가 늘어나고 줄어드는 순환적인 변동을 의미합니다. 재고투자의 변화가 전체 경기 흐름에 큰 영향을 미치기 때문에, 재고투자를 주요 원인으로 발생하는 경기순환을 뜻하기도 합니다. 주로 거시경제 리포트에서 경기 국면의 변화를 설명할 때 사용됩니다.",미래에셋증권 증권용어사전,https://securities.miraeasset.com/hki/hki3028/r01.do
재고자산(inventories),[],재무/회계,"재고자산은 기업이 판매를 목적으로 보유하거나, 판매할 제품을 생산하는 과정에 있는 자산을 뜻합니다. 재무제표에서 기업의 영업 활동 상태를 보여주는 주요 항목으로 쓰입니다. 재고자산의 증감은 업황이나 기업의 생산 전략에 따라 다르게 해석될 수 있으므로 단순히 양의 변화만으로 좋고 나쁨을 단정하기 어렵습니다.",미래에셋증권 증권용어사전,https://securities.miraeasset.com/hki/hki3028/r01.do
재고자산회전율(inventory turnover ration) (nventory turnover ration),[],재무/회계,"재고자산회전율은 연간 매출액을 평균재고자산으로 나눈 지표로, 재고자산이 매출로 이어지는 속도를 나타냅니다. 재무제표 분석 시 기업의 재고 수준이 적정한지 판단하는 데 활용됩니다. 일반적으로 이 비율이 높을수록 자본 효율성이 좋아지고 보관 비용 등을 줄일 수 있어 유리하게 평가하지만, 지나치게 높을 경우 재고 부족으로 인해 생산이나 판매 활동에 차질이 생길 가능성도 함께 고려해야 합니다.",미래에셋증권 증권용어사전,https://securities.miraeasset.com/hki/hki3028/r01.do
재공품회전율(goods in process turnover ratio),[],투자지표/밸류에이션,"재공품회전율은 생산 과정에 있는 재공품이 일정 기간 동안 몇 번이나 완제품으로 전환되었는지를 나타내는 지표입니다. 재무제표 분석 시 제조 공정의 효율성을 파악하기 위해 제품회전율의 보조 지표로 활용됩니다. 일반적으로 비율이 높을수록 생산 단계에서의 자본 회전이 원활하다고 보지만, 절대적인 기준은 없으므로 동일 업종의 평균치와 비교하여 해석하는 것이 좋습니다.",미래에셋증권 증권용어사전,https://securities.miraeasset.com/hki/hki3028/r01.do
재귀성이론(refexity theory),[],거시경제,"재귀성이론은 시장이 자동안정장치에 의해 끊임없이 균형을 이루기보다, 극한의 상황에 이른 뒤에야 다시 안정으로 돌아온다는 이론입니다. 시장이 항상 일정한 범위 내에서만 움직이는 것이 아니라 변동성이 커지며 극단적인 상태에 도달할 수 있음을 설명할 때 쓰입니다. 주로 거시경제 분석이나 시장의 흐름을 다루는 리포트 등에서 시장의 움직임을 설명하는 관점으로 활용됩니다.",미래에셋증권 증권용어사전,https://securities.miraeasset.com/hki/hki3028/r01.do
재무관리(financial management),[],재무/회계,"재무관리는 기업이 이윤을 극대화하기 위해 자금을 조달하고 운용하는 등 내부의 재무 사항을 관리하는 것을 말합니다. 기업이 필요한 자금을 어떻게 마련하고 어디에 사용할지 결정하는 전반적인 과정을 포함하며, 주로 기업의 경영 상태를 설명하는 보고서나 재무 관련 지표를 다룰 때 언급됩니다.",미래에셋증권 증권용어사전,https://securities.miraeasset.com/hki/hki3028/r01.do
재무레버리지(financial leverage),[],재무/회계,"재무레버리지는 기업이 자산을 마련하기 위해 빌린 돈(타인자본)을 얼마나 사용하고 있는지를 나타냅니다. 빌린 돈을 쓰면 이자를 내야 하므로, 영업이익이 변할 때 주주 몫인 순이익이 그보다 더 크게 변하는 '재무레버리지 효과'가 발생합니다. 재무제표나 리포트에서 기업의 이익 변동성을 분석할 때 활용하며, 영업이익 변화율 대비 주당이익 변화율로 그 크기를 측정합니다.",미래에셋증권 증권용어사전,https://securities.miraeasset.com/hki/hki3028/r01.do
재무비율(financial ratio),[],투자지표/밸류에이션,"재무비율은 재무제표(대차대조표, 손익계산서)의 여러 항목을 서로 비교하여 산출한 수치입니다. 주로 기업의 유동성, 레버리지, 활동성, 수익성이라는 네 가지 관점에서 기업의 재무 상태와 경영 성과를 분석할 때 활용합니다. 재무제표 분석이나 리포트에서 기업의 건전성과 효율성을 파악하는 기초 자료로 쓰입니다.",미래에셋증권 증권용어사전,https://securities.miraeasset.com/hki/hki3028/r01.do
재무위험(financial risk),[],재무/회계,재무위험은 기업이 자금을 조달하는 과정에서 부채를 사용함에 따라 발생하는 위험을 뜻합니다. 부채의 원금 상환 부담이나 이익 배분의 불확실성 등 자본 구조와 관련된 리스크를 포괄합니다. 주로 재무제표나 리포트에서 기업의 부채 수준과 상환 능력을 바탕으로 안정성을 평가할 때 언급됩니다.,미래에셋증권 증권용어사전,https://securities.miraeasset.com/hki/hki3028/r01.do
재무제표(financial statement),[],재무/회계,"재무제표는 기업의 재무 활동을 요약하여 작성한 회계 보고서입니다. 기업의 수익력이나 재무 구조 등 전반적인 경영 상태를 파악할 수 있는 객관적인 자료로 활용됩니다. 대차대조표, 손익계산서, 잉여금 처분 계산서, 재무상태변동표 등이 주요 구성 항목입니다.",미래에셋증권 증권용어사전,https://securities.miraeasset.com/hki/hki3028/r01.do
재정거래(arbitrage),[],파생/구조화상품,"재정거래는 동일한 상품의 가격이 시장마다 다를 때, 가격이 싼 시장에서 매수하고 비싼 시장에서 매도하여 차익을 얻는 거래를 말합니다. 외환이나 금리 차이를 이용하는 경우가 대표적이며, 이러한 거래가 반복되면서 각 시장의 가격 차이가 줄어들어 균형 상태로 돌아가는 데 기여합니다. 거래 대상이나 방식에 따라 환재정, 금리재정 등으로 구분됩니다.",미래에셋증권 증권용어사전,https://securities.miraeasset.com/hki/hki3028/r01.do
재정증권,[],채권/금리/환율,"재정증권은 국고금의 효율적인 관리와 통화 정책 수행을 위해 정부가 발행하는 단기 증권입니다. 발행일로부터 1년 이내에 상환해야 하며, 국회가 승인한 한도 내에서 발행됩니다. 주로 일시적인 자금 부족을 메우기 위해 공개시장에서 할인 또는 액면 발행 방식으로 유통됩니다.",미래에셋증권 증권용어사전,https://securities.miraeasset.com/hki/hki3028/r01.do
재정투융자(public investment and loan),[],거시경제,"재정투융자는 정부가 자산을 늘리기 위해 건물, 도로, 항만 등을 짓는 자본적 지출과 각종 기금을 활용해 자금을 빌려주는 융자 지출을 합한 것을 말합니다. 인건비나 소모품비 같은 소비성 지출과는 구분되며, 주로 국가의 생산 기반을 확충하거나 공공 목적의 사업을 지원할 때 쓰입니다. 거시경제 지표나 정부 예산 관련 뉴스에서 정부의 투자 규모를 파악하는 용도로 활용됩니다.",미래에셋증권 증권용어사전,https://securities.miraeasset.com/hki/hki3028/r01.do
재취회원,[],시장/상장,"재취회원은 일본의 도쿄, 오사카, 나고야 증권거래소에서 정회원인 증권회사 간의 매매를 중개하는 회원을 말합니다. 거래소 내에서 일반 증권사 사이의 거래가 원활하게 이루어지도록 돕는 역할을 합니다.",미래에셋증권 증권용어사전,https://securities.miraeasset.com/hki/hki3028/r01.do
재할인금리(rediscount rate),[],채권/금리/환율,"재할인금리는 중앙은행이 시중은행에 자금을 빌려줄 때 적용하는 금리입니다. 시중은행이 기업에 자금을 공급하고 받은 어음을 중앙은행이 다시 할인하여 매입하거나, 이를 담보로 대출해 줄 때 기준이 됩니다. 국내에서는 은행의 대출금리보다 보통 3~5% 낮게 결정되는 특징이 있으며, 금리 정책이나 시장의 자금 흐름을 다루는 뉴스 및 리포트에서 주로 사용됩니다.",미래에셋증권 증권용어사전,https://securities.miraeasset.com/hki/hki3028/r01.do
재할인정책(rediscount policy),[],거시경제,"재할인정책은 중앙은행이 일반 은행에 빌려주는 자금의 이자율을 조정하여 시중의 통화량을 조절하는 정책입니다. 중앙은행이 재할인율이나 대부이자율을 변경하면 일반 은행의 대출 금리도 이에 영향을 받게 됩니다. 상업어음의 재할인이나 일반 대출 방식을 통해 자금 공급량을 조절하며, 거시경제의 흐름을 설명하는 뉴스나 리포트에서 주로 사용됩니다.",미래에셋증권 증권용어사전,https://securities.miraeasset.com/hki/hki3028/r01.do
저가,[],가격/차트,"저가는 특정 기간 중 가장 낮게 거래된 가격을 의미합니다. 주가 차트나 시세 화면에서 당일 저가, 52주 저가 등으로 표시됩니다. 당일의 가격 변동 범위를 확인하거나 52주 신저가처럼 중장기적인 가격 추세를 파악할 때 주요 지표로 활용됩니다.",KB증권 금융용어사전,https://www.kbsec.com/go.able?linkcd=m04110000
저축기관(thrift institutions),[],거시경제,저축기관은 민간으로부터 특수한 저축성 예금 형태로 자금을 조달하여 특정 목적과 관련된 대출 업무를 취급하는 금융기관을 말합니다. 거시경제 뉴스나 리포트에서 금융 시장의 자금 흐름을 설명할 때 주로 사용됩니다. 일반적인 상업은행과 달리 특정 분야에 자금을 공급하는 성격을 띠기도 합니다.,미래에셋증권 증권용어사전,https://securities.miraeasset.com/hki/hki3028/r01.do
저항선,[],가격/차트,"저항선은 주가 차트에서 가격이 더 오르지 못하고 하락할 가능성이 높은 가격 수준을 고점끼리 연결해 나타낸 선입니다. 주가가 오르내리는 과정에서 형성된 고점들을 이어 만들며, 향후 주가 흐름을 분석할 때 활용합니다. 주가가 저항선을 돌파하면 새로운 상승 추세의 시작으로 보기도 하지만, 이익 실현 물량이 나오는 시점으로 해석되기도 하여 거래량이 늘어나는 특징이 있습니다.",KB증권 금융용어사전,https://www.kbsec.com/go.able?linkcd=m04110000
적격어음(eligible paper),[],채권/금리/환율,"적격어음은 중앙은행이 금융기관에 자금을 빌려줄 때 재할인이나 담보로 인정하는 어음을 뜻합니다. 한국은행은 기업의 신용도나 거래 성격에 따라 적격 여부를 결정하며, 만기가 3개월 이내인 어음으로 한정됩니다. 적격어음에는 공정할인율 중 가장 낮은 수준의 할인율이 적용되는 특징이 있습니다.",미래에셋증권 증권용어사전,https://securities.miraeasset.com/hki/hki3028/r01.do
적립금(reserve),[],재무/회계,적립금은 기업이 매 회계기간마다 일정한 금액을 다양한 명칭으로 쌓아두는 돈을 말합니다. 주로 재무제표에서 기업이 이익의 일부를 사내에 남겨두거나 특정 목적을 위해 준비해둔 자금을 나타낼 때 사용됩니다. 적립금의 명칭이나 용도는 기업의 상황에 따라 다양할 수 있으므로 재무 상태를 파악할 때 함께 확인하는 항목입니다.,미래에셋증권 증권용어사전,https://securities.miraeasset.com/hki/hki3028/r01.do
적정의견,[],재무/회계,"적정의견은 외부 감사인이 기업의 재무제표를 검토한 결과, 회계 기준에 따라 적절하게 작성되었다고 판단할 때 내는 의견입니다. 재무제표의 모든 항목이 합리적인 증거를 바탕으로 작성되었으며, 중요한 불확실성이 없다는 의미입니다. 공시나 재무제표에서 기업의 회계 투명성을 확인하는 지표로 쓰입니다. 다만, 적정의견이 기업의 재무 상태가 우량하거나 수익성이 높다는 것을 보장하는 것은 아니므로 주의가 필요합니다.",미래에셋증권 증권용어사전,https://securities.miraeasset.com/hki/hki3028/r01.do
"적정의견(qualified opinion, or clean opinion)",[],재무/회계,"적정의견은 감사인이 기업의 재무제표를 검토한 결과, 회계 원칙에 따라 재무 상태와 경영 성과를 적절하게 표시하고 있다고 판단했을 때 내리는 의견입니다. 재무제표에 중요한 영향을 미치는 사항들이 충분히 공개되어 투자자가 오해할 여지가 없으며, 감사 과정에서 범위 제한이나 절차 생략 없이 충분한 검토가 이루어졌음을 의미합니다. 주로 감사보고서나 공시를 통해 확인할 수 있으며, 이는 재무제표가 회계 기준에 맞춰 작성되었다는 뜻일 뿐 기업의 수익성이나 주가 흐름을 보장하는 것은 아닙니다.",미래에셋증권 증권용어사전,https://securities.miraeasset.com/hki/hki3028/r01.do
전대차관,[],채권/금리/환율,"전대차관은 상품을 수입하려는 수입업자에게 대출해 주는 것을 조건으로 수입국의 금융기관에 빌려주는 차관을 의미합니다. 수출국이나 국제금융기관이 수입국의 은행에 자금을 빌려주면, 해당 은행이 자국 수입업자에게 다시 대출해 주는 방식입니다. 주로 무역 거래를 지원하기 위한 목적으로 활용되며, 뉴스나 경제 리포트에서 국가 간 금융 협력이나 수출 지원책을 설명할 때 등장합니다.",미래에셋증권 증권용어사전,https://securities.miraeasset.com/hki/hki3028/r01.do
전매,[],거래/주문/결제,"전매는 신용으로 매수한 주식을 결제하기 위해 다시 매도하는 것을 뜻합니다. 매도 가격이 매입 가격보다 높으면 차익을 얻고, 낮으면 차손을 지불하여 그 차액만큼만 결제하는 방식입니다. 주로 신용거래를 이용한 매매 과정에서 발생하는 정산 방식을 설명할 때 쓰입니다.",미래에셋증권 증권용어사전,https://securities.miraeasset.com/hki/hki3028/r01.do
전일 재사용 금액,[],거래/주문/결제,전일 재사용 금액은 전 영업일에 주식을 매도한 금액 중 아직 결제가 완료되지 않았으나 다른 주식을 사는 데 바로 사용할 수 있는 금액을 뜻합니다. 매도 대금이 실제로 입금되기 전이라도 해당 금액 범위 내에서 다시 주식을 살 수 있습니다. 주로 주문 화면에서 즉시 사용 가능한 자금을 확인할 때 쓰이는 용어입니다.,미래에셋증권 증권용어사전,https://securities.miraeasset.com/hki/hki3028/r01.do
전일비,[],가격/차트,"전일비는 현재 주가가 전 거래일의 종가와 비교해 얼마나 변했는지를 나타내는 지표입니다. 주가 화면에서 가격의 상승이나 하락 폭을 확인할 때 주로 사용하며, 시장의 흐름을 파악하는 기준이 됩니다.",KB증권 금융용어사전,https://www.kbsec.com/go.able?linkcd=m04110000
전환 가격,[],채권/금리/환율,"전환 가격은 전환사채(CB)를 주식으로 바꿀 때 적용되는 주당 가격입니다. 채권의 액면 금액을 이 가격으로 나누면 받을 수 있는 주식 수가 결정되므로, 전환 비율과 실질적으로 같은 의미를 가집니다. 주식의 액면가를 기준으로 하는 '액면 전환'과 시장 가격을 기준으로 하는 '시가 전환'으로 구분됩니다.",미래에셋증권 증권용어사전,https://securities.miraeasset.com/hki/hki3028/r01.do
전환 청구 기간,[],공시/기업행위,"전환 청구 기간은 전환사채(CB)를 보유한 투자자가 채권을 주식으로 바꿔달라고 요구할 수 있는 기간입니다. 공시나 종목 정보에서 주로 확인하며, 이 기간이 되어야 투자자는 전환권을 행사해 주식을 받을 수 있습니다. 보통 발행 후 일정 기간이 지난 뒤에 시작되도록 설정하는데, 이는 주식 전환이 일시에 몰려 주가가 급락하는 것을 방지하고 기존 주주를 보호하기 위한 목적이 큽니다.",미래에셋증권 증권용어사전,https://securities.miraeasset.com/hki/hki3028/r01.do
전환사채(CB),[],공시/기업행위,"전환사채(CB)는 사채로 발행되었으나 일정 기간이 지난 후 투자자의 청구에 의해 발행 회사의 주식으로 전환할 수 있는 권리가 부여된 채권입니다. 기업은 일반 회사채보다 낮은 비용으로 자금을 조달할 수 있어 주로 활용합니다. 채권과 주식의 특징을 모두 가지고 있으며, 기업의 자금 조달 상황이나 전환 조건에 따라 공시나 리포트에서 중요하게 다뤄집니다.",KB증권 금융용어사전,https://www.kbsec.com/go.able?linkcd=m04110000
전환사채(CB; conversion bond),[],채권/금리/환율,"전환사채(CB)는 발행 회사의 주식으로 전환할 수 있는 권리가 붙은 채권입니다. 정해진 기간 내에 미리 약속한 가격으로 주식을 받을 수 있으며, 전환권을 행사하면 채권은 사라지고 주식을 받게 됩니다. 주식으로 바꾸지 않을 경우에는 만기에 원금을 돌려받습니다. 기업 입장에서는 낮은 이자로 자금을 빌릴 수 있다는 장점이 있습니다. 주가와 채권의 성격을 동시에 지니고 있어, 주가가 오르면 주가에 연동해 가격이 상승하고 주가가 하락할 때는 채권으로서 가격 하락이 어느 정도 방어되는 특징이 있습니다. 주요 지표로는 주식 전환 시의 손익분기점을 나타내는 패러티 가격과 그 차이를 보여주는 괴리율이 있습니다.",미래에셋증권 증권용어사전,https://securities.miraeasset.com/hki/hki3028/r01.do
점두 거래,[],거래/주문/결제,"점두 거래는 거래소 시장 밖에서 증권회사의 창구 등을 통해 직접 이루어지는 거래를 뜻합니다. 거래소 안에서 이루어지는 일반적인 거래와 대비되는 개념으로, 주로 상장 종목의 단주나 비상장 주식, 소액 채권 등이 거래될 때 쓰입니다.",미래에셋증권 증권용어사전,https://securities.miraeasset.com/hki/hki3028/r01.do
접속 매매,[],거래/주문/결제,"접속 매매는 거래소에 상장된 주식이나 채권 등을 종목별로 나누어 매매 계약을 체결시키는 거래 제도입니다. 매수와 매도 주문이 들어오는 대로 즉시 체결되는 개별 경쟁매매 방식에 해당하며, 거래소 내 특정 구역(포스트) 단위로 거래가 이루어져 '포스트 매매'라고도 불립니다.",미래에셋증권 증권용어사전,https://securities.miraeasset.com/hki/hki3028/r01.do
정관(memorandum of association),[],공시/기업행위,"정관은 회사의 조직이나 운영에 관한 기본적인 규칙을 정한 문서입니다. 회사의 설립자가 법정 사항을 기재하여 작성하고 전원이 기명날인하며, 공증인의 인증을 받음으로써 효력이 발생합니다. 기업의 공시나 주주총회 등에서 회사의 근본적인 운영 방침을 확인하는 기준으로 쓰입니다.",미래에셋증권 증권용어사전,https://securities.miraeasset.com/hki/hki3028/r01.do
정기공시,[],공시/기업행위,"정기공시는 기업이 정해진 시기마다 재무 상황과 경영 전반에 관한 내용을 알리는 제도입니다. 사업보고서, 반기보고서, 분기보고서 등이 대표적이며, 투자자가 기업의 실적과 재무 상태를 정기적으로 확인하는 공시 화면에서 주로 볼 수 있습니다.",KB증권 금융용어사전,https://www.kbsec.com/go.able?linkcd=m04110000
정리매매종목,[],시장/상장,"정리매매종목은 상장폐지가 확정된 종목으로, 주주에게 마지막으로 주식을 현금화할 기회를 주기 위해 일정 기간 매매를 허용하는 종목입니다. 보통 7거래일 동안 정리매매가 진행되며, 이 기간에는 30분 단위 단일가 매매 방식으로 거래되고 가격 제한폭이 적용되지 않습니다. 상장폐지 전 마지막 거래 단계이므로 주가 변동성이 매우 크다는 점에 유의해야 합니다.",KB증권 금융용어사전,https://www.kbsec.com/go.able?linkcd=m04110000
정배열,[],가격/차트,"정배열은 주가 이동평균선이 위에서부터 단기, 중기, 장기 순서로 나란히 놓인 상태를 뜻합니다. 주가가 평균치보다 위에서 움직이며 점차 높아지는 상승 추세에서 주로 나타납니다. 차트 분석 시 주가가 일시적으로 하락하더라도 각 이동평균선이 지지선 역할을 하며 추세를 이어가는 현상이 관찰되기도 합니다.",KB증권 금융용어사전,https://www.kbsec.com/go.able?linkcd=m04110000
정산(netting),[],거래/주문/결제,"정산(netting)은 서로 다른 통화 간의 자금 결제나 이동 시, 개별 거래를 각각 처리하는 대신 전체 거래의 차액만을 결제하는 방식입니다. 자금 이동 규모를 줄여 결제 과정을 효율화할 때 사용되는 개념입니다.",미래에셋증권 증권용어사전,https://securities.miraeasset.com/hki/hki3028/r01.do
정상시장,[],파생/구조화상품,"정상시장은 선물가격이 현물가격보다 높게 형성된 시장 상태를 뜻합니다. 선물 상품은 실제 물건을 나중에 주고받기 때문에, 그 기간 동안 발생하는 보관료, 보험료, 이자 등의 비용이 가격에 반영되어 현물보다 비싸게 거래되는 것이 일반적입니다. 따라서 선물 계약의 만기일이 멀수록 선물가격이 현물가격보다 더 높게 형성되는 경향이 있습니다.",미래에셋증권 증권용어사전,https://securities.miraeasset.com/hki/hki3028/r01.do
정정주문,[],거래/주문/결제,"정정주문은 이미 제출한 매수 또는 매도 주문이 체결되기 전, 가격이나 수량을 변경하기 위해 내는 주문입니다. 주문이 아직 체결되지 않은 상태에서만 가능하며, 시장 상황에 맞춰 주문 조건을 수정할 때 사용합니다.",KB증권 금융용어사전,https://www.kbsec.com/go.able?linkcd=m04110000
정크 본드(junk bond),[],채권/금리/환율,정크 본드는 경영 악화로 인해 부도나 도산 위험이 높은 기업이 자금을 조달하기 위해 발행하는 채권입니다. 일반적인 채권보다 원금 손실 위험이 큰 대신 이자율이 높게 설정되는 특징이 있습니다. 뉴스나 리포트에서 기업의 신용도가 낮아져 자금 조달 여건이 어려워진 상황을 설명할 때 주로 사용됩니다.,미래에셋증권 증권용어사전,https://securities.miraeasset.com/hki/hki3028/r01.do
제 3 시장,[],시장/상장,"제 3 시장은 증권거래소의 상장 시장 외에서 주식이 거래되는 점두 시장을 의미합니다. 과거 거래소에 제2부 상장 시장이 생긴 이후 점두 시장을 제3시장이라 부르게 되었습니다. 미국에서는 상장된 주식을 거래소 밖에서 거래하는 시장을 의미하며, 주로 뉴스나 리포트 등에서 장외 거래를 설명할 때 사용됩니다.",미래에셋증권 증권용어사전,https://securities.miraeasset.com/hki/hki3028/r01.do
제3자 유상증자,[],공시/기업행위,"제3자 유상증자는 기존 주주가 아닌 특정 제3자를 지정하여 새 주식을 발행하고 자금을 조달하는 방식입니다. 일반적인 공모 방식과 달리 주식을 인수할 대상을 미리 정해두는 것이 특징입니다. 주로 대규모 지분 참여나 경영의 안정성을 높이기 위한 목적으로 진행되며, 관련 내용은 기업 공시를 통해 확인할 수 있습니다.",미래에셋증권 증권용어사전,https://securities.miraeasset.com/hki/hki3028/r01.do
제로 쿠폰 본드(zero coupon bond),[],채권/금리/환율,"제로 쿠폰 본드는 정기적으로 이자를 지급하는 이표(쿠폰) 없이, 액면가보다 낮은 가격으로 할인하여 발행하는 채권입니다. 만기 시점에 액면 금액을 돌려받는 방식으로, 발행 시의 할인액이 이자의 역할을 대신합니다. 채권 금리나 시장 상황에 따라 가격이 민감하게 반응할 수 있습니다.",미래에셋증권 증권용어사전,https://securities.miraeasset.com/hki/hki3028/r01.do
제로베타 포트폴리오(Zero-beta portfolio),[],투자지표/밸류에이션,"제로베타 포트폴리오는 시장 전체의 움직임과 상관관계가 없어 베타(β) 지수가 0인 포트폴리오를 뜻합니다. 현실적으로 완벽한 무위험자산을 찾기 어려울 때, 시장 수익률의 변화에 영향을 받지 않는 이 포트폴리오를 무위험자산의 대안으로 가정하여 투자 모델을 세우기도 합니다. 주로 리포트나 기업 가치 평가 모델에서 시장 위험과 무관한 기준 수익률을 설명할 때 등장합니다.",미래에셋증권 증권용어사전,https://securities.miraeasset.com/hki/hki3028/r01.do
제로쿠폰채 (zero coupon bond),[],채권/금리/환율,"제로쿠폰채는 정기적인 이자(쿠폰) 지급 없이, 만기 시에 받을 금액보다 낮은 가격으로 할인하여 발행하는 채권입니다. 발행자는 만기 전까지 이자를 지급할 부담이 적고, 투자자는 이자 수익 대신 매수가격과 만기 상환금액의 차이에서 발생하는 자본이득을 얻게 됩니다. 일반적인 채권에 비해 만기가 긴 편이며 발행 비용이 저렴하다는 특징이 있습니다.",미래에셋증권 증권용어사전,https://securities.miraeasset.com/hki/hki3028/r01.do
제이컵 효과(J-cup effect),[],거시경제,제이컵 효과는 통화 가치가 하락했을 때 무역수지가 처음에는 개선되다가 나중에는 다시 악화되는 현상을 말합니다. 환율 변동이 국가 간 무역에 미치는 영향을 분석할 때 사용되는 용어입니다.,미래에셋증권 증권용어사전,https://securities.miraeasset.com/hki/hki3028/r01.do
조건부 채권(RP; repurchase agreement),[],채권/금리/환율,조건부 채권(RP)은 채권을 판 사람이 일정 기간이 지난 후 정해진 가격으로 다시 사는 것을 조건으로 채권을 매도하는 거래 방식입니다. 주로 채권 시장에서 단기 자금을 조달하거나 운용할 때 사용되는 용어로 뉴스나 리포트에서 자주 언급됩니다. 일반적인 채권 매매와 달리 사전에 정해진 조건에 따라 다시 매수한다는 점이 특징입니다.,미래에셋증권 증권용어사전,https://securities.miraeasset.com/hki/hki3028/r01.do
조건부지정가주문,[],거래/주문/결제,"조건부지정가주문은 정규 시장 시간에는 지정가 주문으로 참여하다가, 장 마감 전까지 체결되지 않은 잔여 수량이 종가 결정 시점에 시장가 주문으로 전환되는 주문 유형입니다. 장중에는 최대한 원하는 가격으로 매매를 시도하고, 체결되지 않은 물량은 장 마감 시점의 가격으로 체결시켜 매매 성공률을 높이고자 할 때 활용됩니다.",KB증권 금융용어사전,https://www.kbsec.com/go.able?linkcd=m04110000
조기종결,[],파생/구조화상품,"조기종결은 기초자산 폐지나 발행회사의 파산 등의 사유가 발생했을 때, 발행회사가 증권의 만기일 전이라도 파생결합증권이나 파생결합사채를 상환하는 것을 말합니다. 주로 파생상품 관련 공시나 상품 설명에서 상품이 예정보다 일찍 종료되는 상황을 안내할 때 쓰입니다. 만기 이전에 상환이 이루어지는 만큼, 해당 시점의 상환 조건과 사유를 확인하는 것이 중요합니다.",iM증권 금융용어사전,https://www.imfnsec.com/research/financial_guide/fg000000.jsp
조세부담률,[],거시경제,조세부담률은 한 나라의 국민소득에서 조세가 차지하는 비중을 나타내는 지표입니다. 국민 전체가 세금으로 부담하는 정도를 집약적으로 보여줍니다. 주로 경제 뉴스나 리포트에서 국가의 재정 상태나 조세 정책의 수준을 파악할 때 활용됩니다.,미래에셋증권 증권용어사전,https://securities.miraeasset.com/hki/hki3028/r01.do
조정현재가치(adjusted present value),[],투자지표/밸류에이션,"조정현재가치(APV)는 투자안 자체의 가치뿐만 아니라 그로 인해 발생하는 부수적인 효과까지 고려하여 계산한 현재가치입니다. 기본 투자안의 순현재가치(NPV)에 부수효과의 현재가치 합계를 더해 구합니다. 모든 요소를 하나의 복잡한 식으로 계산하지 않고 부분별로 나누어 합산함으로써, 해당 투자가 기업 전체에 기여하는 가치를 다각도로 평가할 때 사용합니다.",미래에셋증권 증권용어사전,https://securities.miraeasset.com/hki/hki3028/r01.do
조합채권,[],채권/금리/환율,"조합채권은 스왑, 옵션 등 파생금융상품을 결합하여 특수한 조건을 부여한 채권입니다. 주로 유러 시장에서 발행되며, 일반적인 고정금리 채권보다 높은 수익률을 얻기 위해 발행되는 경우가 많습니다. 수익률이 높은 만큼 일정한 리스크를 동반할 수 있으므로 채권에 첨가된 구체적인 조건을 파악하는 것이 중요합니다.",미래에셋증권 증권용어사전,https://securities.miraeasset.com/hki/hki3028/r01.do
조회공시,[],공시/기업행위,"조회공시는 거래소가 상장기업에 대해 시장에 퍼진 풍문이나 보도의 사실 여부를 확인해달라고 요청했을 때, 기업이 그 내용을 직접 설명하는 공시입니다. 기업의 직접적인 공시 사항뿐만 아니라 풍문이나 보도 내용에 따라 관련된 간접적인 사항까지 포함하여 답변합니다.",미래에셋증권 증권용어사전,https://securities.miraeasset.com/hki/hki3028/r01.do
종가,[],가격/차트,"종가는 주식 시장의 정규 거래가 마감될 때 결정된 그날의 최종 가격입니다. 마감 동시호가가 끝난 후 확정되며, 주가 차트나 시세 화면에서 하루의 가격 변동을 마무리하는 기준점으로 활용됩니다.",KB증권 금융용어사전,https://www.kbsec.com/go.able?linkcd=m04110000
종류형,[],ETF/펀드,종류형은 하나의 펀드 안에서 투자 기간이나 투자금 등이 다른 투자자들(멀티클래스)로 구성된 펀드 유형입니다. 납입 방법이나 투자 자격 등에 따라 판매 보수와 수수료를 다르게 적용하는 것이 특징입니다. 동일한 운용 전략을 가진 펀드라도 투자 조건에 따라 비용 체계가 달라질 수 있습니다.,KB증권 금융용어사전,https://www.kbsec.com/go.able?linkcd=m04110000
종목,[],시장/상장,"종목은 주식시장에 상장할 때 등록된 기업의 명칭 또는 그 기업의 주식 자체를 의미합니다. 주식 화면이나 뉴스에서 특정 기업을 구분하여 부를 때 주로 사용하며, 삼성전자나 현대차와 같이 시장에서 거래되는 개별 대상을 가리키는 용어입니다.",KB증권 금융용어사전,https://www.kbsec.com/go.able?linkcd=m04110000
종목코드,[],시장/상장,"종목코드는 거래소가 상장된 기업에 부여하는 6자리의 고유 번호입니다. 종목 이름 뒤에 붙어 해당 기업을 식별하는 역할을 하며, 주식 현재가 화면이나 검색창에서 종목명 대신 이 코드를 입력해 원하는 종목을 정확하게 찾을 수 있습니다.",KB증권 금융용어사전,https://www.kbsec.com/go.able?linkcd=m04110000
종합 주가지수,[],가격/차트,"종합 주가지수는 증권 시장에 상장된 모든 종목의 주가 변동을 종합하여 나타낸 지표입니다. 시장 전체의 흐름을 보여줄 뿐만 아니라 국가의 경제 상황을 대표하는 지표로도 활용됩니다. 우리나라는 1980년 1월 4일의 시가총액을 100으로 정하고 현재 시가총액과 비교하는 방식을 사용하며, 지수 수치를 통해 기준 시점 대비 주가 수준이 얼마나 변했는지 파악할 수 있습니다.",미래에셋증권 증권용어사전,https://securities.miraeasset.com/hki/hki3028/r01.do
종합 포지션(overall position),[],파생/구조화상품,"종합 포지션은 현물 포지션과 선물 포지션을 합한 상태를 의미하며, 넷 오픈 포지션(net open position)이라고도 합니다. 파생상품 거래나 시장 분석 리포트 등에서 투자자가 보유한 전체 자산의 구성과 규모를 파악할 때 사용됩니다.",미래에셋증권 증권용어사전,https://securities.miraeasset.com/hki/hki3028/r01.do
종합수지,[],거시경제,"종합수지는 한 나라의 국제수지 균형 정도를 판별하는 포괄적인 지표입니다. 경상수지와 장기 자본수지를 합한 기초수지에 단기 자본거래와 통계적 오차, 누락분까지 모두 포함하여 계산합니다. 국가 간의 모든 경제적 거래를 종합적으로 파악할 때 사용됩니다.",미래에셋증권 증권용어사전,https://securities.miraeasset.com/hki/hki3028/r01.do
좌,[],ETF/펀드,"좌는 펀드나 ETF 같은 수익증권의 매매 단위를 뜻합니다. 주식의 '주'와 비슷한 개념으로, 투자자가 보유한 신탁재산의 지분 가치를 나타낼 때 사용합니다. 주로 펀드나 ETF의 수량을 확인하거나 거래할 때 이 단위를 사용합니다.",미래에셋증권 증권용어사전,https://securities.miraeasset.com/hki/hki3028/r01.do
주가,[],가격/차트,"주가는 시장에서 거래되는 주식의 가격을 의미합니다. 기업의 수익이나 배당을 중시하는 관점과 기업이 보유한 자산 가치를 중시하는 관점에 따라 그 가치가 평가됩니다. 주가수익비율(PER)이나 배당수익률 같은 지표가 주가 형성의 주요 요인이 되며, 기업 내부의 요인뿐만 아니라 경제 상황, 정치·사회적 변화, 시장 수급 등 다양한 외부 요인의 영향을 받아 변동합니다.",미래에셋증권 증권용어사전,https://securities.miraeasset.com/hki/hki3028/r01.do
주가 수익률,[],투자지표/밸류에이션,"주가 수익률(PER)은 주가를 1주당 순이익(EPS)으로 나눈 지표입니다. 기업이 벌어들이는 이익에 비해 주가가 어느 정도 수준인지 나타내며, 주가와 기업의 수익력을 비교하는 기준으로 쓰입니다. 1주당 순이익은 회사가 1년 동안 벌어들인 수익력을 의미하며, 이를 통해 주가가 수익 대비 몇 배로 거래되는지 확인할 수 있습니다.",미래에셋증권 증권용어사전,https://securities.miraeasset.com/hki/hki3028/r01.do
주가 이동 평균 선,[],가격/차트,주가 이동 평균 선은 일정 기간 동안의 주가 평균치를 차례로 연결한 선입니다. 주가 차트에서 가격의 흐름과 추세를 파악하는 지표로 활용됩니다. 이동 평균 선 자체의 방향성과 실제 주가와 선 사이의 차이(괴리도)를 분석하여 주가의 움직임을 예측하는 데 사용합니다.,미래에셋증권 증권용어사전,https://securities.miraeasset.com/hki/hki3028/r01.do
주가 조작,[],가격/차트,"주가 조작은 주가를 인위적으로 움직이거나 특정 수준으로 고정하는 행위를 뜻합니다. '시세 조작'이라고도 하며, 뉴스나 공시 등에서 시장의 공정성을 해치는 상황을 설명할 때 주로 쓰입니다. 법령에 따라 원칙적으로 금지되어 있으나, 주가 안정이나 유가증권의 원활한 발행 등 특수한 목적에 한해 예외적으로 허용되기도 합니다.",미래에셋증권 증권용어사전,https://securities.miraeasset.com/hki/hki3028/r01.do
주가매출액비율(PSR),[],투자지표/밸류에이션,"주가매출액비율(PSR)은 주가가 기업 매출의 몇 배인지를 나타내는 지표입니다. 주가를 주당 매출액으로 나누어 계산하며, 주로 기업의 성장성을 평가할 때 활용합니다. PSR이 낮을수록 매출 대비 주가가 저평가된 것으로 보기도 하지만, 업종 특성이나 성장 단계에 따라 해석이 달라질 수 있습니다. 주로 이익보다 매출 성장이 중요한 IT나 인터넷 관련 기업의 가치를 분석할 때 자주 쓰입니다.",KB증권 금융용어사전,https://www.kbsec.com/go.able?linkcd=m04110000
주가수익비율(PER),[],투자지표/밸류에이션,"주가수익비율(PER)은 주가가 기업이 벌어들이는 이익의 몇 배인지를 나타내는 지표입니다. PER이 낮으면 주당 이익에 비해 주가가 낮은 수준임을 의미합니다. 다만 PER 수치만으로 기업의 가치를 판단하기보다, 해당 기업이 속한 업종의 평균 PER이나 성장 가능성 등을 함께 고려하여 분석하는 것이 필요합니다.",KB증권 금융용어사전,https://www.kbsec.com/go.able?linkcd=m04110000
주가순자산비율(PBR),[],투자지표/밸류에이션,"주가순자산비율(PBR)은 주가가 기업의 순자산 대비 몇 배 수준인지를 나타내는 지표입니다. 기업이 보유한 자산 가치와 주가를 비교하여 고평가 또는 저평가 여부를 판단할 때 사용하며, 주당순자산(BPS)과 함께 확인합니다. PBR이 1보다 낮으면 주가가 청산가치보다 낮은 수준으로 해석되기도 합니다.",KB증권 금융용어사전,https://www.kbsec.com/go.able?linkcd=m04110000
주가순자산율,[],투자지표/밸류에이션,"주가순자산율은 주가가 기업의 1주당 순자산의 몇 배인지를 나타내는 지표입니다. 주가를 1주당 순자산으로 나누어 계산하며, 기업의 수익성보다는 재무제표상의 자본금, 적립금 등 주주 지분을 바탕으로 주가 수준을 평가할 때 사용합니다. 주가가 1주당 순자산보다 낮으면 자산 가치 대비 주가가 낮은 상태로 보기도 하지만, 기업의 실질적인 자산 구성이나 상황에 따라 해석이 달라질 수 있습니다.",미래에셋증권 증권용어사전,https://securities.miraeasset.com/hki/hki3028/r01.do
주가지수,[],가격/차트,"주가지수는 증권시장의 전반적인 주가 변동 상황을 종합적으로 나타내는 지표입니다. 기준이 되는 시점의 주가 수준과 현재 수준을 비교하여 산출하며, 투자 성과를 평가하는 기준이나 경제 상황을 파악하는 선행 지표로 활용됩니다. 우리나라의 코스피(KOSPI)처럼 시장 전체의 시가총액 변화를 바탕으로 계산하는 방식이 대표적이며, 선물이나 옵션 같은 파생상품 거래의 기준으로도 쓰입니다.",미래에셋증권 증권용어사전,https://securities.miraeasset.com/hki/hki3028/r01.do
주가지수 선물시장,[],파생/구조화상품,"주가지수 선물시장은 KOSPI 200과 같은 주가지수를 대상으로 선물 거래가 이루어지는 시장입니다. 국내 KOSPI 200 선물은 만기 시점에 따라 3월, 6월, 9월, 12월물로 구분되어 상장됩니다. 증거금률 15%와 3,000만 원 이상의 개설증거금 조건이 있으며, 매일 가격 변동에 따른 손익을 정산하는 일일정산식 차금결제방식을 따릅니다. 거래단위는 50만 원입니다.",미래에셋증권 증권용어사전,https://securities.miraeasset.com/hki/hki3028/r01.do
주가지수 워런트(stock index warrant),[],파생/구조화상품,"주가지수 워런트는 정해진 기간 내에 미리 정한 가격으로 주가지수를 사거나 팔 수 있는 권리가 부여된 유가증권입니다. 주가지수 옵션과 기능은 비슷하지만, 증권사 등 특정 기관이 자금 조달 등을 목적으로 발행하며 발행 총액이 정해져 있다는 점이 다릅니다. 또한 일반적인 지수 옵션에 비해 만기가 1~3년 정도로 상대적으로 길게 설정되는 특징이 있습니다.",미래에셋증권 증권용어사전,https://securities.miraeasset.com/hki/hki3028/r01.do
주가지수선물,[],파생/구조화상품,"주가지수선물은 코스피200이나 코스닥150 같은 주가지수를 거래 대상으로 하는 선물거래입니다. 만기 시점에 주식을 직접 주고받지 않고 현금으로 차액을 결제하는 것이 특징입니다. 결제 시점에 따라 3월, 6월, 9월, 12월물로 나뉘며, 현재 시점에서 미래의 지수 가치를 예측하여 거래할 때 활용됩니다.",KB증권 금융용어사전,https://www.kbsec.com/go.able?linkcd=m04110000
주가지수옵션,[],파생/구조화상품,"주가지수옵션은 특정일에 주가지수를 미리 정해둔 가격으로 사거나 팔 수 있는 권리입니다. 살 수 있는 권리는 콜(Call)옵션, 팔 수 있는 권리는 풋(Put)옵션이라 부릅니다. 콜옵션은 주가가 미리 정한 가격보다 높을 때, 풋옵션은 그 반대일 때 유리하게 작용할 수 있습니다. 주가지수옵션은 매달 결제 시점이 돌아오는 매월물 단위로 거래되는 특징이 있습니다.",KB증권 금융용어사전,https://www.kbsec.com/go.able?linkcd=m04110000
주가평균법,[],가격/차트,"주가평균법은 여러 주식 가격의 대표적인 값을 산출하는 방식입니다. 계산 방식에 따라 단순주가평균, 가중주가평균, 수정주가평균 등으로 구분됩니다. 주로 여러 종목의 가격 수준을 종합적으로 나타내는 지표를 만들거나 시장의 흐름을 파악할 때 활용됩니다.",미래에셋증권 증권용어사전,https://securities.miraeasset.com/hki/hki3028/r01.do
주가현금흐름비율(price cash flow ratio),[],투자지표/밸류에이션,"주가현금흐름비율(PCR)은 주가를 1주당 현금흐름으로 나눈 투자지표입니다. 기업이 벌어들인 이익 중 실제로 사외로 유출되지 않고 남아있는 현금흐름을 기준으로 주가 수준을 평가할 때 사용합니다. 기업의 자기자본 조달 능력을 보여주는 지표로, 주로 안정적인 성장기에 접어든 기업의 가치를 분석하는 맥락에서 활용됩니다.",미래에셋증권 증권용어사전,https://securities.miraeasset.com/hki/hki3028/r01.do
주간사,[],시장/상장,주간사는 회사채나 특수채를 발행할 때 해당 물량을 인수하는 증권사나 종금사 등의 금융기관을 뜻합니다. 기업이 채권을 발행하여 자금을 조달하는 과정에서 해당 업무를 담당하는 금융기관을 공시나 뉴스에서 지칭할 때 주로 사용됩니다.,미래에셋증권 증권용어사전,https://securities.miraeasset.com/hki/hki3028/r01.do
주간사 회사,[],시장/상장,"주간사 회사는 주식이나 채권을 발행하는 회사로부터 의뢰를 받아 발행 업무를 총괄하고 인수단을 대표하는 회사입니다. 발행 회사와 인수단 사이에서 유가증권의 인수 및 모집 등 필요한 실무를 조율하는 역할을 합니다. 주로 기업공개(IPO)나 증자 관련 공시 및 뉴스에서 해당 업무를 주도하는 금융기관으로 등장하며, 국내에서는 증권사, 은행, 종합금융회사 등이 주간사 역할을 수행할 수 있습니다.",미래에셋증권 증권용어사전,https://securities.miraeasset.com/hki/hki3028/r01.do
주관회사,[],시장/상장,"주관회사는 기업이 주식을 새로 발행하여 공모할 때, 증권 분석과 주식 인수를 총괄하는 금융투자회사입니다. 인수회사를 대표하여 발행회사와 인수 조건 등을 결정하며, 투자자들의 청약 업무를 수행합니다. 주로 기업공개(IPO)나 유상증자 관련 공시에서 해당 업무를 맡은 증권사를 지칭할 때 쓰입니다.",iM증권 금융용어사전,https://www.imfnsec.com/research/financial_guide/fg000000.jsp
주당 배당금(dividends per share),[],배당/주주환원,"주당 배당금은 기업이 주주에게 지급할 총 배당금을 발행주식수로 나눈 값으로, 주식 1주당 지급되는 배당금을 의미합니다. 재무제표나 공시에서 주주 환원 정도를 확인할 때 주로 사용됩니다. 기업의 전체 이익을 주식 수로 나눈 주당순이익(EPS)과 달리, 실제 주주에게 배분되는 배당금의 규모를 직접적으로 보여주는 지표입니다.",미래에셋증권 증권용어사전,https://securities.miraeasset.com/hki/hki3028/r01.do
주당 순이익,[],투자지표/밸류에이션,"주당순이익(EPS)은 기업이 벌어들인 당기순이익을 발행주식 수로 나눈 지표입니다. 주식 1주가 얼마의 이익을 창출했는지 나타내며, 재무제표나 투자지표 화면에서 기업의 수익성을 평가할 때 쓰입니다. 일반적으로 이 수치가 높을수록 기업의 이익 창출 능력이 크다고 보지만, 발행주식 수의 변동이나 일시적인 이익 증감 여부도 함께 살펴봐야 합니다.",미래에셋증권 증권용어사전,https://securities.miraeasset.com/hki/hki3028/r01.do
주당 순자산,[],투자지표/밸류에이션,"주당 순자산은 기업의 순자산을 발행 주식 수로 나눈 지표입니다. 재무제표상 자본금, 자본준비금, 이익준비금 등을 합친 자본 총계를 기준으로 계산하며, 기업의 내부 유보가 풍부할수록 높아집니다. 회사가 영업을 중단하고 자산을 청산할 때 주주가 받을 수 있는 가치를 나타내어 '해산 가치'라고도 불립니다. 다만, 장부에 반영되지 않은 자산이나 부채가 있을 수 있어 실제 가치와는 차이가 날 수 있습니다.",미래에셋증권 증권용어사전,https://securities.miraeasset.com/hki/hki3028/r01.do
주당순이익(EPS),[],투자지표/밸류에이션,"주당순이익(EPS)은 기업의 당기순이익을 발행 주식수로 나눈 값입니다. 1주당 얼마의 이익을 창출했는지 나타내는 지표로, 재무제표나 투자지표 화면에서 기업의 수익성을 파악할 때 주로 사용합니다. 주당순이익이 높을수록 경영 실적이 양호하다고 볼 수 있으나, 이 수치가 곧 주주에게 지급되는 주당 배당금을 의미하는 것은 아닙니다.",KB증권 금융용어사전,https://www.kbsec.com/go.able?linkcd=m04110000
주당순자산(BPS),[],투자지표/밸류에이션,"주당순자산(BPS)은 기업의 순자산을 발행주식수로 나눈 값으로, 기업의 자산 가치가 주가에 반영된 정도를 확인하는 지표입니다. BPS가 높을수록 기업의 자기자본 비중이 크다는 것을 의미합니다. 재무제표나 밸류에이션 분석 시 기업의 자산 규모 대비 주가 수준을 가늠하는 용도로 쓰이며, 수치가 낮을 경우 기업 규모에 비해 주가가 높게 형성된 것으로 해석되기도 합니다.",KB증권 금융용어사전,https://www.kbsec.com/go.able?linkcd=m04110000
주도주,[],가격/차트,주도주는 시장의 흐름을 이끄는 특정 업종이나 종목군을 의미합니다. 특정 호재로 인해 투자자들의 관심이 집중되면서 주가와 거래량이 크게 늘어나 시장 전체의 분위기를 좌우하는 경우가 많습니다. 주도주 여부에 따라 시장 지수 상승률과 개별 종목의 수익률 사이에 차이가 발생하기도 합니다.,미래에셋증권 증권용어사전,https://securities.miraeasset.com/hki/hki3028/r01.do
주말효과(weekend effect),[],가격/차트,"주말효과는 월요일의 수익률이 다른 요일의 수익률에 비해 낮게 나타나는 현상을 뜻합니다. 주식시장의 특이현상 중 하나로, 기업이 부정적인 소식을 주말에 발표하여 월요일 주가에 반영된다는 가설이나 결제 기간의 비대칭, 측정 오차 등이 원인으로 언급됩니다. 시장의 통계적 경향을 설명하는 용어이며, 모든 월요일에 반드시 수익률이 낮은 것은 아니라는 점에 유의해야 합니다.",미래에셋증권 증권용어사전,https://securities.miraeasset.com/hki/hki3028/r01.do
주문가능수량,[],거래/주문/결제,"주문가능수량은 투자자가 보유한 자산 범위 내에서 실제로 매수하거나 매도할 수 있는 주식의 수량을 의미합니다. 매수 시에는 미수거래나 신용거래 등을 활용해 보유 현금보다 많은 수량을 주문할 수 있고, 매도 시에는 공매도 등의 방식에 따라 보유한 주식 수 이상의 주문이 가능할 수도 있습니다. 주로 주식 주문 화면에서 실제 거래 가능한 규모를 파악할 때 사용합니다.",KB증권 금융용어사전,https://www.kbsec.com/go.able?linkcd=m04110000
주식 매매,[],거래/주문/결제,"주식 매매는 주식을 사고파는 거래를 의미하며, 증권거래소 내 거래와 장외 거래로 구분됩니다. 국내에서는 대부분 거래소를 통한 경쟁 매매 방식으로 진행되며, 가격·시간·수량 우선의 원칙에 따라 체결 순위가 결정됩니다. 결제일에 따라 당일 결제, 보통거래, 특약일 결제, 발행일 결제 등으로 나뉘는데, 이 중 계약 체결일로부터 3일째 되는 날 결제하는 보통거래가 가장 일반적입니다. 주식 매매 시에는 거래 금액에 따라 증권사에 위탁 수수료를 지불하게 됩니다.",미래에셋증권 증권용어사전,https://securities.miraeasset.com/hki/hki3028/r01.do
주식 종목별 증거금,[],거래/주문/결제,"주식 종목별 증거금은 주식을 주문할 때 결제 대금의 일부를 미리 내는 보증금으로, 종목의 안정성이나 위험도에 따라 다르게 설정되는 비율을 말합니다. 보통 20%에서 100%까지 다양하게 설정되며, MTS나 HTS에서 종목별 증거금률을 확인할 수 있습니다. 예를 들어 증거금률이 20%인 종목은 전체 주문 금액의 20%만 먼저 내고 나머지는 결제일(D+2)에 납부하는 방식으로 거래할 수 있습니다. 이처럼 증거금을 활용해 외상으로 주식을 사는 것을 미수거래라고 하며, 나중에 내야 할 금액은 미수금으로 처리됩니다.",KB증권 금융용어사전,https://www.kbsec.com/go.able?linkcd=m04110000
주식 회사,[],주식 기초,"주식회사는 여러 투자자가 자본을 출자하여 설립한 영리 법인입니다. 주주는 자신이 출자한 금액에 대해서만 책임을 지는 '유한 책임'을 가지며, 그 권리의 표시로 주권을 보유합니다. 주식을 발행해 다수의 대중으로부터 대규모 자본을 조달하기 용이하며, 소유와 경영을 분리하여 전문적인 경영을 도모할 수 있다는 특징이 있습니다.",미래에셋증권 증권용어사전,https://securities.miraeasset.com/hki/hki3028/r01.do
주식배당예고제,"[""주식배당 예고제""]",배당/주주환원,주식배당예고제는 주식배당을 하려는 기업이 결산기말 15일 전까지 주식배당률을 미리 공시하도록 의무화한 제도입니다. 투자자가 배당 여부와 규모를 미리 파악할 수 있도록 돕는 역할을 합니다. 기업의 공시를 통해 해당 내용을 확인할 수 있습니다.,미래에셋증권 증권용어사전,https://securities.miraeasset.com/hki/hki3028/r01.do
주식예탁증서(DR),[],시장/상장,"주식예탁증서(DR)는 국내 기업이 발행한 주식을 국내 보관기관에 맡기고, 이를 근거로 해외 예탁기관이 발행하여 해외 시장에서 유통시키는 증서입니다. 기업이 발행한 원주식을 직접 해외에서 거래하는 대신, 해당 주식에 대한 권리가 담긴 증서를 만들어 거래하는 방식입니다. 발행 지역에 따라 미국은 ADR, 유럽은 EDR, 전 세계 금융시장에서 동시에 발행하는 경우 GDR이라고 부릅니다.",iM증권 금융용어사전,https://www.imfnsec.com/research/financial_guide/fg000000.jsp
주식워런트증권(ELW),[],파생/구조화상품,"주식워런트증권(ELW)은 특정 주식이나 주가지수 등 기초 자산을 미리 정한 조건에 따라 미래에 사거나 팔 수 있는 권리가 부여된 증권입니다. 옵션과 성격이 유사한 파생상품이지만, 일반 주식처럼 증권 시장에 상장되어 거래된다는 점이 특징입니다. 기초 자산의 가격 흐름에 따라 가치가 결정되므로 상품의 구조를 이해하는 것이 중요합니다.",iM증권 금융용어사전,https://www.imfnsec.com/research/financial_guide/fg000000.jsp
주식형 집합투자기구,[],ETF/펀드,주식형 집합투자기구는 자산총액의 60% 이상(또는 연평균 60% 이상)을 주식 및 주식 관련 파생상품으로 운용하는 펀드를 말합니다. 주로 ETF나 펀드 상품의 투자 대상을 설명할 때 사용되는 용어입니다. 주식 투자 비중이 높은 만큼 시장 상황에 따라 자산 가치가 민감하게 변동될 수 있습니다.,iM증권 금융용어사전,https://www.imfnsec.com/research/financial_guide/fg000000.jsp
주식형 투자신탁,[],ETF/펀드,"주식형 투자신탁은 주식에 주로 투자하여 자산을 운용하는 투자 상품입니다. 정해진 운용 대상 범위 내에서 주식을 매입하며, 주식뿐만 아니라 콜론, 공사채, 어음 등을 함께 운용하기도 합니다. 이는 투자자의 해약 신청에 대비해 유동성을 확보하고, 이자 수익 등을 통해 운용의 안정성을 높이기 위한 목적이 있습니다.",미래에셋증권 증권용어사전,https://securities.miraeasset.com/hki/hki3028/r01.do
주식혼합형 집합투자지구,[],ETF/펀드,"주식혼합형 집합투자지구는 주식과 채권에 모두 투자할 수 있는 펀드(집합투자기구)를 의미합니다. 주식형이나 채권형에 속하지 않으면서, 전체 자산 중 주식 및 주식 관련 파생상품에 투자할 수 있는 최대 한도가 50% 이상인 펀드를 말합니다.",iM증권 금융용어사전,https://www.imfnsec.com/research/financial_guide/fg000000.jsp
주요사항보고서,[],공시/기업행위,"주요사항보고서는 기업이 정기 보고서(사업·분기·반기 보고서) 제출 이후 발생한 중요한 경영 변동사항을 알리기 위해 작성하는 공시입니다. 영업정지, 회생절차 신청, 증자 및 감자, 합병, 자기주식 취득 등 기업 경영에 큰 변화가 생겼을 때 수시로 공시됩니다. 투자자는 이를 통해 정기 보고서에 담기지 않은 최신 기업 정보를 확인할 수 있습니다.",KB증권 금융용어사전,https://www.kbsec.com/go.able?linkcd=m04110000
주주,[],주식 기초,"주주는 주식을 보유함으로써 회사의 경영에 직접 또는 간접적으로 참여하는 개인이나 법인을 뜻합니다. 단순히 주식을 매수한 것뿐만 아니라, 회사의 주주 명부에 인적 사항을 기재하는 명의 개서를 마쳐야 주주로서의 각종 권리를 행사할 수 있게 됩니다. 주주의 성격이나 지분 상태에 따라 대주주, 소수 주주, 외국인 주주 등으로 분류하기도 합니다.",미래에셋증권 증권용어사전,https://securities.miraeasset.com/hki/hki3028/r01.do
주주 총회,[],공시/기업행위,"주주총회는 주식회사의 최고 의사결정 기구로, 주주들이 보유한 주식 수에 따라 의결권을 행사하여 기업의 주요 사항을 결정하는 자리입니다. 매 결산기마다 정기적으로 열리는 정기 주주총회와 필요할 때 수시로 열리는 임시 주주총회로 구분됩니다. 이사나 감사의 선임, 정관 변경, 합병, 주식배당 등 기업 경영의 핵심적인 안건들이 이곳에서 결정되므로 공시를 통해 내용을 확인하는 것이 중요합니다.",미래에셋증권 증권용어사전,https://securities.miraeasset.com/hki/hki3028/r01.do
주주권,[],배당/주주환원,"주주권은 주주가 주식회사의 구성원으로서 가지는 권리를 말합니다. 크게 경제적 이익을 목적으로 하는 '자익권'과 회사 경영에 참여하거나 감독하는 '공익권'으로 구분됩니다. 자익권에는 배당을 받을 권리나 신주를 인수할 권리 등이 포함되며, 공익권에는 의결권이나 주주총회 소집 청구권 등이 있습니다. 또한 보유 주식 수에 따라 1주만 있어도 행사할 수 있는 '단독 주주권'과 일정 비율 이상의 주식을 보유해야 행사 가능한 '소수 주주권'으로도 나뉩니다. 소수 주주권의 경우 권리 남용을 막기 위해 일정 기간 주식을 보유해야 하는 조건이 붙기도 합니다.",미래에셋증권 증권용어사전,https://securities.miraeasset.com/hki/hki3028/r01.do
주추세(major or primary trends),[],가격/차트,"주추세는 1년 이상 수년간에 걸쳐 형성된 장기적인 주가 흐름을 뜻합니다. 차트 분석이나 시장 전망에서 강세장 또는 약세장을 판단하는 주요 기준으로 활용됩니다. 주추세가 상승하면서 중기적인 등락이 이전보다 높은 수준에서 이루어지면 강세장으로, 주추세가 하락하면서 중기적인 등락이 이전보다 낮은 수준에서 이루어지면 약세장으로 해석합니다.",미래에셋증권 증권용어사전,https://securities.miraeasset.com/hki/hki3028/r01.do
주택저당대출(residual mortgage loan),[],거시경제,"주택저당대출은 주택을 담보로 자금을 빌리는 장기 대출로, 보통 10~20년에 걸쳐 나누어 갚는 분할상환 특징을 가집니다. 대출 규모는 주택 소유자의 소득 수준과 담보 주택의 감정가격을 고려하여 결정됩니다. 거시경제 지표나 금융 관련 뉴스에서 가계 부채 및 금리 변동의 영향을 설명할 때 주로 사용됩니다.",미래에셋증권 증권용어사전,https://securities.miraeasset.com/hki/hki3028/r01.do
주택저당증권(mortgage),[],채권/금리/환율,"주택저당증권은 주택을 담보로 발행하는 증권입니다. 주택금융 자금을 원활하게 조달하기 위해 활용되며, 금융기관이 가진 주택 담보 대출 채권을 바탕으로 발행됩니다. 채권 시장이나 금리 관련 뉴스에서 주로 언급되며, 기초가 되는 대출의 상환 상황이나 시장 금리에 따라 가치가 달라질 수 있습니다.",미래에셋증권 증권용어사전,https://securities.miraeasset.com/hki/hki3028/r01.do
준강형 가설(semi-strong form),[],주식 기초,"준강형 가설은 현재 주가가 과거의 주가 흐름뿐만 아니라 이미 대중에게 공개된 모든 정보를 즉각 반영하고 있다는 가설입니다. 기업의 실적 발표나 공시 등 누구나 알 수 있는 정보가 주가에 이미 포함되어 있다고 보며, 주식 시장의 효율성을 설명할 때 주로 사용됩니다.",미래에셋증권 증권용어사전,https://securities.miraeasset.com/hki/hki3028/r01.do
중도상환,[],파생/구조화상품,"중도상환은 만기일이 되기 전에 투자자가 투자금을 돌려받는 것을 의미합니다. 주로 파생결합증권 등 구조화 상품에서 사용되는 용어로, 중도상환 시점의 공정가액(기준가)에 따라 원금 손실이 발생할 가능성이 있습니다. 시장 상황이나 상품 조건에 따라 결과가 달라질 수 있으므로 유의해야 합니다.",KB증권 금융용어사전,https://www.kbsec.com/go.able?linkcd=m04110000
증거금,[],거래/주문/결제,"증거금은 주식이나 선물 거래 시 결제불이행 위험을 방지하기 위해 미리 예치해야 하는 금전이나 유가증권입니다. 일종의 보증금 역할을 하며, 거래 과정에서 발생할 수 있는 손실이 증권사로 전가되는 것을 막기 위해 활용됩니다. 주식이나 선물 등 거래 대상과 보유한 포지션의 위험 정도에 따라 필요한 증거금의 종류와 수준이 달라질 수 있습니다.",KB증권 금융용어사전,https://www.kbsec.com/go.able?linkcd=m04110000
증거금(margin),[],거래/주문/결제,"증거금은 주식이나 선물을 매매할 때 계약 이행을 보증하기 위해 미리 예탁하는 일종의 보증금입니다. 현물 시장에서는 전체 거래 대금 중 일정 비율에 해당하는 금액을 먼저 내며, 시장 상황에 따라 이 비율이 조정되기도 합니다. 선물 거래에서는 계약 이행을 담보하기 위해 납부하며, 거래를 시작할 때 필요한 개시증거금, 계약 유지를 위한 유지보증금, 손실 발생 시 추가로 납입하는 변동증거금 등으로 구분됩니다.",미래에셋증권 증권용어사전,https://securities.miraeasset.com/hki/hki3028/r01.do
증권 거래소,[],시장/상장,"증권 거래소는 주식이나 채권 같은 유가증권을 매매하는 장소이자, 거래가 원활하고 공정하게 이루어지도록 관리하는 기관입니다. 기업의 상장과 공시를 관리하고 시세를 공표하며, 매매 심리 등의 업무를 수행합니다. 뉴욕, 도쿄, 런던 증권거래소 등이 대표적이며, 우리나라의 증권거래소도 세계적인 규모로 운영되고 있습니다.",미래에셋증권 증권용어사전,https://securities.miraeasset.com/hki/hki3028/r01.do
증권 관리 위원회,[],시장/상장,"증권 관리 위원회는 유가 증권의 발행과 관리, 공정한 거래, 증권 관계 기관의 감독에 관한 사항을 심의하고 의결하는 기관입니다. 증권 거래법에 따라 시장 관리 체제를 구축하고 증권 감독원의 업무를 지시하거나 감독하는 역할을 합니다. 미국의 SEC를 모델로 설립되었으나, 의결 사항을 재무부 장관에게 보고해야 하며 장관이 공익이나 투자자 보호를 위해 의결을 취소하거나 정지할 수 있는 권한을 가진다는 점이 특징입니다.",미래에셋증권 증권용어사전,https://securities.miraeasset.com/hki/hki3028/r01.do
증권 금융,[],거래/주문/결제,증권 금융은 유가증권과 관련된 모든 형태의 자금 융통을 뜻합니다. 투자자가 주식이나 채권을 담보로 자금을 빌리는 것부터 증권사가 업무 수행을 위해 자금을 조달하는 것까지 포함하는 넓은 개념입니다. 신용거래나 담보대출 등 주식 시장의 거래와 운영에 필요한 다양한 금융 활동을 아우르는 용어로 쓰입니다.,미래에셋증권 증권용어사전,https://securities.miraeasset.com/hki/hki3028/r01.do
증권 대위,[],공시/기업행위,증권 대위는 자기 회사의 주식이나 사채를 발행해 마련한 자금으로 다른 회사의 주식을 취득하여 그 기업을 지배하는 것을 뜻합니다. 결과적으로 자기 회사의 증권과 다른 회사의 증권을 교체한 것과 같은 상태가 됩니다. 주로 지주회사가 다른 기업을 지배하는 과정에서 나타나는 기업 행위의 한 형태입니다.,미래에셋증권 증권용어사전,https://securities.miraeasset.com/hki/hki3028/r01.do
증권 대체 결제 회사,[],거래/주문/결제,"증권 대체 결제 회사는 상장사나 증권사로부터 유가증권을 예탁받아 관리하고, 계좌 간 대체 업무를 수행하기 위해 설립된 기관입니다. 우리나라에서는 한국 증권 결제 회사가 이 업무를 담당하고 있습니다. 유가증권의 보호예수, 주식 명의개서 대행, 발행 대행 등 증권의 발행과 유통 과정에서 발생하는 다양한 행정 업무를 처리합니다.",미래에셋증권 증권용어사전,https://securities.miraeasset.com/hki/hki3028/r01.do
증권 저축,[],거래/주문/결제,"증권 저축은 투자자가 매월 일정 금액만큼 증권을 매입하여 재산을 형성하는 저축 제도입니다. 공모주 청약권이나 담보 금융 등의 혜택이 있어 소액 투자자들이 주로 활용합니다. 크게 할부식과 적립식으로 나뉘는데, 할부식은 유가증권을 먼저 외상으로 구입한 뒤 대금을 분할 상환하는 방식으로 이자 부담이 발생할 수 있습니다. 적립식은 정기적으로 대금을 납입해 증권을 매입하는 방식이며 증권사가 매입한 증권을 보관 및 관리해 줍니다.",미래에셋증권 증권용어사전,https://securities.miraeasset.com/hki/hki3028/r01.do
증권 저축 업무,[],ETF/펀드,"증권 저축 업무는 저축자로부터 받은 자금을 주로 유가증권에 투자하여 운용하고, 그 수익이나 약정된 이율에 따른 이익을 돌려주는 저축 제도입니다. 투자신탁의 수익증권 등을 활용해 자금을 운용하며, 운용 방식이나 입출금 조건에 따라 여러 종류로 나뉩니다. 주로 펀드나 신탁 상품의 구조를 설명하는 공시나 관련 법령 문맥에서 사용됩니다.",미래에셋증권 증권용어사전,https://securities.miraeasset.com/hki/hki3028/r01.do
증권 투자,[],주식 기초,"증권 투자는 주식이나 채권 같은 유가 증권에 자금을 투입하는 것을 말합니다. 투자 성격에 따라 사채나 우선주처럼 확정적인 수익을 목적으로 하는 방어적 증권 투자와, 기업의 수익성에 따라 배당이나 시세가 변하는 주식 등에 투자하는 공격적 증권 투자로 구분할 수 있습니다.",미래에셋증권 증권용어사전,https://securities.miraeasset.com/hki/hki3028/r01.do
증권 투자 금융,[],거래/주문/결제,"증권 투자 금융은 주식 시장에서 증권의 매매 거래가 원활하게 이루어지도록 결제 자금을 빌려주는 것을 말합니다. 흔히 좁은 의미의 증권 금융을 뜻하기도 합니다. 은행이 증권사에 직접 자금을 빌려주거나, 증권 금융 회사와 같은 전문 기관을 통해 융자가 이루어지는 구조를 가집니다.",미래에셋증권 증권용어사전,https://securities.miraeasset.com/hki/hki3028/r01.do
증권 투자 신탁,[],ETF/펀드,"증권 투자 신탁은 다수의 투자자로부터 모은 자금을 전문가가 유가증권에 투자하고 운용하는 형태를 말합니다. 줄여서 '투신'이라고도 부르며, 자금을 낸 수익자, 운용을 담당하는 위탁회사, 재산을 관리하는 수탁회사로 구성됩니다. 전문가가 대신 운용하므로 소액으로도 분산 투자가 가능하다는 특징이 있지만, 투자 원금이 보장되지 않는다는 점에 유의해야 합니다. 운용 대상이나 방식에 따라 주식형, 공사채형, 개방형 등 다양한 종류로 구분됩니다.",미래에셋증권 증권용어사전,https://securities.miraeasset.com/hki/hki3028/r01.do
증권 투자 신탁업법의 목적,[],ETF/펀드,"증권 투자 신탁업법의 목적은 일반 투자자가 증권에 쉽게 투자할 수 있는 환경을 만들고 투자자를 보호하는 것입니다. 전문 투자 기관이 여러 사람의 소액 자금을 모아 분산 투자하고 그 이익을 배분하는 제도를 확립하며, 자산의 운용과 관리를 분리해 투자자가 안심하고 맡길 수 있는 법적 근거를 제공합니다. 이를 통해 자본 시장을 활성화하고 기업과 투자자 모두에게 도움을 주어 국민 경제 발전에 기여하고자 합니다.",미래에셋증권 증권용어사전,https://securities.miraeasset.com/hki/hki3028/r01.do
증권 회사,[],주식 기초,"증권 회사는 증권업을 수행하기 위해 허가를 받고 거래소의 거래원으로 등록된 회사입니다. 투자자의 주문을 받아 주식 매매를 집행하는 위탁 매매를 통해 수수료 수익을 얻거나, 회사의 자본으로 직접 매매를 수행하기도 합니다. 또한 기업이 유가 증권을 발행할 때 이를 인수하거나 모집하는 업무를 맡아 주식 시장 내 자금 흐름을 돕는 역할을 합니다.",미래에셋증권 증권용어사전,https://securities.miraeasset.com/hki/hki3028/r01.do
증권거래 준비금,[],재무/회계,"증권거래 준비금은 증권회사가 매매 거래에서 발생하는 손실을 보전하거나 고객에게 입힌 손해를 배상하기 위해 쌓아두는 준비금입니다. 증권사의 재무제표 등에서 확인할 수 있으며, 매매 손실이 이익을 초과하거나 임직원의 위법 행위 등으로 고객에게 손해를 배상해야 할 때 충당하는 용도로 쓰입니다. 정해진 목적 외에는 승인 없이 임의로 사용할 수 없습니다.",미래에셋증권 증권용어사전,https://securities.miraeasset.com/hki/hki3028/r01.do
증권거래세,[],거래/주문/결제,"증권거래세는 주식이나 지분을 팔 때(양도할 때) 부과되는 세금입니다. 주식을 매도하는 과정에서 발생하며, 거래를 중개하는 증권사나 양도자가 납세 의무를 집니다. 주식 거래 결과나 정산 내역을 확인할 때 주로 나타나는 항목입니다.",미래에셋증권 증권용어사전,https://securities.miraeasset.com/hki/hki3028/r01.do
증권관련 집단소송제,[],공시/기업행위,"증권관련 집단소송제는 일부 주주가 기업을 상대로 손해배상 소송을 제기해 승소하면, 소송에 직접 참여하지 않았더라도 같은 피해를 입은 다른 주주들이 판결의 혜택을 동일하게 누릴 수 있도록 하는 제도입니다. 기업의 허위·부실공시, 주가조작, 분식회계 등으로 발생한 투자자 피해를 구제하고 기업의 불법행위를 예방하기 위해 마련되었습니다.",미래에셋증권 증권용어사전,https://securities.miraeasset.com/hki/hki3028/r01.do
증권금융회사,[],거래/주문/결제,"증권금융회사는 유가증권을 담보로 자금을 빌려주거나 유가증권을 빌려주는 업무를 수행하는 기관을 말합니다. 넓은 의미로는 증권과 관련된 모든 금융 관계를 포함하지만, 주식 시장에서는 주로 유가증권을 담보로 자금이나 주식을 빌려주고 빌리는 행위를 지원하는 좁은 의미로 쓰입니다.",미래에셋증권 증권용어사전,https://securities.miraeasset.com/hki/hki3028/r01.do
증권대위(securities substitution),[],공시/기업행위,"증권대위는 기업이 자기 회사의 주식이나 사채를 발행하여 자금을 조달하고, 그 자금으로 다른 회사의 증권을 취득하는 행위를 뜻합니다. 기업이 자본을 마련해 타 기업에 투자하거나 지분을 확보하는 과정에서 나타나며, 기업의 자산 구성 변화를 보여주는 공시나 리포트 등에서 쓰이는 용어입니다.",미래에셋증권 증권용어사전,https://securities.miraeasset.com/hki/hki3028/r01.do
증권발행사,[],ETF/펀드,"증권발행사는 ETN(상장지수증권)을 발행하는 금융기관을 의미합니다. ETN은 발행사의 신용을 바탕으로 발행되는 상품이기 때문에, 발행사의 신용도에 따라 투자 리스크가 달라질 수 있습니다. 상품의 안정성을 판단할 때 발행사의 상태를 함께 확인하는 것이 중요합니다.",KB증권 금융용어사전,https://www.kbsec.com/go.able?linkcd=m04110000
증권업 협회,[],시장/상장,"증권업 협회는 거래의 공정성과 투자자 보호를 목적으로 설립된 증권 업계의 자율 규제 기관입니다. 장외시장을 관리하거나 회원사 간의 이해관계를 조정하는 등의 역할을 수행합니다. 증권사의 가입 여부는 자율적이지만, 시장의 질서를 유지하고 투자자를 보호하기 위한 다양한 활동을 펼칩니다.",미래에셋증권 증권용어사전,https://securities.miraeasset.com/hki/hki3028/r01.do
증권집합투자기구,[],ETF/펀드,"증권집합투자기구는 펀드 자산의 50%를 초과하여 주식이나 채권 같은 증권에 투자하는 펀드를 말합니다. 부동산이나 특별자산에 투자하는 펀드와 구분되는 개념으로, 주로 증권 시장의 상품에 투자할 때 쓰이는 용어입니다.",iM증권 금융용어사전,https://www.imfnsec.com/research/financial_guide/fg000000.jsp
증자,[],공시/기업행위,"증자는 기업이 자본금을 늘리는 것을 의미합니다. 상장기업은 대개 발행주식수를 늘리는 방식으로 증자를 진행하며, 공시나 뉴스에서 기업의 자금 조달이나 재무 구조 변화를 설명할 때 자주 쓰입니다. 증자는 대가를 받고 주식을 발행하는 유상증자와 주주들에게 무상으로 주식을 나누어주는 무상증자로 구분됩니다. 유상증자는 실제 자금이 유입되어 자본 규모가 커지는 효과가 있고, 무상증자는 자금 유입 없이 회계상 자본금만 늘어나는 특징이 있습니다. 시장 상황에 따라 시장의 반응이 달라질 수 있으므로 유의해야 합니다.",KB증권 금융용어사전,https://www.kbsec.com/go.able?linkcd=m04110000
지급불능위험(default risk),[],채권/금리/환율,"지급불능위험은 대출금을 약속한 날짜에 돌려받지 못하거나 아예 회수하지 못해 발생할 수 있는 불이익을 뜻합니다. 주로 채권이나 금융 거래에서 자금을 빌려준 쪽이 입을 수 있는 손실 가능성을 설명할 때 쓰입니다. 이는 차입자의 상환 능력에 따라 달라지며, 시장 상황이나 재무 건전성 등 여러 요인의 영향을 받습니다.",미래에셋증권 증권용어사전,https://securities.miraeasset.com/hki/hki3028/r01.do
지급준비금(reserve requirements),[],거시경제,"지급준비금은 중앙은행이 금융기관으로 하여금 예금액의 일정 비율을 예치하도록 하는 제도입니다. 예금자 보호를 위해 필요한 유동성을 확보하고, 시중의 통화량인 신용창조능력을 조절하는 수단으로 활용됩니다. 거시경제 뉴스나 중앙은행의 통화정책 리포트에서 시장의 유동성 상태를 설명할 때 주로 사용됩니다.",미래에셋증권 증권용어사전,https://securities.miraeasset.com/hki/hki3028/r01.do
지방채(municipal bond),[],채권/금리/환율,"지방채는 지방자치단체가 지방자치법과 지방재정법에 따라 자금을 조달하기 위해 발행하는 채권입니다. 부산·서울 지하철 공채, 서울 상수도 공모채권, 울산시 철도이설 공모채권 등 일부 상장된 경우를 제외하면 대부분 거래소에 상장되지 않은 비상장 채권으로 분류됩니다.",미래에셋증권 증권용어사전,https://securities.miraeasset.com/hki/hki3028/r01.do
지분법(equity method),[],재무/회계,"지분법은 투자한 회사가 투자받은 회사의 경영 성과를 자신의 재무제표에 반영하는 회계 방법입니다. 처음에는 주식을 산 가격으로 기록하지만, 이후 투자받은 회사의 이익이나 손실, 배당금 지급 등에 따른 지분 가치 변화를 정기적으로 반영하여 수정합니다. 주로 재무제표나 기업 리포트에서 투자 회사의 실질적인 자산 가치 변화를 설명할 때 사용됩니다.",미래에셋증권 증권용어사전,https://securities.miraeasset.com/hki/hki3028/r01.do
지수 스왑(index swap),[],파생/구조화상품,"지수 스왑은 채권이나 주식의 지수를 대상으로 수익률을 교환하는 스왑 거래입니다. 주로 채권지수와 고정금리를 교환하거나, 주가지수 상승률과 리보(LIBOR) 금리를 교환하는 방식으로 이루어집니다. 파생상품이나 구조화상품의 수익 구조를 설명하는 리포트나 공시 등에서 주로 쓰이는 용어입니다.",미래에셋증권 증권용어사전,https://securities.miraeasset.com/hki/hki3028/r01.do
지수옵션(index number option),[],파생/구조화상품,지수옵션은 정해진 기간 내에 지수가 행사가격을 넘어서는지 여부를 바탕으로 거래하는 파생상품입니다. 지수가 특정 수준을 넘는 것을 전제로 하는 콜옵션과 그 반대인 풋옵션이 있습니다. 만기일에 지수가 행사가격에 도달하지 못하면 투자 원금 전액을 잃을 수 있는 구조적 특징이 있으므로 상품의 성격을 정확히 파악해야 합니다.,미래에셋증권 증권용어사전,https://securities.miraeasset.com/hki/hki3028/r01.do
지수이동평균선,[],가격/차트,"지수이동평균선은 일정 기간 주가 평균의 진행 방향을 확인하고, 매일의 주가가 이 흐름과 어떤 관계를 보이며 움직이는지 분석하여 향후 동향을 예측하는 지표입니다. 주가 차트에서 현재의 가격 추세를 파악하는 용도로 주로 쓰입니다. 지표의 진행 방향과 주가의 움직임을 비교하여 추세의 변화를 분석하지만, 이것만으로 미래의 주가를 확정적으로 예측할 수는 없습니다.",미래에셋증권 증권용어사전,https://securities.miraeasset.com/hki/hki3028/r01.do
지정가주문,"[""지정가 주문""]",거래/주문/결제,"지정가주문은 투자자가 지정한 가격 또는 그보다 유리한 가격으로 거래가 체결되기를 원하는 주문 방식입니다. 매수 주문은 지정한 가격과 같거나 낮은 가격에, 매도 주문은 지정한 가격과 같거나 높은 가격에 체결됩니다. 주식 주문 화면에서 가격 조건을 직접 설정하여 거래하고 싶을 때 주로 사용합니다.",KB증권 금융용어사전,https://www.kbsec.com/go.able?linkcd=m04110000
지주 회사,[],시장/상장,"지주 회사는 다른 회사를 지배하기 위해 그 회사의 주식을 소유할 목적으로 설립된 회사입니다. 주식을 전부 소유하거나 경영권을 행사할 수 있는 수준의 지분을 보유하여 자회사를 관리하는 역할을 합니다. 기업 지배구조를 설명하는 공시나 리포트에서 주로 쓰이며, 지주 회사의 성격상 자회사의 상황이 지주 회사의 가치에 영향을 줄 수 있습니다.",미래에셋증권 증권용어사전,https://securities.miraeasset.com/hki/hki3028/r01.do
지지선,[],가격/차트,"지지선은 주가가 하락하다가 더 이상 떨어지지 않고 반등할 것으로 예상되는 가격 수준을 의미합니다. 주로 차트에서 저점들을 연결한 선으로 나타나며, 주가가 일정 수준 이하로 내려가지 않을 것이라는 심리적 마지노선 역할을 하기도 합니다. 지지선이 무너지는 경우 거래량이 늘어나며 주가 변동성이 커질 수 있으므로 차트 분석 시 주요하게 확인하는 지표입니다.",KB증권 금융용어사전,https://www.kbsec.com/go.able?linkcd=m04110000
지지선(support line),[],가격/차트,"지지선은 주가 차트에서 주가 파동의 하한점들을 연결한 직선을 의미합니다. 주가가 하락하는 과정에서 더 이상 낮아지지 않고 멈추었던 지점들을 연결해 시각화한 것입니다. 차트 분석 시 주가의 하락 범위를 가늠하는 기준으로 활용되지만, 지지선이 항상 유지되는 것은 아니므로 해석에 유의해야 합니다.",미래에셋증권 증권용어사전,https://securities.miraeasset.com/hki/hki3028/r01.do
지표가치,[],ETF/펀드,"지표가치는 ETN 1증권당 실질가치를 뜻합니다. ETF의 순자산가치(NAV)와 유사한 개념으로, ETN 상품이 실제로 얼마의 가치를 지니고 있는지 보여주는 지표입니다. 주가 화면 등에서 시장 가격과 비교하여 해당 상품의 가치 수준을 파악할 때 활용됩니다.",KB증권 금융용어사전,https://www.kbsec.com/go.able?linkcd=m04110000
직접공시,[],공시/기업행위,"직접공시는 기업의 영업활동이나 사업내용에 중요한 사실이 발생했거나, 보도·풍문에 대한 거래소의 해명 요구가 있을 때 기업이 투자자에게 직접 그 내용을 알리는 것을 뜻합니다. 법인의 대표이사나 공시책임자가 주체적으로 공시하며, 기업의 주요 정보를 시장에 전달하는 공시 체계 중 하나입니다.",미래에셋증권 증권용어사전,https://securities.miraeasset.com/hki/hki3028/r01.do
직접규제방식,[],거시경제,"직접규제방식은 중앙은행이 시중은행의 대출 규모나 조건을 직접적으로 제한하고 관리하는 방식입니다. 대출 한도 설정, 초과 대출에 대한 사전 승인, 대출 기간 및 담보 종류 제한, 창구지도 등이 포함됩니다. 주로 거시경제 뉴스나 통화 정책 리포트에서 시장의 유동성을 조절하는 수단으로 언급됩니다.",미래에셋증권 증권용어사전,https://securities.miraeasset.com/hki/hki3028/r01.do
직접금융(direct financing),[],주식 기초,"직접금융은 기업이 주식, 회사채, 기업어음 등의 증권을 발행하여 투자자에게 직접 판매함으로써 필요한 자금을 조달하는 방식입니다. 기업이 외부에서 자금을 마련하는 주요 방법 중 하나로, 증권 시장을 통해 자금을 확보할 때 쓰이는 용어입니다. 주로 기업의 자금 조달 현황을 다루는 뉴스나 공시에서 확인할 수 있습니다.",미래에셋증권 증권용어사전,https://securities.miraeasset.com/hki/hki3028/r01.do
집단경쟁매매(crowd auction),[],거래/주문/결제,집단경쟁매매는 정해진 시간과 장소에 매수측과 매도측 대리인들이 모여 공개적으로 가격과 수량을 겨루어 거래를 체결하는 방식입니다. 거래소 직원의 안내에 따라 손짓이나 목소리로 의사를 표시하며 매매 계약을 맺습니다. 다수의 시장 참여자가 한자리에 모여 경쟁을 통해 가격을 결정하는 매매 형태를 의미합니다.,미래에셋증권 증권용어사전,https://securities.miraeasset.com/hki/hki3028/r01.do
집중예탁,[],거래/주문/결제,집중예탁은 증권회사처럼 유가증권 매매를 영업으로 하는 기관이 보유한 증권을 수탁기관인 한국예탁결제원에 한데 모아 맡기는 것을 말합니다. 거래나 결제 시 증권을 개별적으로 관리하지 않고 집중하여 예탁함으로써 효율적인 관리가 가능해집니다.,미래에셋증권 증권용어사전,https://securities.miraeasset.com/hki/hki3028/r01.do
집중투자(intensive investment),[],주식 기초,"집중투자는 투자 자금의 대부분을 단일 종목이나 소수의 종목에 집중하여 투자하는 방식입니다. 기대수익이 높을 수 있지만, 특정 종목의 주가 변동에 따른 위험도 함께 커지는 특징이 있습니다. 투자 전략이나 리포트 등에서 포트폴리오 구성 방식을 설명할 때 주로 사용됩니다.",미래에셋증권 증권용어사전,https://securities.miraeasset.com/hki/hki3028/r01.do
집중투표제,[],공시/기업행위,"집중투표제는 기업이 2명 이상의 이사를 선출할 때, 주주가 요청하면 투표를 통해 득표순으로 이사를 선임하는 제도입니다. 지분을 3% 이상 보유한 주주가 요청할 수 있으며, 소액주주의 권리를 강화하려는 목적으로 시행되었습니다. 기업이 정관에 이 제도를 배제한다는 조항을 따로 두지 않았다면 자동으로 실시 대상이 됩니다.",미래에셋증권 증권용어사전,https://securities.miraeasset.com/hki/hki3028/r01.do
집합투자,[],ETF/펀드,"집합투자는 2인 이상의 투자자로부터 모은 자금을 금융투자상품 등에 투자하고, 그 성과를 투자자에게 배분하는 것을 의미합니다. 주로 펀드나 ETF의 구조를 설명할 때 사용되는 용어입니다. 운용 결과에 따라 수익이나 손실이 발생할 수 있으며, 그 결과는 투자자에게 귀속됩니다.",KB증권 금융용어사전,https://www.kbsec.com/go.able?linkcd=m04110000
집합투자기구,[],ETF/펀드,"집합투자기구는 여러 투자자로부터 모은 자금을 운용하기 위해 만든 기구로, 흔히 '펀드'라고 부릅니다. 구성 형태에 따라 투자신탁, 투자회사(뮤추얼펀드), 투자조합 등으로 분류됩니다. 주로 ETF나 펀드 관련 공시, 상품 설명 등에서 공식적인 명칭으로 사용됩니다.",iM증권 금융용어사전,https://www.imfnsec.com/research/financial_guide/fg000000.jsp
집합투자업자,[],ETF/펀드,"집합투자업자는 집합투자를 영업으로 하는 주체로, 보통 자산운용회사를 의미합니다. ETF나 펀드 상품의 운용 주체를 명시할 때 주로 쓰이는 용어이며, 투자자들로부터 모은 자금을 전문적으로 운용하고 관리하는 역할을 합니다.",iM증권 금융용어사전,https://www.imfnsec.com/research/financial_guide/fg000000.jsp
차감결제(net balance delivery),[],거래/주문/결제,"차감결제는 증권사가 매매를 결제할 때 매도분과 매수분을 서로 상계하고 남은 잔량이나 잔액만을 주고받는 방식입니다. 모든 거래 내역을 각각 결제하는 전량결제방식과 대비되는 개념으로, 현재 우리나라 주식 시장에서 채택하고 있는 결제 방식입니다.",미래에셋증권 증권용어사전,https://securities.miraeasset.com/hki/hki3028/r01.do
차관(credit),[],거시경제,"차관은 외국 정부나 공적 기관으로부터 자금을 빌려오는 것을 의미합니다. 주로 개발도상국이 경제 발전에 필요한 자본을 국내에서 조달하기 어려울 때 선진국으로부터 제공받는 경우가 많습니다. 형태나 목적, 주체에 따라 실물·현금 차관, 재정·상업 차관, 정부·민간 차관 등으로 구분됩니다. 일반적인 대출과 달리 상환 기간이 비교적 길고, 자금의 용도가 특정 목적으로 엄격히 제한되는 특징이 있습니다.",미래에셋증권 증권용어사전,https://securities.miraeasset.com/hki/hki3028/r01.do
차금결제,[],파생/구조화상품,"차금결제는 선물거래 등에서 거래 대금 전체를 주고받는 대신, 매수 가격과 매도 가격의 차액만을 정산하는 방식입니다. 만기 전이라도 반대매매를 통해 시세 변동에 따른 이익이나 손실분만 결제할 수 있다는 특징이 있습니다. 실제 현물을 인도하고 대금 전액을 지불해야 하는 현물거래와 대비되는 개념으로, 파생상품 시장의 주요 결제 수단으로 쓰입니다.",미래에셋증권 증권용어사전,https://securities.miraeasset.com/hki/hki3028/r01.do
차등배당,[],배당/주주환원,"차등배당은 주주별로 배당금을 다르게 지급하는 방식으로, 주로 대주주가 소액주주보다 낮은 배당률을 적용받는 것을 뜻합니다. 대주주가 세금 부담을 고려하거나 기업 이익이 충분하지 않을 때 소액주주에게 배당 권리를 양보하는 차원에서 실시되기도 합니다. 주로 기업의 배당 정책을 설명하는 공시나 뉴스에서 사용됩니다.",미래에셋증권 증권용어사전,https://securities.miraeasset.com/hki/hki3028/r01.do
차별가격(discriminative price),[],거시경제,"차별가격은 독점기업이 분단된 시장에서 서로 다른 가격을 설정하는 것을 말합니다. 수요자가 시장 사이를 이동할 수 없고 시장마다 가격탄력성이 다를 때 성립하며, 차별에 드는 비용보다 이익이 커야 합니다. 수출 덤핑이 대표적인 예시이며, 가격차별이 이루어지면 소비자잉여가 기업에 흡수되는 결과가 나타납니다.",미래에셋증권 증권용어사전,https://securities.miraeasset.com/hki/hki3028/r01.do
차별관세,[],거시경제,"차별관세는 특정 국가의 물품이나 특정 국적의 선박으로 들어오는 물품에 대해 서로 다른 관세율을 적용하는 것을 말합니다. 관세는 모든 국가에 평등하게 부과하는 것이 원칙이나, 특정 지역과의 무역을 촉진하거나 통상 협상에서 유리한 조건을 이끌어내기 위해 활용됩니다. 뉴스나 리포트에서 국가 간 무역 갈등이나 통상 정책 변화를 다룰 때 주로 등장하며, 부당한 무역 규제에 대응하는 수단으로 쓰이기도 합니다.",미래에셋증권 증권용어사전,https://securities.miraeasset.com/hki/hki3028/r01.do
차익거래,[],파생/구조화상품,"차익거래는 현물과 선물(또는 옵션) 중 상대적으로 고평가된 것을 매도하고 저평가된 것을 매수하여 그 차이를 수익으로 얻는 거래 방식입니다. 주로 코스피200 지수와 같은 현물 지수와 선물 지수를 비교하여 거래합니다. 선물이 현물보다 고평가되었을 때 선물을 매도하고 현물을 매수하는 '매수차익거래'와 그 반대인 '매도차익거래'가 대표적입니다. 단순히 시세 차익을 노리는 일반적인 매매와 달리, 같은 대상을 바탕으로 한 상품 간의 가격 불균형을 활용한다는 특징이 있습니다.",KB증권 금융용어사전,https://www.kbsec.com/go.able?linkcd=m04110000
차익거래(arbitrage trading),[],파생/구조화상품,"차익거래는 일시적으로 상품 간의 정상적인 가격 구조가 왜곡되었을 때, 그 가격 차이를 이용해 이익을 얻으려는 거래 방식입니다. 주로 기관투자자들이 활용하며, 시장의 가격 불균형에 개입하여 수익을 얻고자 할 때 쓰이는 용어입니다.",미래에셋증권 증권용어사전,https://securities.miraeasset.com/hki/hki3028/r01.do
차익거래펀드,[],ETF/펀드,"차익거래펀드는 코스피200 현물과 선물 사이의 가격 차이를 이용해 무위험 차익을 얻고자 하는 펀드입니다. 현물 가격이 선물보다 비싼 백워데이션 상태에서는 주식을 팔고, 선물 가격이 현물보다 비싼 콘탱고 상태에서는 주식을 사는 방식으로 차익을 얻습니다. 시장의 일시적인 가격 불균형을 활용하는 전략이며, 시장 상황에 따라 거래 방식이 결정됩니다.",미래에셋증권 증권용어사전,https://securities.miraeasset.com/hki/hki3028/r01.do
차입금의존도,[],재무/회계,차입금의존도는 기업이 전체 자본 중 빌린 돈(차입금)에 얼마나 의존하고 있는지를 나타내는 지표입니다. 재무제표에서 기업의 재무 건전성과 안정성을 판단할 때 주로 활용합니다. 차입금의존도가 높을수록 이자 등 금융비용 부담이 커져 수익성이 떨어질 가능성이 있습니다. 계산식은 '(장·단기차입금 + 회사채) / 총자본 × 100'으로 산출합니다.,미래에셋증권 증권용어사전,https://securities.miraeasset.com/hki/hki3028/r01.do
차주(borrowed stock),[],거래/주문/결제,"차주는 주식 거래를 위해 빌린 주식을 의미합니다. 주로 주가가 하락할 것으로 예상되거나 전략적인 이유로 주식을 미리 매도하기 위해 활용됩니다. 증권사가 고객의 요청으로 주식을 빌려오는 것을 차주신청, 빌린 주식을 다시 사거나 조달하여 갚는 것을 차주변제라고 합니다. 아직 갚지 않고 남아있는 주식의 총수량인 차주잔고는 시장의 매도 대기 물량 등을 파악하는 지표로 쓰이기도 합니다.",미래에셋증권 증권용어사전,https://securities.miraeasset.com/hki/hki3028/r01.do
차지거래,[],채권/금리/환율,"차지거래는 채권 매매 계약을 체결한 날로부터 1개월 이상 지난 후에 채권과 대금을 주고받기로 약정하는 거래입니다. 주로 증권회사가 매도하고 기관투자자가 매수하는 형태로 이루어지며, 향후 금리 하락을 예상하거나 미래에 확보될 자금에 맞춰 채권을 미리 사두려는 목적으로 활용됩니다. 단순 투기 거래로 행해지기도 하며, 매도자인 증권회사는 인도 시점까지 해당 채권을 운용하기도 합니다.",미래에셋증권 증권용어사전,https://securities.miraeasset.com/hki/hki3028/r01.do
차환(refunding),[],채권/금리/환율,"차환은 이미 발행한 채권(사채)을 상환하기 위해 새로운 채권을 발행하는 것을 뜻합니다. 빚을 완전히 갚아 없애는 것이 아니라, 새로운 조건의 채권으로 기존 채무를 대신하는 일종의 '갈아타기'입니다. 주로 만기가 돌아오는 채권의 상환 기한을 연장하거나, 더 낮은 금리로 신규 채권을 발행해 이자 부담을 줄이기 위해 활용됩니다. 뉴스나 공시에서 기업의 자금 조달 및 재무 전략을 설명할 때 주로 사용됩니다.",미래에셋증권 증권용어사전,https://securities.miraeasset.com/hki/hki3028/r01.do
차환발행(conversion issue),[],채권/금리/환율,"차환발행은 만기가 된 채권의 원금을 갚기 위해 새로운 채권을 다시 발행하는 것을 말합니다. 자금 수요가 계속될 때 기존 채권의 상환 시점에 맞춰 발행하며, 이렇게 발행된 채권을 차환채라고 부릅니다. 기업의 자금 조달이나 부채 관리 상황을 나타내는 공시나 뉴스에서 주로 사용됩니다.",미래에셋증권 증권용어사전,https://securities.miraeasset.com/hki/hki3028/r01.do
차환자금,[],채권/금리/환율,"차환자금은 이미 빌린 돈을 갚기 위해 새로 빌리는 자금을 의미합니다. 보통 기업이 이전에 발행한 채권의 만기가 돌아왔을 때, 이를 상환하기 위해 새로운 채권을 발행하여 마련한 돈을 말합니다. 기업의 자금 조달 공시나 뉴스에서 자금의 사용 목적을 설명할 때 주로 쓰이며, 기업의 재무 전략이나 시장 금리 상황에 따라 다르게 해석될 수 있습니다.",iM증권 금융용어사전,https://www.imfnsec.com/research/financial_guide/fg000000.jsp
착지거래,[],파생/구조화상품,"착지거래는 채권 선물거래의 일종으로, 계약을 체결한 날로부터 1개월 이상 지난 시점을 결제일로 정해 채권을 매매하는 방식입니다. 주로 장외시장에서 거래 당사자 간의 합의로 이루어지며, 미래의 특정 시점에 채권을 주고받기로 약속하는 성격을 가집니다.",미래에셋증권 증권용어사전,https://securities.miraeasset.com/hki/hki3028/r01.do
참가은행(participating bank),[],채권/금리/환율,"참가은행은 신디케이트 론(여러 금융기관이 공동으로 진행하는 대출)에서 간사은행단의 권유를 받아 대출 금액의 일부를 분담하는 은행을 뜻합니다. 보통 은행의 지명도에 따라 역할이 결정되며, 지명도가 상대적으로 낮은 경우 참가은행단에 참여하게 됩니다. 대규모 자금 조달이나 채권 관련 뉴스에서 자금을 공급하는 주체를 설명할 때 주로 쓰입니다.",미래에셋증권 증권용어사전,https://securities.miraeasset.com/hki/hki3028/r01.do
참가적 우선주(participating prefered stock),[],배당/주주환원,"참가적 우선주는 정해진 배당을 먼저 받은 후, 남은 이익이 있을 때 보통주와 함께 추가 배당에 참여할 수 있는 권리가 부여된 주식입니다. 잔여 이익에 대해 보통주와 동일한 자격으로 배당을 받는 '완전 참가적' 방식과, 일정 한도까지만 배당에 참여할 수 있는 '부분 참가적' 방식으로 구분됩니다.",미래에셋증권 증권용어사전,https://securities.miraeasset.com/hki/hki3028/r01.do
참고환율제,[],채권/금리/환율,"참고환율제는 각국 통화의 환율을 일정 범위 안에 묶어두고, 환율이 이 범위를 벗어나려 할 때 통화당국이 시장에 개입해 범위를 유지하는 제도입니다. 환율을 미리 정해둔다는 점에서는 고정환율제와 비슷하지만, 정해진 범위 내에서 환율이 움직일 수 있다는 점에서는 변동환율제의 성격도 가지고 있습니다.",미래에셋증권 증권용어사전,https://securities.miraeasset.com/hki/hki3028/r01.do
참여율,[],파생/구조화상품,참여율은 기초자산의 가격 변동 대비 수익률이 반영되는 비율을 뜻합니다. 주로 파생결합상품에서 기초자산 가격이 행사가격을 넘고 KO(Knock-Out) 가격에 도달하기 전까지의 구간에서 적용됩니다. 예를 들어 참여율이 50%라면 기초자산 가격이 1% 상승할 때 수익률은 그 절반인 0.5%가 반영되는 식입니다.,iM증권 금융용어사전,https://www.imfnsec.com/research/financial_guide/fg000000.jsp
창립총회(organization meeting),[],공시/기업행위,"창립총회는 주식회사를 설립하는 마지막 단계에서 주식을 인수한 사람들이 모여 회사의 주요 사항을 최종적으로 결정하는 의결기관입니다. 회사의 목적, 상호, 발행 주식 총수 등을 변경하거나 이사와 감사의 보수를 정하는 등 주주총회와 유사한 역할을 수행합니다. 주식인수인의 2/3 이상이 출석하고 인수된 주식 총수의 과반수가 찬성해야 의결이 성립되며, 설립 과정에서 부당한 결정이 내려질 경우 발기인이 책임을 질 수 있습니다.",미래에셋증권 증권용어사전,https://securities.miraeasset.com/hki/hki3028/r01.do
창업투자조합,[],ETF/펀드,"창업투자조합은 정부, 중소기업 창업투자회사, 일반투자자가 공동으로 출자하여 창업기업에 투자하고 그 수익을 나누는 제도입니다. 일정 기간 동안 창업기업에 자금을 공급하고 성과를 공유하는 목적으로 운영됩니다. 주로 뉴스나 공시에서 벤처 투자 및 기업 지원 관련 맥락으로 언급됩니다.",미래에셋증권 증권용어사전,https://securities.miraeasset.com/hki/hki3028/r01.do
채권,[],채권/금리/환율,"채권은 정부, 공공기관, 기업 등이 필요한 자금을 마련하기 위해 발행하는 유가증권입니다. 발행 주체에 따라 국채, 지방채, 회사채 등으로 구분되며 만기일, 이자율, 원금(액면가) 등이 정해져 있습니다. 주식에 비해 상대적으로 안정성이 높지만 금리 변동에 민감하며, 발행자의 신용도에 따라 발행 조건이 달라지는 특징이 있습니다.",KB증권 금융용어사전,https://www.kbsec.com/go.able?linkcd=m04110000
채권 가격 변동성,[],채권/금리/환율,"채권 가격 변동성은 시장 조건의 변화에 따라 채권 가격이 오르내리는 정도를 의미합니다. 시장 상황에 따라 채권 가격이 얼마나 민감하게 반응하는지 나타내며, 주로 채권 관련 뉴스나 리포트에서 가격 변화의 폭을 설명할 때 쓰입니다. 변동성이 크다는 것은 가격이 크게 오르거나 내릴 가능성이 모두 있다는 뜻이므로 상황에 맞춰 해석해야 합니다.",KB증권 금융용어사전,https://www.kbsec.com/go.able?linkcd=m04110000
채권 수익률,[],채권/금리/환율,"채권 수익률은 채권 투자로 얻는 이자와 채권 가격 변동에 따른 손익을 모두 포함한 수익률입니다. 채권 가격이 변함에 따라 수익률도 달라질 수 있으며, 뉴스나 리포트에서 채권 투자의 성과를 나타내는 지표로 활용됩니다.",KB증권 금융용어사전,https://www.kbsec.com/go.able?linkcd=m04110000
채권 시장,[],채권/금리/환율,"채권 시장은 채권이 거래되는 시장을 말하며, 공개 시장에서 거래되는 채권 등을 포함합니다. 주식 시장과 함께 금융 시장의 흐름을 파악하는 주요 지표로 활용되며, 주로 금리 변동이나 거시 경제 상황을 다루는 뉴스 및 리포트에서 시장의 배경을 설명할 때 자주 언급됩니다.",KB증권 금융용어사전,https://www.kbsec.com/go.able?linkcd=m04110000
채권가격지수,[],채권/금리/환율,"채권가격지수는 시장수익률 변동에 따른 자본 손익과 이자 수익을 합쳐 전체 상장 채권의 가격 움직임을 수치화한 지표입니다. 채권 시장의 전반적인 흐름을 파악할 때 활용됩니다. 시장 금리 변화에 따라 지수가 변동할 수 있으므로, 단순히 수치만 보기보다 금리 환경과 함께 해석하는 것이 중요합니다.",미래에셋증권 증권용어사전,https://securities.miraeasset.com/hki/hki3028/r01.do
채권면역(bond immunization),[],채권/금리/환율,채권면역은 시장금리가 변하더라도 채권을 매입할 당시에 기대했던 수익률을 그대로 실현하고자 하는 투자 기법입니다. 금리 변동에 따른 위험을 관리하여 목표한 수익을 확보하려는 목적으로 사용됩니다.,미래에셋증권 증권용어사전,https://securities.miraeasset.com/hki/hki3028/r01.do
채권선물거래(futures trading bonds),[],파생/구조화상품,"채권선물거래는 미래의 특정 시점에 채권을 미리 정한 가격으로 사고팔기로 약속하는 파생상품 거래입니다. 시장 금리 변동에 따른 채권 가격의 변동 위험을 관리하거나 수익을 얻기 위해 활용됩니다. 거래 대상은 단기부터 장기까지 다양한 국공채와 금융자산이 포함되며, 금리 변화에 민감하게 반응하는 특징이 있습니다.",미래에셋증권 증권용어사전,https://securities.miraeasset.com/hki/hki3028/r01.do
채권의 종류,[],채권/금리/환율,"채권의 종류는 발행 주체나 조건에 따라 구분되는 다양한 채권의 분류를 의미합니다. 정부가 발행하는 국채나 기업이 발행하는 회사채 등이 대표적입니다. 채권의 종류에 따라 발행 주체의 성격이 다르므로, 뉴스나 리포트에서 언급되는 채권의 특성을 이해하는 기초 정보로 활용됩니다.",KB증권 금융용어사전,https://www.kbsec.com/go.able?linkcd=m04110000
채권지수,[],채권/금리/환율,"채권지수는 채권에 투자했을 때 얻을 수 있는 수익률이나 가격 수준을 지수화하여 나타낸 지표입니다. 특정 시점의 가격이나 기간별 투자 수익률의 흐름을 한눈에 파악할 때 사용합니다. 채권 시장의 전반적인 성과를 측정하는 기준이 되며, 지수마다 산출 방식이나 포함하는 채권의 범위가 다를 수 있습니다.",미래에셋증권 증권용어사전,https://securities.miraeasset.com/hki/hki3028/r01.do
채권투자전략,[],채권/금리/환율,"채권투자전략은 채권 투자 시 수익을 높이고 위험을 관리하기 위해 활용하는 다양한 방법을 뜻합니다. 투자 목적이나 시장 상황에 따라 이표전략, 만기전략, 평균기간전략, 채권수익률전략, 채권교체전략, 채권면역 등으로 구분할 수 있습니다. 주로 시장 분석 리포트 등에서 채권 운용의 방향성을 설명할 때 사용되는 용어입니다.",미래에셋증권 증권용어사전,https://securities.miraeasset.com/hki/hki3028/r01.do
채권형 집합투자기구,[],ETF/펀드,"채권형 집합투자기구는 주식이나 주식 관련 파생상품을 편입하지 않고, 자산총액의 60% 이상(또는 연평균 60% 이상)을 채권 및 채권 관련 파생상품으로 운용하는 펀드나 ETF를 말합니다. 주로 펀드나 ETF의 상품 정보에서 투자 자산의 구성 비중과 운용 성격을 설명할 때 사용되는 용어입니다.",iM증권 금융용어사전,https://www.imfnsec.com/research/financial_guide/fg000000.jsp
채권혼합형 집합투자기구,[],ETF/펀드,"채권혼합형 집합투자기구는 주식과 채권에 모두 투자할 수 있는 펀드 중 주식 및 주식 관련 파생상품의 최대 투자 한도가 자산총액의 50% 이하인 상품을 말합니다. 주식형이나 채권형 펀드에 해당하지 않는 중간 성격의 투자 기구입니다. 주식 편입 비중에 따라 변동성이 달라질 수 있으며, 구체적인 한도는 상품 설명이나 공시를 통해 확인할 수 있습니다.",iM증권 금융용어사전,https://www.imfnsec.com/research/financial_guide/fg000000.jsp
챠트 분석(chart analysis),[],가격/차트,"챠트 분석은 과거의 주가 패턴이 앞으로도 반복된다는 전제하에 주가의 흐름을 파악하고 향후 움직임을 예측하는 방법입니다. 이동평균선이나 괴리도 같은 지표를 활용해 주가 추세를 분석하며, 분석 방식에 따라 선형, 봉형, 점수 챠트 등으로 구분합니다.",미래에셋증권 증권용어사전,https://securities.miraeasset.com/hki/hki3028/r01.do
청산,[],거래/주문/결제,"청산은 주식 거래에서 매도자와 매수자 사이의 채권과 채무 관계를 확정하고, 실제 결제가 이루어지기 전까지 결제 기관이 이를 보증하는 과정을 의미합니다. 거래 건수를 병합하여 효율성을 높이고 거래 과정에서 발생할 수 있는 피해를 방지하기 위해 결제 기관이 개입합니다. 중고 거래의 에스크로 서비스처럼 안전한 거래 이행을 돕는 단계로 이해할 수 있습니다.",KB증권 금융용어사전,https://www.kbsec.com/go.able?linkcd=m04110000
청산 거래(clearing transaction),[],거래/주문/결제,"청산 거래는 매매 계약이 성립된 후 일정 기간이 지난 결제일에 현금과 증권을 주고받는 거래 방식입니다. 계약 당일이나 익일에 실물을 주고받는 실물 거래와 대비되는 개념으로, 정해진 결제일에 거래를 이행하는 것이 특징입니다. 결제일이 오기 전에 반대 매매를 하여 매수와 매도 시점의 차액만을 정산할 수 있어 차금 결제라고도 불립니다.",미래에셋증권 증권용어사전,https://securities.miraeasset.com/hki/hki3028/r01.do
청산소,[],파생/구조화상품,"청산소는 선물거래 등에서 계약의 이행을 보증하고 결제 업무를 수행하는 중앙 기관입니다. 모든 거래의 상대방 역할을 맡아 매수자에게는 매도자가 되고 매도자에게는 매수자가 되어 거래의 안전성을 확보하는 기능을 합니다. 증거금 관리, 거래 결과 등록, 자금 결제 및 현물 인수도 관리를 담당하며, 거래 당사자들은 직접적인 관계 대신 청산회원을 통해 청산소에 대한 의무를 지게 됩니다.",미래에셋증권 증권용어사전,https://securities.miraeasset.com/hki/hki3028/r01.do
청산절차(liquidation process),[],공시/기업행위,"청산절차는 합병이나 파산 이외의 사유로 기업의 모든 자산과 부채를 정리하고, 남은 자본을 주주 등 출자자에게 돌려주는 과정을 의미합니다. 기업이 영업 활동을 중단하고 법인격을 소멸시키기 위해 거치는 단계로, 주로 공시를 통해 진행 상황이 확인됩니다. 기업의 총자산과 총부채를 완전히 상쇄하여 계산하는 최종적인 재산 정리 절차입니다.",미래에셋증권 증권용어사전,https://securities.miraeasset.com/hki/hki3028/r01.do
체결,[],거래/주문/결제,"체결은 주식 시장에서 매수나 매도 주문이 성사되어 거래가 완료된 것을 뜻합니다. 주문을 냈더라도 시장 상황에 따라 거래가 즉시 이루어지지 않을 수 있으므로, 주가 화면이나 주문 내역에서 체결 여부를 확인하는 것이 중요합니다.",KB증권 금융용어사전,https://www.kbsec.com/go.able?linkcd=m04110000
체결가,[],거래/주문/결제,체결가는 주식 시장에서 매수와 매도 주문이 맞물려 실제로 거래가 성사된 가격을 뜻합니다. 주가 화면이나 거래 내역에서 현재가 또는 특정 시점의 거래 가격을 나타낼 때 사용됩니다.,KB증권 금융용어사전,https://www.kbsec.com/go.able?linkcd=m04110000
체결량,[],거래/주문/결제,"체결량은 주식 시장에서 매수와 매도 주문이 일치하여 실제로 거래가 성사된 주식의 수량을 의미합니다. 주가 화면에서 실시간으로 거래가 얼마나 활발하게 일어나는지 확인할 때 주로 사용되는 지표입니다. 단순히 주문을 낸 수량이 아니라, 실제 거래가 완료된 수치라는 점이 중요합니다.",KB증권 금융용어사전,https://www.kbsec.com/go.able?linkcd=m04110000
체계적 위험,[],거시경제,"체계적 위험은 경제, 정치, 사회적 요인처럼 증권 시장 전체나 주가 전반에 영향을 주는 요인으로 인해 발생하는 위험입니다. 특정 종목이나 업종에만 국한되지 않고 시장 전체에 영향을 미치는 것이 특징입니다. 주로 뉴스나 리포트에서 거시적인 시장 변동성을 설명할 때 사용되며, 투자 이론에서는 이를 베타 계수라고 부르기도 합니다.",미래에셋증권 증권용어사전,https://securities.miraeasset.com/hki/hki3028/r01.do
체계적위험(systematic risk),[],거시경제,"체계적 위험은 경기 변동, 인플레이션, 정치적 상황 등 거시적인 요인으로 인해 시장 전체가 겪게 되는 변동 위험을 의미합니다. 개별 기업의 상황과 관계없이 시장의 모든 종목에 영향을 미치기 때문에, 여러 종목에 나누어 투자하는 분산투자로도 제거할 수 없는 위험이라는 점이 특징입니다.",미래에셋증권 증권용어사전,https://securities.miraeasset.com/hki/hki3028/r01.do
총수요관리(aggregate demand management policy),[],거시경제,"총수요관리는 국민경제의 안정적인 성장을 위해 총수요를 적절히 조절하는 정책입니다. 경기가 위축될 때는 세금 감면이나 재정 지출 확대 같은 확장 정책을 통해 수요를 늘리고, 경기가 과열될 때는 긴축 정책으로 수요를 억제합니다. 거시경제 뉴스나 리포트에서 정부와 중앙은행의 경기 대응 방향을 설명할 때 주로 사용되는 용어입니다.",미래에셋증권 증권용어사전,https://securities.miraeasset.com/hki/hki3028/r01.do
총액인수,[],시장/상장,"총액인수는 증권사 같은 중개기관이 발행되는 주식이나 채권의 전체 물량을 자신의 명의로 인수하여 판매하는 방식입니다. 중개기관이 발행 관련 사무를 모두 담당하며, 물량이 다 팔리지 않았을 때 발생하는 위험도 직접 부담하는 것이 특징입니다. 주로 기업의 공모나 증자 관련 공시 및 뉴스에서 발행 방식을 설명할 때 쓰입니다.",미래에셋증권 증권용어사전,https://securities.miraeasset.com/hki/hki3028/r01.do
총자본 이익률,[],투자지표/밸류에이션,"총자본 이익률은 기업이 사용한 총 자본에 대해 얼마만큼의 이익을 남겼는지 나타내는 지표입니다. 당기순이익을 순자본으로 나누어 계산하며, 기업이 자본을 얼마나 효율적으로 운용하고 있는지 보여줍니다. 재무제표 분석 시 이 비율이 높을수록 기업을 효율적으로 운영하고 있다고 판단하는 근거가 됩니다.",미래에셋증권 증권용어사전,https://securities.miraeasset.com/hki/hki3028/r01.do
총자본 회전률,[],투자지표/밸류에이션,"총자본 회전률은 기업의 매출액을 총자본으로 나눈 지표로, 기업이 보유한 자본을 얼마나 효율적으로 활용해 매출을 일으켰는지 보여줍니다. 재무제표를 통해 기업 자산의 활용성을 분석할 때 주로 사용하며, 자본이 얼마나 빠르게 회전하며 매출로 이어지는지를 나타냅니다.",미래에셋증권 증권용어사전,https://securities.miraeasset.com/hki/hki3028/r01.do
총통화(M2),[],거시경제,"총통화(M2)는 시중에 풀린 돈의 양을 나타내는 넓은 의미의 통화지표입니다. 현금과 즉시 인출 가능한 예금뿐만 아니라 정기예금, 정기적금, 거주자외화예금처럼 약간의 이자 손실이나 수수료를 감수하면 바로 현금화할 수 있는 상품까지 포함합니다. 경제 뉴스나 리포트에서 시장의 전반적인 유동성 수준을 파악하는 지표로 활용됩니다.",미래에셋증권 증권용어사전,https://securities.miraeasset.com/hki/hki3028/r01.do
총평균법(periodic average method),[],재무/회계,총평균법은 일정 기간 동안의 기초 재고자산과 새로 취득한 재고자산의 전체 금액을 전체 수량으로 나누어 평균 단가를 계산하는 방식입니다. 재무제표에서 기업의 재고자산 가치를 평가할 때 사용되는 회계 방법 중 하나입니다. 개별 취득 시점의 가격보다는 해당 기간 전체의 평균적인 원가를 반영하여 계산한다는 특징이 있습니다.,미래에셋증권 증권용어사전,https://securities.miraeasset.com/hki/hki3028/r01.do
최고가격 (ceiling price),[],거시경제,"최고가격은 정부가 물가 안정을 위해 재화나 서비스의 가격이 일정 수준을 넘지 못하도록 정한 상한선입니다. 주로 인플레이션이나 비상 상황에서 생계비 상승을 억제하기 위해 시행됩니다. 최고가격을 넘는 거래는 원칙적으로 금지되지만, 초과 수요가 해소되지 않을 경우 암시장이 형성되는 등 정책 의도와 다른 결과가 나타날 수 있습니다.",미래에셋증권 증권용어사전,https://securities.miraeasset.com/hki/hki3028/r01.do
최대매수 가능 금액,[],거래/주문/결제,"최대매수 가능 금액은 보유한 현금과 주식 자산에 증권사가 제공하는 레버리지 비율을 합산하여 계산한 총 매수 가능 금액입니다. 투자자의 미수나 신용 거래 신청 여부, 그리고 종목별 조건에 따라 금액이 달라질 수 있습니다. 주로 주식 주문 화면에서 실제 매수할 수 있는 한도를 확인할 때 쓰입니다.",KB증권 금융용어사전,https://www.kbsec.com/go.able?linkcd=m04110000
최소 발행 금액,[],파생/구조화상품,최소 발행 금액은 ELS나 DLS 같은 파생결합증권을 발행하기 위해 모집해야 하는 최소한의 자금 규모를 의미합니다. 투자자들의 총 청약 금액이 이 기준에 미치지 못하면 증권사는 해당 상품의 발행을 취소할 수 있습니다. 청약 결과에 따라 상품 발행 여부가 결정될 수 있다는 점을 유의해야 합니다.,KB증권 금융용어사전,https://www.kbsec.com/go.able?linkcd=m04110000
최소가격 변동폭,[],파생/구조화상품,최소가격 변동폭은 선물계약에서 가격이 움직일 수 있는 가장 작은 단위를 뜻합니다. 선물거래소에서 거래되는 상품마다 거래 단위가 다르기 때문에 틱(Tick)의 크기도 각각 다르게 설정됩니다. 우리나라 주가지수 선물의 경우 최소가격 변동폭은 0.05포인트입니다.,미래에셋증권 증권용어사전,https://securities.miraeasset.com/hki/hki3028/r01.do
최유리지정가주문/최우선지정가주문,[],거래/주문/결제,"최유리지정가주문과 최우선지정가주문은 주식 거래 시 호가를 지정하는 주문 방식입니다. 최유리지정가주문은 주문자에게 가장 유리하도록 주문의 반대 방향 호가 중 최우선 호가로 주문을 체결하며, 일부만 체결되면 남은 수량은 해당 가격으로 대기합니다. 최우선지정가주문은 주문자가 가장 우선하여 거래되도록 주문과 같은 방향의 최우선 호가로 주문을 내는 방식입니다.",KB증권 금융용어사전,https://www.kbsec.com/go.able?linkcd=m04110000
최적 통화권(optimum currency areas),[],채권/금리/환율,최적 통화권은 여러 국가가 단일 통화를 쓰거나 고정환율제를 채택해 하나의 통화권을 형성하는 것이 경제적으로 더 효율적인 상태를 뜻합니다. 일정 조건을 충족하는 국가들이 모여 공동의 통화 체계를 갖추는 것이 유리하다는 견지에서 정의됩니다. 주로 환율이나 거시 경제 관련 뉴스 및 리포트에서 국가 간 경제 통합이나 통화 정책의 효율성을 설명할 때 쓰입니다.,미래에셋증권 증권용어사전,https://securities.miraeasset.com/hki/hki3028/r01.do
최종결제,[],파생/구조화상품,"최종결제는 선물거래에서 마지막 거래일까지 전매나 환매를 통해 정리되지 않은 계약을 마무리하는 절차입니다. 방식에 따라 최종결제가격으로 계산된 차익과 손실을 현금으로 주고받거나(현금결제), 실제 기초자산과 대금을 직접 교환(현물결제)하기도 합니다. 파생상품 거래의 최종 단계에서 발생하는 정산 과정을 설명할 때 사용됩니다.",미래에셋증권 증권용어사전,https://securities.miraeasset.com/hki/hki3028/r01.do
최종결제가격,[],파생/구조화상품,최종결제가격은 선물거래의 최종거래일에 결제의 기준이 되는 가격입니다. 일반적으로 최종거래일의 현물시장 종가나 거래소가 특별히 산출한 가격으로 결정됩니다. 선물 만기 시점에 실제 정산이 이루어지는 기준 가격으로 활용됩니다.,미래에셋증권 증권용어사전,https://securities.miraeasset.com/hki/hki3028/r01.do
최종결제지수,[],파생/구조화상품,"최종결제지수는 주가지수선물거래에서 만기일(최종거래일)에 정산의 기준이 되는 지수입니다. 선물 계약을 만기까지 보유했을 때 실제 손익을 확정 짓기 위해 사용하며, 파생상품 시장의 공시나 거래 화면에서 만기 시점의 가격을 나타낼 때 주로 쓰입니다.",미래에셋증권 증권용어사전,https://securities.miraeasset.com/hki/hki3028/r01.do
최종대부자(lender of last resort),[],거시경제,"최종대부자는 금융시장에 위기가 발생했을 때 시장 안정을 위해 마지막으로 자금을 공급해 주는 기관을 뜻하며, 주로 중앙은행이 이 역할을 수행합니다. 개별 금융기관이 일시적인 자금 부족으로 어려움을 겪을 때 유동성을 공급하여 금융 시스템 전체로 위기가 확산되는 것을 막는 역할을 합니다. 거시경제 뉴스나 시장 안정화 조치 관련 리포트에서 주로 사용되는 용어입니다.",미래에셋증권 증권용어사전,https://securities.miraeasset.com/hki/hki3028/r01.do
최초기준가격,"[""최초 기준가격""]",파생/구조화상품,"최초기준가격은 ELS나 DLS 같은 파생결합증권에서 상환 여부를 결정하는 기준이 되는 가격입니다. 보통 상품 발행일에 결정되는 기초자산의 종가를 의미하며, 이 가격을 기준으로 향후 주가 변동에 따른 상환 조건 충족 여부를 판단하게 됩니다.",KB증권 금융용어사전,https://www.kbsec.com/go.able?linkcd=m04110000
추가설정,[],ETF/펀드,"추가설정은 펀드나 ETF에서 투자자가 더 가입할 수 있도록 수익권의 총 좌수나 신탁 원본액을 늘리는 것을 말합니다. 주로 추가형 투자 신탁에서 판매할 수 있는 증권이 부족할 때, 미리 정해둔 한도 내에서 규모를 키우는 행위를 뜻합니다. 펀드의 규모가 변하는 과정이므로 공시나 펀드 정보 화면에서 확인할 수 있습니다.",미래에셋증권 증권용어사전,https://securities.miraeasset.com/hki/hki3028/r01.do
추가증거금,[],거래/주문/결제,추가증거금은 투자자의 예탁총액이 유지위탁증거금보다 적을 때 추가로 납부해야 하는 증거금입니다. 예탁총액이 위탁증거금 수준 이상이 되도록 부족한 금액을 채워 넣어야 합니다. 거래 화면이나 알림을 통해 계좌의 증거금이 부족해졌음을 안내할 때 주로 사용됩니다.,미래에셋증권 증권용어사전,https://securities.miraeasset.com/hki/hki3028/r01.do
추가형,[],ETF/펀드,추가형은 펀드를 설정한 이후에도 언제든지 추가로 자금을 납입할 수 있는 펀드 운용 방식을 말합니다. 펀드 상품 설명이나 공시에서 해당 펀드가 자금을 계속해서 받아들일 수 있는 구조인지 나타낼 때 주로 사용됩니다.,iM증권 금융용어사전,https://www.imfnsec.com/research/financial_guide/fg000000.jsp
추세대,[],가격/차트,추세대는 주가 차트에서 추세선과 그 반대편의 점들을 이은 선(아웃라인) 사이의 범위를 말합니다. 주가가 일정한 방향을 유지하며 움직일 때 그 변동 폭을 시각적으로 나타내는 지표로 쓰입니다. 주가가 추세대 안에서 움직이는지 혹은 범위를 벗어나는지에 따라 현재 추세의 강도를 파악하는 데 활용됩니다.,미래에셋증권 증권용어사전,https://securities.miraeasset.com/hki/hki3028/r01.do
추세분석(trend analysis),[],가격/차트,추세분석은 주가가 일정 기간 동안 일정한 방향으로 움직이는 경향이 있다는 성질을 이용해 가격 흐름을 분석하는 기법입니다. 주가 차트에서 가격이 움직이는 방향성을 파악할 때 주로 사용합니다. 다만 주가의 움직임이 항상 일정한 추세를 유지하는 것은 아니므로 시장 상황에 따른 변화를 함께 고려해야 합니다.,미래에셋증권 증권용어사전,https://securities.miraeasset.com/hki/hki3028/r01.do
추세선,[],가격/차트,"추세선은 주가의 단기적인 움직임은 무시하고 장기적인 변동을 일정한 지점으로 연결하여 그린 직선 또는 곡선입니다. 주식 차트에서 가격의 흐름을 파악할 때 사용하며, 특정 추세선을 일정한 방향으로 돌파할 때 새로운 추세의 시작으로 해석할 수 있습니다.",KB증권 금융용어사전,https://www.kbsec.com/go.able?linkcd=m04110000
추세선(trend line),[],가격/차트,"추세선은 주가가 일정 기간 같은 방향으로 움직이는 성질을 파악하기 위해 차트상의 고점이나 저점을 연결해 그린 선입니다. 상승 중인 주가의 저점들을 연결하면 상승추세선, 하락 중인 주가의 고점들을 연결하면 하향추세선이 됩니다. 기존 추세선에서 3% 이상 벗어나거나 거래량이 급격히 늘어나는 현상은 추세가 전환되는 신호로 활용되기도 합니다.",미래에셋증권 증권용어사전,https://securities.miraeasset.com/hki/hki3028/r01.do
추심어음,[],채권/금리/환율,"추심어음은 채권을 추심(대금을 받아냄)할 목적으로 발행하는 어음입니다. 보통 채권자가 채무자를 지급인으로 지정해 환어음을 발행한 뒤, 은행에 대금 회수를 위탁하는 방식으로 쓰입니다. 수취인이 누구냐에 따라 채권의 추심과 채무의 변제가 동시에 이루어지기도 합니다.",미래에셋증권 증권용어사전,https://securities.miraeasset.com/hki/hki3028/r01.do
추적오차,[],ETF/펀드,"추적오차는 ETF가 추종하는 기초지수의 가격 변동을 얼마나 잘 따라가는지 나타내는 지표입니다. 지수의 움직임과 ETF 가격의 움직임이 얼마나 유사한지를 수치로 보여주며, ETF의 운용 상태를 파악할 때 활용됩니다. 수치가 낮을수록 지수와 유사하게 움직인다는 뜻이며, 지수와 ETF 사이의 수익률 차이를 이해하는 기준이 됩니다.",KB증권 금융용어사전,https://www.kbsec.com/go.able?linkcd=m04110000
추정제무재표(pro forma financial statement),[],재무/회계,"추정재무제표는 과거의 성과가 아니라 미래에 예상되는 수익과 비용 등을 추정하여 작성한 재무제표입니다. 기업이 다음 해의 예상 실적을 미리 가늠하거나 특정 거래가 재무 상태에 미치는 영향을 파악하기 위해 작성합니다. 이는 어디까지나 예측치이므로 실제 결과와 다를 수 있으며, 정확한 손익을 보장하지 않는다는 점에 유의해야 합니다.",미래에셋증권 증권용어사전,https://securities.miraeasset.com/hki/hki3028/r01.do
출금가능금액,[],거래/주문/결제,"출금가능금액은 계좌에 있는 예수금 중 증거금을 제외하고 당일 즉시 출금할 수 있는 금액을 의미합니다. 주식 주문 시 사용된 증거금 등이 반영되어 실제 잔고와 다를 수 있으므로, 출금이 필요한 경우 미리 확인해야 합니다.",KB증권 금융용어사전,https://www.kbsec.com/go.able?linkcd=m04110000
출자(contribution),[],공시/기업행위,출자는 회사의 목적을 달성하기 위해 필요한 유·무형의 수단을 제공하는 것을 의미합니다. 주로 기업 공시나 뉴스에서 회사가 사업을 위해 자본을 투입하거나 자산을 내놓는 상황을 설명할 때 쓰입니다. 출자는 현금과 같은 유형의 자산뿐만 아니라 기술이나 권리 같은 무형의 수단으로도 이루어질 수 있습니다.,미래에셋증권 증권용어사전,https://securities.miraeasset.com/hki/hki3028/r01.do
충당금(allow reserve),[],재무/회계,충당금은 장래에 발생할 가능성이 있는 특정 비용이나 손실에 대비하여 미리 설정해 두는 계정입니다. 정확한 금액은 확정되지 않았더라도 발생이 예상되는 비용을 추산하여 해당 연도의 장부에 반영할 때 사용합니다. 재무제표를 통해 기업이 미래의 지출 부담을 어떻게 관리하고 있는지 파악하는 데 활용됩니다.,미래에셋증권 증권용어사전,https://securities.miraeasset.com/hki/hki3028/r01.do
취득원가주의,[],재무/회계,"취득원가주의는 자산을 취득한 시점의 가격으로 가치를 평가하는 회계 원칙입니다. '원가주의'라고도 불리며, 주로 기업의 재무제표에서 자산 가치를 기록할 때 적용됩니다. 자산을 취득한 이후 시장 가격이 변하더라도 장부에는 처음 샀을 때의 가격을 유지하는 것이 특징입니다.",미래에셋증권 증권용어사전,https://securities.miraeasset.com/hki/hki3028/r01.do
취소주문,[],거래/주문/결제,"취소주문은 이미 제출한 매수, 매도, 정정 주문이 체결되기 전, 해당 주문의 전부 또는 일부를 취소하기 위해 내는 주문입니다. 주식 거래 화면에서 아직 체결되지 않은 주문을 철회하고 싶을 때 사용합니다.",KB증권 금융용어사전,https://www.kbsec.com/go.able?linkcd=m04110000
카르텔,[],거시경제,"카르텔은 같은 산업 내 기업들이 경쟁을 줄이기 위해 결성하는 기업연합을 뜻합니다. 주로 가격을 일정 수준으로 고정하거나 생산량을 할당해 시장을 나누는 방식을 사용합니다. 뉴스나 리포트에서 시장 경쟁 구도를 설명할 때 쓰이며, 국제적인 사례로는 석유수출국기구(OPEC)가 있습니다.",미래에셋증권 증권용어사전,https://securities.miraeasset.com/hki/hki3028/r01.do
카멜레온 펀드(chameleon fund),[],ETF/펀드,"카멜레온 펀드는 시장 상황에 따라 주식형과 공사채형 사이를 자유롭게 전환할 수 있는 금융상품입니다. 주식시장이 강세일 때는 주식형으로 운용하다가, 미리 설정한 목표 수익률에 도달하면 공사채형으로 전환하여 수익을 안정적으로 확보하고 주가 하락에 따른 손실 위험을 줄이는 특징이 있습니다.",미래에셋증권 증권용어사전,https://securities.miraeasset.com/hki/hki3028/r01.do
카지노 자본주의,[],거시경제,카지노 자본주의는 국제 금융시장의 통합으로 투기 자본이 세계 경제를 교란하는 현상을 도박판에 비유한 말입니다. 파생상품이나 헤지펀드의 과도한 투기적 움직임이 실물 경제에 큰 영향을 미치는 부정적인 측면을 강조합니다. 주로 뉴스나 리포트에서 글로벌 금융 위기나 시장의 불안정성을 설명할 때 인용됩니다.,미래에셋증권 증권용어사전,https://securities.miraeasset.com/hki/hki3028/r01.do
카터 본드(Carter bond),[],채권/금리/환율,"카터 본드는 1970년대 후반 미국 카터 행정부가 달러 가치를 방어하기 위해 독일이나 스위스 등 강세 통화로 발행한 미국의 중기 재무성 채권입니다. 외환시장 개입에 필요한 외화 자금을 조달하려는 목적으로 발행되었습니다. 미국 정부가 환율 변동 위험의 일부를 부담하며 중앙은행의 부담을 줄여주는 효과가 있었으나, 비거주자에 대한 발행이나 유통 시장에서의 판매는 제한되었습니다.",미래에셋증권 증권용어사전,https://securities.miraeasset.com/hki/hki3028/r01.do
칵테일 스왑(cocktail swap),[],파생/구조화상품,"칵테일 스왑은 세 명 이상의 거래자가 참여하거나 여러 종류의 스왑 거래를 동시에 진행하는 복합적인 거래 방식입니다. 통화 스왑과 금리 스왑을 결합하거나, 세 가지 통화를 동시에 교환하는 삼각 스왑 등이 대표적입니다. 일반적인 양자 간 거래보다 구조가 복잡한 파생상품이나 금융 거래 맥락에서 주로 쓰입니다.",미래에셋증권 증권용어사전,https://securities.miraeasset.com/hki/hki3028/r01.do
칼라(collar),[],채권/금리/환율,칼라(collar)는 변동금리채권의 이자율이 일정 범위 내에서만 움직이도록 상한선(cap)과 하한선(floor)을 모두 설정한 상태를 말합니다. 채권 발행자와 투자자가 급격한 금리 변동으로 인해 입을 수 있는 손실 위험을 줄이기 위해 활용됩니다. 금리가 상한선 이상으로 오르거나 하한선 이하로 떨어지더라도 약정된 범위 내의 이자율이 적용되는 것이 특징입니다.,미래에셋증권 증권용어사전,https://securities.miraeasset.com/hki/hki3028/r01.do
캐리 코스트,[],파생/구조화상품,"캐리 코스트는 자산을 보유하는 동안 발생하는 제반 비용을 의미합니다. 상품시장에서는 보관료나 보험료 등이, 증권시장에서는 증권을 보유하는 데 드는 이자비용 등이 해당합니다. 특히 파생상품 시장에서는 선물 결제일까지 현물을 매입해 유지하는 데 따르는 순금융비용을 설명할 때 주로 사용됩니다.",미래에셋증권 증권용어사전,https://securities.miraeasset.com/hki/hki3028/r01.do
캐리(carry),[],거래/주문/결제,"캐리는 증권사가 빌린 자금으로 유가증권을 보유하는 것을 뜻합니다. 유가증권의 수익률이 자금 차입 비용보다 높은 상태를 포지티브 캐리(Positive Carry), 그 반대를 네거티브 캐리(Negative Carry)라고 합니다. 상품시장에서는 향후 가격 상승을 예상하여 재고를 유지하는 행위를 의미하기도 합니다.",미래에셋증권 증권용어사전,https://securities.miraeasset.com/hki/hki3028/r01.do
캐비넷 증권(cabinet security),[],거래/주문/결제,캐비넷 증권은 거래소에 등록되어 있으나 거래가 활발히 이루어지지 않는 증권을 뜻합니다. 이러한 비거래 주식에 대한 지정가 주문은 거래가 성사되거나 주문이 취소될 때까지 거래소의 캐비넷에 보관된다는 의미를 담고 있습니다.,미래에셋증권 증권용어사전,https://securities.miraeasset.com/hki/hki3028/r01.do
캐스케이드 효과(cascade effect),[],가격/차트,"캐스케이드 효과는 특정 시점에 매물이 폭포수처럼 쏟아지며 주가가 급격히 하락하는 현상을 의미합니다. 프로그램 매매 등에 의해 연쇄적인 매도가 발생하면서 시세가 폭락하는 상황을 설명할 때 주로 사용됩니다. 시장의 급격한 변동성을 나타내는 용어로, 뉴스나 시황 분석에서 주가 폭락의 원인을 진단할 때 언급됩니다.",미래에셋증권 증권용어사전,https://securities.miraeasset.com/hki/hki3028/r01.do
캐시 플로(cash flow),[],재무/회계,"캐시 플로는 기업의 영업 활동을 통해 실제로 현금이 들어오고 나가는 흐름을 의미합니다. 재무제표에서 기업의 자금 운용 상태를 파악할 때 중요한 지표로 쓰입니다. 장부상 이익과 실제 현금의 흐름은 다를 수 있으므로, 기업의 실질적인 자금 상황을 확인하는 용도로 활용됩니다.",미래에셋증권 증권용어사전,https://securities.miraeasset.com/hki/hki3028/r01.do
캐피탈 론(capital loan),[],공시/기업행위,캐피탈 론은 증자 시 주식 납입 자금을 마련하기 위해 활용되는 대출 제도입니다. 주로 주주가 친인척으로 구성된 중견·중소기업에서 증자 대금 납입에 대한 부담을 덜기 위해 사용됩니다. 기업의 자본 확충 과정에서 발생하는 자금 용도에 맞춰 고안된 것이 특징입니다.,미래에셋증권 증권용어사전,https://securities.miraeasset.com/hki/hki3028/r01.do
캔들차트,[],가격/차트,"캔들차트는 시가, 종가, 고가, 저가 네 가지 가격을 양초 모양으로 시각화하여 보여주는 차트입니다. 시가보다 종가가 높으면 양봉(빨간색), 시가보다 종가가 낮으면 음봉(파란색)으로 표시합니다. 캔들 몸통 위아래로 뻗은 선은 각각 해당 기간의 고가와 저가를 나타내며, 차트 화면에서 주가의 흐름과 변동 폭을 파악할 때 주로 사용합니다.",KB증권 금융용어사전,https://www.kbsec.com/go.able?linkcd=m04110000
커머셜 페이퍼,[],채권/금리/환율,"커머셜 페이퍼(CP)는 기업이 운전 자금을 마련하기 위해 발행하는 상업 어음입니다. 신종 기업어음이라고도 불리며, 주로 신용도가 높은 기업이 단기 자금을 조달할 때 활용합니다. 뉴스나 리포트에서 기업의 자금 조달 수단으로 자주 언급되며, 국내에서는 주로 은행이나 금융회사를 통해 투자자에게 전달됩니다.",미래에셋증권 증권용어사전,https://securities.miraeasset.com/hki/hki3028/r01.do
커버드 콜(covered call) (covered cal),[],파생/구조화상품,"커버드 콜은 주식을 보유한 상태에서 해당 주식의 콜옵션(살 수 있는 권리)을 매도하는 투자 전략입니다. 주가가 크게 오르기 어렵다고 판단될 때, 옵션을 매도하여 얻은 수익으로 주가 하락에 따른 손실을 일부 보전하려는 목적으로 사용됩니다. 주가가 급등할 경우 얻을 수 있는 추가 이익은 제한되지만, 주가가 횡보하거나 완만하게 하락하는 장세에서 손실 위험을 낮추는 효과가 있습니다.",미래에셋증권 증권용어사전,https://securities.miraeasset.com/hki/hki3028/r01.do
컨버젼 프라이스 방식(conversion price method),[],공시/기업행위,"컨버젼 프라이스 방식은 신주 발행이나 무상증자 등으로 주식 수가 늘어나 주식 가치가 낮아질 때, 전환사채권자의 이익을 보호하기 위해 전환가액을 조정하는 방식 중 하나입니다. 시가보다 낮은 가격으로 주식이 발행되어 1주당 가치가 희석되는 것을 방지하기 위해 사용됩니다. 주로 전환사채 관련 공시나 리포트에서 발행 조건 및 권리 보호 방식을 설명할 때 등장합니다.",미래에셋증권 증권용어사전,https://securities.miraeasset.com/hki/hki3028/r01.do
컨트리 펀드,[],ETF/펀드,"컨트리 펀드는 특정 국가나 지역의 주식에 집중적으로 투자하는 외국 투자 신탁을 말합니다. 좁은 의미로는 해외 증권거래소에 상장되어 주식처럼 거래되는 회사형 투자 신탁을 뜻하기도 합니다. 주로 외국인 투자 규제가 엄격한 국가에 투자하는 수단으로 활용되나, 한국 시장에서는 상장이 인정되지 않는다는 특징이 있습니다.",미래에셋증권 증권용어사전,https://securities.miraeasset.com/hki/hki3028/r01.do
케임브리지 학파(Camebridge school),[],거시경제,"케임브리지 학파는 19세기 후반 마셜, 피구 등을 중심으로 현대 경제학의 기초를 세운 학파입니다. 시장에서 가격이 수요(한계효용)와 공급(생산비)에 의해 결정된다는 원리를 체계화했습니다. 경제 뉴스나 리포트에서 자주 인용되는 탄력성 개념이나, 다른 조건이 동일하다는 전제하에 개별 시장을 분석하는 방법론의 토대가 되었습니다.",미래에셋증권 증권용어사전,https://securities.miraeasset.com/hki/hki3028/r01.do
코넥스 상장주식,[],시장/상장,코넥스 상장주식은 창업 초기의 중소·벤처기업이 자본시장에서 자금을 원활하게 조달할 수 있도록 한국거래소가 개설한 코넥스(KONEX) 시장에 상장된 주식입니다. 주식 화면이나 공시에서 해당 종목이 속한 시장 분류를 나타낼 때 쓰입니다. 중소·벤처기업 지원이라는 시장의 목적에 따라 상장 기준 등이 다른 시장과 다르게 적용될 수 있습니다.,iM증권 금융용어사전,https://www.imfnsec.com/research/financial_guide/fg000000.jsp
코레스 계약,[],채권/금리/환율,코레스 계약은 서로 다른 국가의 은행들이 무역이나 자본 거래 시 발생하는 송금 등의 업무를 대신 처리해주기로 맺는 상호 계약입니다. 해외 송금이나 결제 업무를 원활하게 진행하기 위해 은행 간에 맺는 협력 관계를 뜻합니다. 주로 환율이나 국제 금융 관련 뉴스에서 국가 간 자금 흐름이나 은행의 대외 거래 환경을 설명할 때 쓰입니다.,미래에셋증권 증권용어사전,https://securities.miraeasset.com/hki/hki3028/r01.do
코로마스 펀드 (KOROmas Fund ),[],ETF/펀드,"코로마스 펀드는 여러 기업이 발행한 신주인수권부사채(BW)를 양도받아 편입한 유동화전문회사(SPC)의 명칭입니다. 수출 중소기업의 원활한 자금 조달과 성장을 지원하기 위해 조성되었습니다. 명칭은 한국 기회 펀드(Korea Opportunity Fund)와 가시고기를 뜻하는 라틴어의 합성어로, 중소기업이 자생력을 갖추고 세계적인 기업으로 성장할 수 있도록 끝까지 돕겠다는 의미를 담고 있습니다.",미래에셋증권 증권용어사전,https://securities.miraeasset.com/hki/hki3028/r01.do
코리아 펀드,[],ETF/펀드,코리아 펀드는 미국에서 자금을 모아 한국 상장 기업의 주식에 투자하는 외국인 전용 수익 증권입니다. 1984년에 설립되어 한국 주식을 매매해 얻은 매매 차익과 배당 소득을 투자자에게 분배하는 방식으로 운영됩니다. 외국인이 국내 증권 시장에 투자할 수 있도록 마련된 기금입니다.,미래에셋증권 증권용어사전,https://securities.miraeasset.com/hki/hki3028/r01.do
코스닥 KOSDAQ,[],시장/상장,"코스닥은 유망한 중소기업이나 벤처기업의 주식이 거래되는 시장입니다. 증권거래소의 엄격한 상장 조건을 충족하기 어려운 유망 기업들이 주식을 거래할 수 있도록 마련되었습니다. 미국의 나스닥(NASDAQ)과 유사한 성격의 시장으로 1996년 7월에 개설되었으며, 성장 가능성이 높은 기업들을 주요 대상으로 합니다.",미래에셋증권 증권용어사전,https://securities.miraeasset.com/hki/hki3028/r01.do
코포크 지표,[],가격/차트,"코포크 지표는 주가의 전년 동월 대비 등락률을 산출한 뒤, 이를 과거 9개월까지 소급하여 가중 계산하는 기술적 지표입니다. 주로 주가 차트에서 장기적인 가격 흐름을 분석할 때 사용됩니다. 지표의 산출 방식과 기간 설정에 따라 시장 상황을 해석하는 기준이 달라질 수 있으므로 유의해야 합니다.",미래에셋증권 증권용어사전,https://securities.miraeasset.com/hki/hki3028/r01.do
콘드라티예프 파동,[],거시경제,"콘드라티예프 파동은 약 40년에서 60년을 주기로 경기가 순환한다는 이론입니다. 대규모 공장, 철도, 운하 건설처럼 큰 비용과 긴 시간이 들어가는 자본재의 교체 주기를 경기 변동의 주요 원인으로 봅니다. 거시경제의 장기적인 흐름을 분석하는 리포트나 뉴스에서 주로 언급됩니다.",미래에셋증권 증권용어사전,https://securities.miraeasset.com/hki/hki3028/r01.do
콘탱고(Contango) / 백워데이션(Backwardation),[],파생/구조화상품,"콘탱고는 선물가격이 현물가격보다 높게 형성된 상태를, 백워데이션은 반대로 현물가격이 선물가격보다 높은 상태를 뜻합니다. 선물과 현물의 가격 차이인 베이시스가 양(+)이면 콘탱고, 음(-)이면 백워데이션으로 구분합니다. 콘탱고 상황에서는 상대적으로 비싼 선물을 팔고 현물을 매입하는 매수차익거래가, 백워데이션 상황에서는 반대 방향의 매도차익거래가 나타날 수 있습니다.",KB증권 금융용어사전,https://www.kbsec.com/go.able?linkcd=m04110000
콘탱코(Contango) (),[],파생/구조화상품,"콘탱고는 선물가격이 현물가격보다 높거나, 만기가 먼 선물가격이 가까운 선물가격보다 높은 상태를 의미합니다. 선물 만기까지 현물을 보유하는 데 필요한 이자, 창고료, 보험료 등의 비용이 반영되어 나타나는 현상입니다. 이러한 상태의 시장을 정상시장이라고도 부르며, 선물 시장의 가격 구조를 설명할 때 주로 사용됩니다.",미래에셋증권 증권용어사전,https://securities.miraeasset.com/hki/hki3028/r01.do
콜 시장,[],채권/금리/환율,콜 시장은 은행과 같은 금융기관들이 일시적으로 남거나 부족한 자금을 하루 또는 수일 동안 짧게 거래하는 시장입니다. 금융기관 간에 즉각적으로 이용할 수 있는 자금을 주고받으며 시장의 단기적인 자금 흐름을 조절하는 역할을 합니다. 주로 뉴스나 리포트에서 금융권의 유동성 상황을 설명할 때 언급됩니다.,미래에셋증권 증권용어사전,https://securities.miraeasset.com/hki/hki3028/r01.do
콜금리(call rate),[],채권/금리/환율,"콜금리는 금융기관끼리 남거나 모자라는 자금을 서로 빌려줄 때 적용되는 금리입니다. 금융기관 간의 자금 거래가 이루어지는 콜시장에서 결정되며, 금융시장 전체의 자금 흐름을 민감하게 반영하는 대표적인 단기 실세금리 지표로 활용됩니다. 시장의 자금 수급 상황을 보여주는 지표이므로 전반적인 유동성 흐름을 파악할 때 참고할 수 있습니다.",미래에셋증권 증권용어사전,https://securities.miraeasset.com/hki/hki3028/r01.do
콜옵션,[],파생/구조화상품,"콜옵션은 정해진 가격에 기초자산을 살 수 있는 권리를 말합니다. 옵션 매수자가 권리를 행사할 때, 시장의 결제가격이 미리 정한 행사가격보다 높으면 그 차액을 옵션 매도자로부터 받게 됩니다. 주로 주가지수옵션과 같은 파생상품 거래나 시장의 변동성을 설명하는 뉴스 등에서 사용되는 용어입니다.",미래에셋증권 증권용어사전,https://securities.miraeasset.com/hki/hki3028/r01.do
콤비네이션,[],파생/구조화상품,"콤비네이션은 동일한 기초주식에 대해 서로 다른 형태의 옵션을 동시에 매수하거나 발행하는 것을 총칭하는 말입니다. 파생상품 시장에서 스트래들, 스트립, 스트랩 등과 같이 여러 옵션을 조합해 투자 전략을 구성할 때 사용됩니다. 조합 방식에 따라 시장 상황에 대응하는 성격이 달라질 수 있습니다.",미래에셋증권 증권용어사전,https://securities.miraeasset.com/hki/hki3028/r01.do
콩글로머릿,[],공시/기업행위,"콩글로머릿은 서로 다른 업종의 기업들이 합병하여 구성된 복합기업을 뜻합니다. 기업이 본래의 사업 영역 외에 다양한 분야로 사업을 확장한 형태를 의미하며, 주로 기업의 사업 구조를 설명하는 공시나 리포트 등에서 사용됩니다.",미래에셋증권 증권용어사전,https://securities.miraeasset.com/hki/hki3028/r01.do
쿠폰 레이트,[],채권/금리/환율,"쿠폰 레이트는 채권 발행 시 정해진 확정 금리를 의미합니다. 채권 보유자에게 지급되는 이자율의 기준이 되며, 시장 금리가 변하더라도 발행 시점에 정해진 이율은 그대로 유지되는 것이 특징입니다.",미래에셋증권 증권용어사전,https://securities.miraeasset.com/hki/hki3028/r01.do
쿠폰(Coupon),[],채권/금리/환율,쿠폰(Coupon)은 채권 등의 금융상품에서 발행 시 약속한 제시수익률을 의미합니다. 주로 채권 투자 시 정기적으로 지급되는 이자율을 나타내는 용어로 쓰입니다. 시장 금리 변동이나 상품의 거래 가격에 따라 투자자가 체감하는 실제 수익률과는 차이가 있을 수 있으므로 구분하여 이해해야 합니다.,iM증권 금융용어사전,https://www.imfnsec.com/research/financial_guide/fg000000.jsp
쿠폰금리,[],채권/금리/환율,쿠폰금리는 채권의 액면가액에 대해 연간 지급되는 이자율을 의미합니다. 채권 액면가에 이 비율을 곱해 투자자가 정기적으로 받는 이자 금액이 결정됩니다. 채권 관련 공시나 상품 설명에서 이자 수익의 기준을 확인할 때 주로 사용되는 용어입니다.,KB증권 금융용어사전,https://www.kbsec.com/go.able?linkcd=m04110000
클라이맥스 지표,[],가격/차트,클라이맥스 지표는 OBV 지표를 분석할 때 보조적으로 활용하는 지표입니다. 종합주가지수 구성 종목 중 OBV가 상향 돌파를 기록한 종목 수의 누계를 계산하여 산출합니다. 주가 차트에서 지표의 추세와 종합주가지수의 추세를 비교해 시장의 전반적인 흐름을 파악하는 용도로 쓰입니다.,미래에셋증권 증권용어사전,https://securities.miraeasset.com/hki/hki3028/r01.do
키친 파동,[],거시경제,키친 파동은 약 40개월을 주기로 경기가 순환한다는 단기 경기 변동 이론입니다. 거시경제의 흐름을 분석하거나 시장의 주기적인 변화를 설명하는 뉴스 및 리포트에서 주로 언급됩니다. 경기가 일정한 주기에 따라 반복된다는 관점에서 현재의 경기 위치를 가늠하는 참고 자료로 활용됩니다.,미래에셋증권 증권용어사전,https://securities.miraeasset.com/hki/hki3028/r01.do
타이드론tied loan,[],채권/금리/환율,"타이드론은 자금을 빌려주는 쪽에서 그 용도를 미리 지정해두는 조건부 융자를 말합니다. 주로 자금을 빌려준 국가의 상품이나 서비스를 구매하는 데만 돈을 쓰도록 제한하는 차관 형태가 대표적입니다. 자금 사용에 제약이 없는 임팩트 론(impact loan)과 대비되는 개념으로, 뉴스나 경제 리포트에서 국가 간 금융 거래나 수출 지원 방식을 설명할 때 주로 사용됩니다.",미래에셋증권 증권용어사전,https://securities.miraeasset.com/hki/hki3028/r01.do
타인 자본,[],재무/회계,타인 자본은 기업이 경영 활동을 위해 차입금이나 사채와 같이 외부로부터 조달한 부채를 의미합니다. 재무제표에서 기업이 운용하는 자금 중 외부에서 빌려온 부분의 비중을 파악할 때 사용합니다. 타인 자본의 규모와 비중은 기업의 재무 구조를 분석하는 주요 지표가 됩니다.,미래에셋증권 증권용어사전,https://securities.miraeasset.com/hki/hki3028/r01.do
타인자본회전율,[],투자지표/밸류에이션,"타인자본회전율은 기업이 빌린 돈(타인자본)을 얼마나 효율적으로 사용하여 매출을 일으켰는지 나타내는 지표입니다. 매출액과 타인자본의 비율로 계산하며, 일정 기간 동안 타인자본이 몇 번 회전했는지를 보여줍니다. 이 비율이 높을수록 빌린 자본의 활용도가 높다는 것을 의미하며, 주로 기업의 재무제표를 분석할 때 자본 이용의 효율성을 판단하는 용도로 쓰입니다.",미래에셋증권 증권용어사전,https://securities.miraeasset.com/hki/hki3028/r01.do
타입대,[],채권/금리/환율,"타입대는 기업이 자금난으로 어음을 막지 못할 때 은행이 부도를 막기 위해 당좌대출한도를 초과하여 빌려주는 하루짜리 긴급대출입니다. 부도 위기에 처한 기업에 긴급 자금을 지원한다는 측면이 있으나, 통화관리 대상인 총통화(M2)에 집계되지 않아 규모가 커질 경우 시중 자금 흐름을 왜곡할 가능성도 존재합니다.",미래에셋증권 증권용어사전,https://securities.miraeasset.com/hki/hki3028/r01.do
터치 방식,[],채권/금리/환율,"터치 방식은 채권 공모입찰에서 낙찰된 가격 중 최저가격(또는 최고수익률)을 모든 낙찰자에게 동일하게 적용하는 방식입니다. 입찰자가 각자 다른 조건을 제시했더라도, 낙찰된 사람들은 모두 균일한 조건으로 채권을 취득하게 됩니다. 채권 발행 시장이나 관련 공시에서 입찰 방식을 설명할 때 주로 쓰입니다.",미래에셋증권 증권용어사전,https://securities.miraeasset.com/hki/hki3028/r01.do
텀론,[],채권/금리/환율,"텀론은 기업이 자금을 빌릴 때 만기를 1년 이상(보통 3~5년)으로 정하고 정기적으로 원금을 나누어 갚는 대출 방식입니다. 기업의 재무제표나 공시에서 자금 조달 방식을 설명할 때 주로 등장합니다. 상환 방식은 일정액 분할 상환이 일반적이지만, 만기에 가까울수록 상환액이 늘어나거나 만기 시점에 큰 금액을 한꺼번에 갚는 형태도 존재합니다.",미래에셋증권 증권용어사전,https://securities.miraeasset.com/hki/hki3028/r01.do
텃치방식,[],채권/금리/환율,텃치방식은 채권 공모입찰 시 낙찰된 최저가격이나 최고수익률을 모든 낙찰자에게 동일하게 적용하는 방식입니다. 입찰자가 제시한 조건과 상관없이 모든 낙찰자가 균일한 조건으로 채권을 취득하게 된다는 특징이 있습니다.,미래에셋증권 증권용어사전,https://securities.miraeasset.com/hki/hki3028/r01.do
테마(Thema),[],주식 기초,"테마는 새로운 사건이나 사회적 현상이 발생했을 때 그 영향을 받아 함께 움직이는 종목군을 뜻합니다. 정치, 선거, 신기술, 환경 등 특정 이슈에 따라 주가가 변동하는 종목들을 총칭하며, 주로 뉴스나 시장 분석 리포트에서 자주 언급됩니다. 특정 이슈에 따라 주가가 민감하게 반응할 수 있으나, 테마에 포함되었다는 사실만으로 기업의 가치나 주가 흐름을 단정해서는 안 됩니다.",KB증권 금융용어사전,https://www.kbsec.com/go.able?linkcd=m04110000
테마주,[],주식 기초,"테마주는 경제나 사회 현상 등 특정 주제(테마)와 관련되어 주가가 비슷한 방향으로 움직이는 종목군을 뜻합니다. 반도체 기술, 환율, 금리 변동, 인수합병 등 주변 환경의 변화에 따라 수혜가 예상되는 기업들이 하나의 그룹을 형성하는 것이 특징입니다. 뉴스나 시장 상황에 따라 특정 테마가 주목받으며 관련 주식들이 한꺼번에 움직이기도 하지만, 테마의 성격에 따라 주가 변동의 양상이 다를 수 있습니다.",미래에셋증권 증권용어사전,https://securities.miraeasset.com/hki/hki3028/r01.do
테마형 ETN,[],ETF/펀드,"테마형 ETN은 특정 산업, 트렌드, 섹터의 성과를 추종하도록 설계된 상장지수증권(ETN)입니다. 시장에서 주목받는 특정 주제를 중심으로 구성되며, 뉴스나 종목 화면에서 관련 테마를 묶어 설명할 때 쓰입니다. 해당 테마의 시장 상황에 따라 성과가 달라질 수 있습니다.",KB증권 금융용어사전,https://www.kbsec.com/go.able?linkcd=m04110000
텐더 빌,[],채권/금리/환율,텐더 빌은 영국 정부가 재정적자를 보전하기 위해 잉글랜드은행을 통해 발행하는 공모 재무증권입니다. 매주 금요일 잉글랜드은행에서 입찰을 거쳐 할인된 가격으로 발행됩니다. 주로 글로벌 채권 시장이나 금리 관련 뉴스에서 영국 정부의 자금 조달 방식을 설명할 때 사용됩니다.,미래에셋증권 증권용어사전,https://securities.miraeasset.com/hki/hki3028/r01.do
토빈의 q,[],투자지표/밸류에이션,"토빈의 q는 기업의 시장가치를 자본의 대체비용으로 나눈 투자지표입니다. 기업이 보유한 자산을 새로 조달하는 비용에 비해 시장에서 평가받는 가치가 어느 정도인지 나타내며, 설비투자 동향을 설명하는 데 쓰입니다. 일반적으로 이 비율이 1보다 크면 투자가 촉진되고, 1보다 작으면 투자가 위축될 가능성이 있다고 해석합니다.",미래에셋증권 증권용어사전,https://securities.miraeasset.com/hki/hki3028/r01.do
토탈리턴 스왑,[],파생/구조화상품,"토탈리턴 스왑(TRS)은 기초자산에서 발생하는 수익과 손실을 모두 이전하는 복합 파생금융상품입니다. 주로 유가증권을 담보로 자금을 차입하거나 환위험을 관리하는 과정에서 활용됩니다. 자산 가치가 하락해 담보 가치가 줄어들면 추가 자금을 투입해야 할 수 있으며, 기초자산의 가격 변동이나 환율 변동에 따른 손실 위험을 직접 부담하게 되는 구조를 가집니다.",미래에셋증권 증권용어사전,https://securities.miraeasset.com/hki/hki3028/r01.do
통정매매,[],거래/주문/결제,통정매매는 매수자와 매도자가 사전에 가격과 시기를 약속하고 주식을 서로 매매하는 행위를 말합니다. 거래가 활발하게 일어나는 것처럼 보이게 하거나 시세를 조종하여 다른 투자자를 오인하게 할 수 있어 법적으로 금지되어 있습니다. 주로 불공정 거래와 관련된 뉴스나 공시에서 시장의 공정성을 저해하는 행위로 언급됩니다.,미래에셋증권 증권용어사전,https://securities.miraeasset.com/hki/hki3028/r01.do
통화,[],거시경제,"통화(M1)는 화폐의 지급수단 기능을 중시한 지표로, 민간이 보유한 현금과 언제든지 현금으로 바꿀 수 있는 요구불예금을 합한 것입니다. 당좌예금이나 보통예금처럼 즉각적인 결제가 가능한 자금을 포함하며, 경제 뉴스나 리포트에서 시중의 유동성 상태를 확인하는 용도로 쓰입니다.",미래에셋증권 증권용어사전,https://securities.miraeasset.com/hki/hki3028/r01.do
통화 스왑,[],파생/구조화상품,통화 스왑은 원화와 외화처럼 서로 다른 통화의 채권과 채무를 교환하는 거래를 말합니다. 서로 다른 통화로 된 자금을 맞바꿈으로써 필요한 외화를 확보하거나 자금 조달 여건을 조절할 때 사용합니다. 주로 거시 경제 뉴스나 기업의 재무 공시에서 외환 시장의 상황을 설명할 때 등장합니다.,미래에셋증권 증권용어사전,https://securities.miraeasset.com/hki/hki3028/r01.do
통화간 금리스왑,[],파생/구조화상품,"통화간 금리스왑은 서로 다른 통화로 자금을 빌린 두 당사자가 원금과 이자 지급을 서로 교환하는 거래를 뜻합니다. 예를 들어 달러 고정금리로 자금을 빌린 쪽과 다른 통화의 변동금리로 빌린 쪽이 원금을 교환하고, 이후 각자의 통화에 따른 이자를 상대방에게 지급하는 방식입니다. 주로 기업의 자금 조달이나 외환 관련 리포트, 공시 등에서 통화 및 금리 변동에 대응하는 수단으로 언급됩니다.",미래에셋증권 증권용어사전,https://securities.miraeasset.com/hki/hki3028/r01.do
통화관리,[],거시경제,"통화관리는 중앙은행이 경제성장률, 물가상승률 등을 고려해 시중에 풀리는 돈의 양을 조절하는 것을 말합니다. 연간 통화증가율 목표를 정하고, 경기 동향에 맞춰 분기나 월별로 통화 공급을 신축적으로 관리하여 실물경제가 원활하게 운영되도록 합니다. 거시경제 지표나 중앙은행의 정책 관련 뉴스에서 주로 쓰이는 용어입니다.",미래에셋증권 증권용어사전,https://securities.miraeasset.com/hki/hki3028/r01.do
통화량,[],거시경제,"통화량은 시중에 유통되고 있는 돈의 규모를 뜻합니다. 통화량의 변동은 금리에 영향을 주어 소비와 투자 같은 실물 경제 지표를 변화시키는 요인이 됩니다. 통화량이 늘어나면 주식시장으로 자금이 유입되거나 금리 하락으로 기업의 이자 비용이 줄어들 수 있지만, 과도할 경우 인플레이션을 유발해 시장의 매력도를 떨어뜨리기도 합니다.",KB증권 금융용어사전,https://www.kbsec.com/go.able?linkcd=m04110000
통화선물,[],파생/구조화상품,통화선물은 미래의 특정 시점에 미리 정해진 가격으로 통화를 사고팔기로 약속하는 장내파생상품입니다. 환율 변동에 따른 위험을 피하거나 환율 차이에 따른 이익을 얻기 위해 활용됩니다. 매입자와 매도자가 계약 시점에 가격을 확정하여 미래의 환율 변동성에 대응하는 성격을 가집니다.,iM증권 금융용어사전,https://www.imfnsec.com/research/financial_guide/fg000000.jsp
통화승수,[],거시경제,"통화승수는 통화량을 본원통화로 나눈 값으로, 중앙은행이 공급한 본원통화가 시중에서 몇 배의 통화를 창출했는지를 나타내는 지표입니다. 경제 뉴스나 리포트에서 시중의 자금 순환 정도를 파악할 때 주로 활용됩니다. 일반 대중의 현금 보유 성향이나 은행의 지불준비율이 낮을수록 통화승수는 커지는 특성이 있습니다.",미래에셋증권 증권용어사전,https://securities.miraeasset.com/hki/hki3028/r01.do
통화안정계정,[],채권/금리/환율,"통화안정계정은 한국은행이 시중의 유동성을 조절하기 위해 금융기관을 대상으로 운영하는 특별계정입니다. 통화량을 줄여야 할 때는 금융기관이 이 계정에 자금을 예치하게 하고, 반대로 늘려야 할 때는 인출하게 하는 방식으로 작동합니다. 주로 금리나 채권 시장 관련 뉴스에서 한국은행이 단기적으로 통화량을 기동성 있게 조절하는 정책 수단으로 언급됩니다.",미래에셋증권 증권용어사전,https://securities.miraeasset.com/hki/hki3028/r01.do
통화안정증권,[],채권/금리/환율,"통화안정증권은 한국은행이 시중의 통화량을 조절하기 위해 금융기관과 일반인을 대상으로 발행하는 증권입니다. 통안증권 또는 통안체라고도 불리며, 한국은행이 이 증권을 매각하거나 매입함으로써 시장에 풀린 돈의 양을 관리합니다. 만기는 63일부터 546일까지 다양하게 구성되어 있고 매입 단위는 1,000만 원 이상이며, 발행 금리는 시장 실세 금리에 따라 결정됩니다.",미래에셋증권 증권용어사전,https://securities.miraeasset.com/hki/hki3028/r01.do
투기거래,[],파생/구조화상품,"투기거래는 현물시장 상황과 관계없이 선물시장에서 장래의 가격 변화를 예상하여 시세차익을 얻고자 하는 거래입니다. 주로 파생상품 시장의 맥락에서 사용되며, 위험을 분산하기보다 가격 변동 자체를 수익 기회로 삼는 것이 특징입니다. 시장의 유동성을 높이는 역할을 수행하지만, 예측과 반대로 가격이 움직일 경우의 위험도 함께 존재합니다.",미래에셋증권 증권용어사전,https://securities.miraeasset.com/hki/hki3028/r01.do
투신,[],수급/투자자,"투신은 일반투자자로부터 자금을 모아 유가증권에 투자하고, 그 결과로 발생한 수익을 투자자에게 배분하는 투자신탁회사를 의미합니다. 주식 시장의 수급 화면이나 뉴스에서 기관 투자자의 한 분류로 등장하며, 흔히 펀드 자금의 흐름을 파악할 때 참고합니다. 투신의 매매 동향은 시장의 주요 수급 주체 중 하나로 다뤄지지만, 이를 절대적인 투자 지표로만 해석해서는 안 됩니다.",KB증권 금융용어사전,https://www.kbsec.com/go.able?linkcd=m04110000
투자 신탁 위탁 회사,[],ETF/펀드,"투자 신탁 위탁 회사는 투자 신탁 재산의 운용을 주요 업무로 하는 회사로, 흔히 투자 신탁 회사라고도 부릅니다. 투자신탁 계약에서는 위탁자 역할을 하며, 자산 운용 외에도 수익 증권 발행, 신탁 재산 결산 및 이익 분배 등의 업무를 수행합니다.",미래에셋증권 증권용어사전,https://securities.miraeasset.com/hki/hki3028/r01.do
투자 신탁의 순자산,[],ETF/펀드,"투자 신탁의 순자산은 투자 신탁이 운용하는 자산의 규모를 나타내는 수치입니다. 크게 대차대조표 순자산과 신탁재산 순자산으로 구분합니다. 대차대조표 순자산은 자산 총액에서 부채와 신탁안정조정금을 차감하여 계산하며, 신탁재산 순자산은 대차대조표 순자산에 보유한 유가증권의 평가손익을 반영한 것입니다.",미래에셋증권 증권용어사전,https://securities.miraeasset.com/hki/hki3028/r01.do
투자 심리선,[],가격/차트,"투자 심리선은 일정 기간 동안 투자 심리의 변화를 파악하여 시장의 과열이나 침체 여부를 판단하는 지표입니다. 최근 12일 중 주가가 전일 대비 상승한 날의 수를 백분율로 나타내어 계산합니다. 일반적으로 지수가 75% 이상이면 시장이 과열된 상태로, 25% 이하이면 침체된 상태로 보며 차트 분석 시 보조 지표로 활용됩니다.",미래에셋증권 증권용어사전,https://securities.miraeasset.com/hki/hki3028/r01.do
투자금 납입(설정),[],ETF/펀드,투자금 납입(설정)은 펀드를 새로 만들거나 기존 펀드에 투자금을 추가로 넣는 과정을 의미합니다. ETF나 펀드 운용 시 자산이 유입되어 펀드 규모가 형성되는 단계를 설명할 때 주로 사용되는 용어입니다.,KB증권 금융용어사전,https://www.kbsec.com/go.able?linkcd=m04110000
투자세액공제,[],거시경제,"투자세액공제는 기업의 설비투자를 장려하기 위해 신규 투자액의 일정 비율을 법인세에서 공제해 주는 제도입니다. 기업이 새로 투자한 금액에 비례해 세금 부담을 낮춰주는 효과가 있습니다. 경기 변동이나 정책 방향에 따라 공제 비율이나 조건이 달라질 수 있으며, 주로 기업의 투자 계획이나 정부의 세제 혜택 관련 뉴스에서 확인할 수 있습니다.",미래에셋증권 증권용어사전,https://securities.miraeasset.com/hki/hki3028/r01.do
투자신탁,[],ETF/펀드,"투자신탁은 집합투자업자가 투자자로부터 모은 자금을 신탁업자에게 맡기고, 이를 운용하여 수익을 내기 위해 만들어진 펀드 형태를 의미합니다. 자산운용사가 자금을 직접 보관하지 않고 신탁업자에게 맡겨 관리하는 구조가 특징입니다. 펀드 상품의 정식 명칭이나 공시 자료 등에서 해당 펀드의 법적 형태를 설명할 때 주로 사용됩니다.",KB증권 금융용어사전,https://www.kbsec.com/go.able?linkcd=m04110000
투자신탁수탁회사,"[""투자 신탁 수탁 회사""]",ETF/펀드,"투자신탁수탁회사는 위탁자의 지시에 따라 투자신탁 재산의 관리와 보관 업무를 담당하는 회사입니다. 위탁자의 지시에 따라 신탁 재산을 운용하면서도, 필요한 경우 해당 지시에 대해 철회나 시정을 요구하며 자산을 보호하는 역할을 합니다. 주로 펀드나 ETF의 자산 관리 구조를 설명하는 맥락에서 사용됩니다.",미래에셋증권 증권용어사전,https://securities.miraeasset.com/hki/hki3028/r01.do
투자유의종목,[],시장/상장,"투자유의종목은 투자자의 주의를 환기하기 위해 거래소가 별도로 지정하여 발표하는 종목입니다. 일정 기간 동안의 주가 등락률, 거래 상황, 주식 회전율 등을 종합적으로 고려해 선정됩니다. 주식 화면이나 공시에서 해당 종목의 거래가 비정상적이거나 변동성이 클 수 있음을 나타내는 지표로 쓰입니다.",미래에셋증권 증권용어사전,https://securities.miraeasset.com/hki/hki3028/r01.do
투자자문회사,[],수급/투자자,투자자문회사는 고객에게 주식 등 유가증권의 가치나 투자 판단에 대해 조언을 제공하는 회사입니다. 말이나 문서 등의 방법으로 투자에 필요한 정보를 분석하고 의견을 제시하는 영업을 합니다. 뉴스나 리포트에서 전문가의 분석이나 시장 전망을 다룰 때 주로 언급됩니다.,미래에셋증권 증권용어사전,https://securities.miraeasset.com/hki/hki3028/r01.do
트랜스퍼 리스크,[],거시경제,"트랜스퍼 리스크는 해외 기업에 자금을 빌려주었을 때, 해당 기업의 상환 의사와 능력과는 관계없이 그 국가의 정책이나 경제 상황 때문에 원리금을 돌려받지 못하게 되는 위험을 뜻합니다. 주로 국가의 국제수지가 악화되어 외화 유출을 막기 위해 대외 지급을 제한하거나 금지할 때 발생합니다. 기업 자체의 문제보다는 국가 차원의 조치로 인해 채무불이행이 발생하는 상황을 설명하는 용어입니다.",미래에셋증권 증권용어사전,https://securities.miraeasset.com/hki/hki3028/r01.do
특권부사채,[],채권/금리/환율,"특권부사채는 일반적인 채권에 주식 전환권이나 주식 매입권, 이익 분배 청구권 등 특수한 권리를 더한 유가증권입니다. 전환사채(CB), 신주인수권부사채(BW), 이익참가사채 등을 통칭하는 용어로 쓰입니다. 채권자에게 주식과 관련된 권리를 부여하는 대신, 기업은 일반 채권보다 낮은 이자율로 자금을 조달할 수 있다는 특징이 있습니다.",미래에셋증권 증권용어사전,https://securities.miraeasset.com/hki/hki3028/r01.do
특별상각,[],재무/회계,"특별상각은 정규 감가상각 외에 특정 자산에 대해 추가로 인정하는 감가상각을 뜻합니다. 정부가 기업의 투자를 유도하기 위해 세금 부담을 줄여주는 제도로 활용됩니다. 재무제표에서는 특별손실로 처리하거나 제조원가에 반영하며, 구체적인 근거와 금액은 주석 공시를 통해 확인할 수 있습니다. 기업의 비용 처리 방식에 따라 이익 지표에 영향을 줄 수 있는 항목입니다.",미래에셋증권 증권용어사전,https://securities.miraeasset.com/hki/hki3028/r01.do
특별자산 집합투자기구,[],ETF/펀드,특별자산 집합투자기구는 펀드 재산의 50%를 초과하여 특별자산에 투자하는 펀드를 말합니다. 여기서 특별자산은 증권과 부동산을 제외한 투자 대상 자산을 의미합니다. 주로 펀드나 ETF의 투자 대상을 설명하는 공시나 상품 정보에서 확인할 수 있는 용어입니다.,iM증권 금융용어사전,https://www.imfnsec.com/research/financial_guide/fg000000.jsp
특수채,[],채권/금리/환율,"특수채는 특별법에 따라 설립된 법인이 해당 법의 근거에 따라 발행하는 채권입니다. 발행 기관의 신용을 바탕으로 발행되며, 한국전력공사나 한국토지주택공사 등이 발행하는 채권이 대표적인 예시입니다. 채권 시장이나 뉴스에서 발행 주체의 성격을 구분할 때 주로 사용됩니다.",미래에셋증권 증권용어사전,https://securities.miraeasset.com/hki/hki3028/r01.do
특정금전신탁,[],ETF/펀드,"특정금전신탁은 고객(위탁자)이 맡긴 돈을 어떤 종목에 투자할지 직접 지정하는 신탁 상품입니다. 흔히 '특금'이라고도 불리며, 주식이나 채권 등의 운용 방법을 투자자가 결정하는 것이 특징입니다. 원칙적으로 계약 종료 시 현금으로 돌려받으며, 원금이 보장되지 않는 상품입니다. 기존에 보유한 유가증권의 장부가와 분리하여 매매할 수 있다는 특징이 있어 은행이나 보험사 등에서 주로 활용됩니다.",미래에셋증권 증권용어사전,https://securities.miraeasset.com/hki/hki3028/r01.do
틱,[],가격/차트,"틱은 주식 시장에서 가격이 변동하는 최소 단위를 뜻합니다. 주가 수준에 따라 한 틱의 크기가 달라지며, 주가 화면이나 호가창에서 가격이 오르내리는 한 칸의 간격을 의미합니다. 시장의 가격 움직임을 세밀하게 관찰할 때 쓰이는 용어입니다.",KB증권 금융용어사전,https://www.kbsec.com/go.able?linkcd=m04110000
파레토 최적,[],거시경제,"파레토 최적은 자원 배분이 효율적으로 이루어져, 누군가에게 손해를 입히지 않고서는 다른 사람의 이익을 더 이상 늘릴 수 없는 상태를 뜻합니다. 거시경제 분석이나 시장의 효율성을 다루는 리포트 등에서 자원이 낭비 없이 배분된 최적의 상태를 설명할 때 쓰입니다.",미래에셋증권 증권용어사전,https://securities.miraeasset.com/hki/hki3028/r01.do
파리 금융선물거래소,[],파생/구조화상품,"파리 금융선물거래소(MATIF)는 프랑스의 자본시장 진흥을 위해 1986년에 설립된 금융선물거래소입니다. 프랑스 국채선물, PIBOR 금리선물, CAC 40 주가지수선물 등을 주요 상품으로 취급하며 세계적인 규모의 거래소로 성장했습니다. 현재는 금융자산의 선물 및 옵션뿐만 아니라 농산물 등 다양한 품목이 거래되는 시장입니다.",미래에셋증권 증권용어사전,https://securities.miraeasset.com/hki/hki3028/r01.do
파생결합증권,[],파생/구조화상품,"파생결합증권은 기초자산의 가격, 이자율, 지수 등의 변동과 연계하여 수익이나 회수 금액이 결정되는 증권입니다. 미리 정해진 방법에 따라 지급액이 달라지는 구조화된 상품으로, 주가연계증권(ELS)이나 기타파생결합증권(DLS)이 대표적입니다. 기초자산의 흐름에 따라 결과가 달라지므로 상품의 구조와 조건을 확인하는 것이 중요합니다.",iM증권 금융용어사전,https://www.imfnsec.com/research/financial_guide/fg000000.jsp
파생금융상품,[],파생/구조화상품,"파생금융상품은 주식, 채권, 금리, 외환 등 기초자산의 가치 변화에 따라 가격이 결정되는 금융상품입니다. 기초자산 자체를 직접 거래하는 것이 아니라, 해당 자산의 미래 가격 변동을 예상하여 그 가격 움직임을 상품화한 것이 특징입니다. 뉴스나 리포트에서 시장의 변동성이나 위험 관리 수단을 설명할 때 주로 언급됩니다.",미래에셋증권 증권용어사전,https://securities.miraeasset.com/hki/hki3028/r01.do
파생상품,[],파생/구조화상품,"파생상품은 기초자산의 가격, 이자율, 지수 등에 따라 가치가 결정되는 금융상품입니다. 주요 유형으로는 장래의 특정 시점에 자산을 인도하기로 약속하는 선물, 특정 조건으로 거래할 수 있는 권리를 부여하는 옵션, 일정 기간 자산이나 금전 등을 교환하기로 약정하는 스왑 등이 있습니다. 기초자산의 변동에 따라 가치가 산출되므로 상품마다 정해진 계약 조건을 확인하는 것이 중요합니다.",iM증권 금융용어사전,https://www.imfnsec.com/research/financial_guide/fg000000.jsp
파생외환상품,[],파생/구조화상품,"파생외환상품은 환율, 이자율, 주가 등 기초자산의 가치 변동에 따라 가격이 결정되는 선물, 스왑, 옵션 등을 통칭하는 용어입니다. 계약 시점에는 자산이나 부채의 변동을 일으키지 않는 부외거래 성격을 띠며, 적은 금액으로 큰 규모의 거래가 가능한 레버리지 효과가 큽니다. 주로 환율이나 금리 변동 위험을 피하기 위한 목적이나, 위험을 감수하고 높은 수익을 기대하는 목적으로 활용됩니다.",미래에셋증권 증권용어사전,https://securities.miraeasset.com/hki/hki3028/r01.do
파생통화,[],거시경제,"파생통화는 예금은행이 본원적 예금을 기초로 대출 과정을 거쳐 새롭게 창출한 예금통화를 의미합니다. 은행이 예금과 대출을 반복하는 과정에서 시중에 유동성이 공급되는 원리를 보여주는 거시경제 지표입니다. 파생통화는 총예금창조액에서 본원적 예금을 뺀 값으로 계산하며, 지불준비율에 따라 창출되는 규모가 결정됩니다.",미래에셋증권 증권용어사전,https://securities.miraeasset.com/hki/hki3028/r01.do
파이낸셜 컴퍼니즈,[],재무/회계,"파이낸셜 컴퍼니즈는 개인이나 중소기업을 주요 고객으로 하는 금융회사를 뜻합니다. 일반 대중으로부터 자금을 조달해 대기업에 융자하는 은행과 달리, 특정 고객과의 차입 계약을 통해 확보한 자금을 바탕으로 개인이나 중소기업에 대출을 실시하는 것이 특징입니다.",미래에셋증권 증권용어사전,https://securities.miraeasset.com/hki/hki3028/r01.do
파이낸셜 타임즈 지수,[],거시경제,"파이낸셜 타임즈 지수는 영국의 파이낸셜 타임즈사가 발표하는 국제상품가격지수입니다. 식료품과 섬유를 포함한 총 12개 품목의 가격을 바탕으로 산출하며, 세계 경기 변동을 민감하게 반영하는 지표로 활용됩니다. 다만 대상 품목 수가 적고 단순기하평균 방식을 사용하기 때문에, 비중이 낮은 특정 품목의 가격 변화가 지수 전체에 과도하게 영향을 줄 수 있다는 특징이 있습니다.",미래에셋증권 증권용어사전,https://securities.miraeasset.com/hki/hki3028/r01.do
파이낸스,[],재무/회계,파이낸스는 자본을 조달하고 운용하는 전반적인 재무 활동을 의미합니다. 주식 시장이나 기업 공시에서는 주로 기업의 채권을 할인하거나 매입하는 팩토링 업무를 수행하는 회사를 지칭할 때 사용되기도 합니다. 이러한 파이낸스사는 일반 금융기관과 달리 고객으로부터 예금을 받는 수신 업무가 금지되어 있다는 특징이 있습니다.,미래에셋증권 증권용어사전,https://securities.miraeasset.com/hki/hki3028/r01.do
파행장세,[],가격/차트,"파행장세는 시장 전체가 같은 방향으로 움직이지 않고, 일부 종목은 상승하는 반면 다른 종목은 하락하는 불균형한 시장 상태를 뜻합니다. 주가는 평소에도 어느 정도 다르게 움직이지만, 이러한 격차가 현저하게 나타날 때 파행장세라고 부릅니다. 특정 업종이나 종목에만 관심이 집중되어 시장 내 양극화가 심해지는 상황을 설명하는 용어로 쓰입니다.",미래에셋증권 증권용어사전,https://securities.miraeasset.com/hki/hki3028/r01.do
팍스시니카,[],거시경제,"팍스시니카는 중국이 주도하는 세계 질서와 그에 따른 평화로운 시기를 뜻합니다. 미국 중심의 세계 질서를 의미하는 '팍스 아메리카나'와 유사하게, 중국이 강력한 경제력을 바탕으로 국제 질서를 재편하는 상황을 설명할 때 사용됩니다. 주로 거시경제 뉴스나 리포트에서 중국의 영향력 확대와 그에 따른 국가 간 경계나 갈등 양상을 다룰 때 언급됩니다.",미래에셋증권 증권용어사전,https://securities.miraeasset.com/hki/hki3028/r01.do
판매단,[],채권/금리/환율,"판매단은 발행된 채권을 최종 투자자에게 판매하는 역할을 하는 기관들의 모임입니다. 주로 은행이나 증권사로 구성되며, 채권의 인수나 간사 업무에는 직접 관여하지 않고 오직 판매 업무만 수행하는 것이 특징입니다. 간사단과 인수단은 자동으로 판매단에 포함되며, 각 기관은 판매한 물량에 비례하여 판매수수료를 받습니다.",미래에셋증권 증권용어사전,https://securities.miraeasset.com/hki/hki3028/r01.do
판매단 계약서,[],채권/금리/환율,"판매단 계약서는 유로본드 발행 시장에서 판매업자들 사이에 체결되는 권리와 의무에 관한 협정서입니다. 채권 판매 수수료의 지급, 매입한 채권에 대한 대금 지불, 판매 가격 및 지역 제한 등의 준수 사항을 규정합니다. 채권 발행 과정에서 판매 주체 간의 구체적인 약속을 명시한 문서로 쓰입니다.",미래에셋증권 증권용어사전,https://securities.miraeasset.com/hki/hki3028/r01.do
판매수수료,[],ETF/펀드,판매수수료는 펀드에 가입할 때 판매회사에 일회성으로 지불하는 수수료입니다. 지불 시점에 따라 가입 시점에 내는 선취 판매수수료와 나중에 내는 후취 판매수수료로 구분됩니다. 펀드 상품의 상세 정보나 투자설명서에서 투자자가 부담하는 비용 항목을 확인할 때 주로 사용됩니다.,iM증권 금융용어사전,https://www.imfnsec.com/research/financial_guide/fg000000.jsp
판매회사,[],ETF/펀드,"판매회사는 펀드의 판매와 환매 등 주된 업무를 담당하는 회사입니다. 주로 은행, 증권사, 보험사 등이 해당하며, 투자자 보호를 위해 관련 법령과 판매행위준칙을 준수할 의무가 있습니다. 펀드 상품을 선택하거나 거래할 때 투자자가 직접 마주하는 금융기관을 의미합니다.",iM증권 금융용어사전,https://www.imfnsec.com/research/financial_guide/fg000000.jsp
팔분 주가당거래량,[],가격/차트,팔분 주가당거래량은 주가 변동폭의 8분의 1에 해당하는 거래량을 의미하는 보조지표입니다. OBV나 클라이막스 지표의 한계를 보완하여 현재의 주가 추세가 종점에 가까워졌는지 분석할 때 사용합니다. 주가가 상승세를 유지하더라도 이 지표가 눈에 띄게 감소한다면 시장의 힘이 약해진 것으로 보고 추세 반전 가능성을 살피는 용도로 활용됩니다.,미래에셋증권 증권용어사전,https://securities.miraeasset.com/hki/hki3028/r01.do
패러티지수,[],거시경제,"패러티지수는 물가 상승에 연동하여 농산물 가격을 산출할 때 사용하는 지수입니다. 농가가 구매하는 비료, 농기구, 생활용품 등의 가격 변동을 지수화한 것으로, 농산물의 구매력을 일정하게 유지하기 위한 지표로 쓰입니다. 주로 거시경제 뉴스나 농산물 가격 정책 관련 리포트에서 물가 수준을 파악하는 용도로 언급됩니다.",미래에셋증권 증권용어사전,https://securities.miraeasset.com/hki/hki3028/r01.do
패밀리 펀드,[],ETF/펀드,"패밀리 펀드는 모펀드와 자펀드로 나누어 운용하는 모자형 투자 신탁을 말합니다. 모펀드는 유가증권에 직접 투자하여 수익을 내고, 자펀드는 이 모펀드에 투자하여 얻은 수익을 투자자에게 분배하는 이원적인 구조로 운영됩니다. 펀드 상품의 운용 방식이나 구조를 설명할 때 주로 사용되는 용어입니다.",미래에셋증권 증권용어사전,https://securities.miraeasset.com/hki/hki3028/r01.do
패턴 분석,[],가격/차트,"패턴 분석은 추세선이 변할 때 나타나는 여러 가지 주가 변동 모형을 미리 정형화해 두고, 실제 주가 움직임을 대조하여 향후 추이를 예측하는 기법입니다. 주식 차트에서 현재의 주가 흐름이 과거의 어떤 정형화된 사례와 유사한지 비교해 볼 때 주로 사용됩니다.",미래에셋증권 증권용어사전,https://securities.miraeasset.com/hki/hki3028/r01.do
팩터링,[],재무/회계,"팩터링은 기업이 물건을 외상으로 판매하고 받은 채권(외상매출채권)을 금융기관이 사들여 자금을 공급하는 단기금융 방식입니다. 금융기관이 상환청구권 없이 채권을 매입하여 만기일에 직접 대금을 회수하는 구조를 가집니다. 기업의 자금 조달이나 재무 상태를 다루는 공시, 리포트 등에서 주로 사용됩니다.",미래에셋증권 증권용어사전,https://securities.miraeasset.com/hki/hki3028/r01.do
퍼실리티 수수료,[],채권/금리/환율,퍼실리티 수수료는 신디케이트 차관에서 목표한 인수 금액을 채우기 위해 기존 수수료 외에 추가로 지급하는 비용을 뜻합니다. 대주단(돈을 빌려주는 금융기관들)의 수익 요구 수준을 맞추기 어려워 자금 모집이 원활하지 않을 때 주로 발생합니다. 채권 발행이나 대규모 자금 조달 관련 리포트 등에서 조달 조건을 설명하는 맥락에서 사용됩니다.,미래에셋증권 증권용어사전,https://securities.miraeasset.com/hki/hki3028/r01.do
퍼포먼스 펀드,[],ETF/펀드,"퍼포먼스 펀드는 단기간에 최대한의 주가 상승을 추구하는 투자 신탁입니다. 매매 회전율이 매우 높아 '고고 펀드'라는 별칭으로도 불리며, 주로 자금 규모가 작은 기업에 집중 투자하는 특징이 있습니다. 경우에 따라 차입이나 신용거래를 활용하거나 성과 보수를 적용하기도 합니다. 높은 성과를 목표로 하는 만큼 시장 상황에 따라 변동성이 클 수 있으며, 과거 급격한 주가 하락기에 투자자 불신의 원인이 되기도 했습니다.",미래에셋증권 증권용어사전,https://securities.miraeasset.com/hki/hki3028/r01.do
펀더멘털,[],거시경제,"펀더멘털은 국가나 기업의 재정 상태를 가늠할 수 있는 기초 경제 여건을 뜻합니다. 해당 주체의 재정이나 경영 상태가 얼마나 안정적인지를 보여주는 지표로 활용됩니다. 국가는 거시경제지표를 종합해 평가하고, 기업은 재무상태, 경영환경, 업황 등을 고려해 판단합니다. 뉴스나 리포트에서 기업의 본질적인 가치를 분석할 때 주로 언급됩니다.",KB증권 금융용어사전,https://www.kbsec.com/go.able?linkcd=m04110000
펀드,[],ETF/펀드,"펀드는 다수의 투자자로부터 모은 자금을 자산운용사가 주식, 채권, 부동산 등에 대신 투자하고 그 결과를 돌려주는 금융 상품입니다. 운용 방식이나 모집 형태에 따라 종류가 다양하며, 투자 대상에 따라 위험도와 기대 수익이 달라집니다. 예를 들어 선진국 투자 펀드는 상대적으로 위험과 기대 수익이 낮은 편이나, 신흥국 투자 펀드는 그 반대의 특성을 보이기도 합니다.",KB증권 금융용어사전,https://www.kbsec.com/go.able?linkcd=m04110000
펀드 매니저,[],ETF/펀드,"펀드 매니저는 투자 신탁의 재산을 관리하고 운용하는 전문가를 말합니다. 포트폴리오 매니저라고도 불리며, 펀드의 자산을 어디에 투자할지 결정하고 운용하는 권한을 가집니다. 펀드 매니저의 역량이나 인지도가 해당 펀드의 인기에 큰 영향을 미치기도 합니다.",미래에셋증권 증권용어사전,https://securities.miraeasset.com/hki/hki3028/r01.do
펀드보수,[],ETF/펀드,"펀드보수는 투자자의 자금을 운용하고 관리해 주는 대가로 지불하는 비용입니다. 펀드 수익률의 기준이 되는 기준가에 이미 반영되어 있어 투자자가 별도로 내지 않으며, 가입 채널이나 클래스에 따라 보수율이 다를 수 있습니다. 펀드보수에는 자산운용사에 내는 운용보수, 판매사에 내는 판매보수, 자산 보관을 맡는 수탁사에 내는 수탁보수, 사무 처리를 담당하는 일반사무관리회사에 내는 사무관리보수 등이 포함됩니다.",iM증권 금융용어사전,https://www.imfnsec.com/research/financial_guide/fg000000.jsp
펀드수수료,[],ETF/펀드,"펀드수수료는 펀드를 매입하거나 환매할 때 일회성으로 지불하는 비용입니다. 가입 채널이나 클래스에 따라 수수료가 다를 수 있습니다. 매입 시점에 지불하는 선취수수료, 환매 시점에 지불하는 후취수수료가 있으며, 단기 환매로 인한 운용 불안정을 방지하기 위해 특정 기간 내 환매 시 부과하는 환매수수료가 포함됩니다.",iM증권 금융용어사전,https://www.imfnsec.com/research/financial_guide/fg000000.jsp
펀드평가금액,[],ETF/펀드,"펀드평가금액은 투자자가 보유한 펀드 좌수의 현재 가치를 나타내는 금액입니다. 총 보유좌수에 현재 기준가격을 곱한 뒤 1,000으로 나누어 계산합니다. 투자자가 처음 매입한 금액이 아니라, 현재 시점의 펀드 가치가 얼마인지를 보여주는 지표로 활용됩니다.",iM증권 금융용어사전,https://www.imfnsec.com/research/financial_guide/fg000000.jsp
평가손익,[],가격/차트,평가손익은 주식을 매수한 금액과 현재 가격의 차이로 발생하는 이익이나 손실에 수수료와 세금을 반영한 금액입니다. 주가 화면에서 보유 종목의 성과를 확인할 때 주로 사용됩니다. 수수료와 제세금이 포함되기 때문에 매수가와 현재가가 같더라도 평가손익은 마이너스로 표시될 수 있습니다.,KB증권 금융용어사전,https://www.kbsec.com/go.able?linkcd=m04110000
평균단가,[],거래/주문/결제,"평균단가는 주식을 매수하는 데 들인 총 금액을 전체 수량으로 나누어 산출한 한 주당 평균 가격입니다. 주식 잔고 화면에서 보유 종목의 수익률을 확인하거나 투자 현황을 파악하는 기준이 됩니다. 주가가 낮을 때 더 많은 수량을 매수하면 평균단가가 낮아지는 효과가 있으며, 시장 상황에 따라 보유 주식의 단가를 조절하는 지표로 활용됩니다.",KB증권 금융용어사전,https://www.kbsec.com/go.able?linkcd=m04110000
평균배당수익율,[],배당/주주환원,"평균배당수익률은 여러 종목의 배당수익률을 평균한 값입니다. 주식 시장 전체의 배당 흐름을 파악하거나 개별 종목의 배당 수준이 어느 정도인지 가늠할 때 주로 활용됩니다. 계산 방식에 따라 단순평균과 가중평균으로 구분하는데, 단순평균은 대상 종목의 1주당 배당금 합계를 주가 합계로 나누어 구합니다. 가중평균은 상장 주식 수를 고려하여 배당금 총액을 시가총액으로 나누어 산출하며, 시장 전체의 배당 수익 수준을 보여주는 지표로 쓰입니다.",미래에셋증권 증권용어사전,https://securities.miraeasset.com/hki/hki3028/r01.do
평균손익,[],가격/차트,평균손익은 매수한 주식의 가격과 수량을 바탕으로 계산한 평가 손익을 평균하여 백분율로 나타낸 지표입니다. 주식 잔고 화면 등에서 현재 보유 중인 종목의 수익이나 손실 상태를 확인하는 용도로 쓰입니다. 여러 번에 걸쳐 주식을 매수했더라도 전체 보유 수량에 대한 평균적인 성과를 파악할 수 있게 도와줍니다.,KB증권 금융용어사전,https://www.kbsec.com/go.able?linkcd=m04110000
폐쇄형,[],ETF/펀드,"폐쇄형은 펀드 운용 기간 중에 투자자가 운용사에 직접 환매를 요구할 수 없는 형태의 펀드를 뜻합니다. 주로 펀드나 ETF의 상품 설명에서 중도환매가 제한되는 특성을 설명할 때 사용됩니다. 투자자가 원할 때 언제든 자금을 회수할 수 있는 개방형과 대비되는 개념으로, 공시나 상품 안내서에서 환매 조건을 확인할 때 쓰이는 용어입니다.",iM증권 금융용어사전,https://www.imfnsec.com/research/financial_guide/fg000000.jsp
폐쇄형 투자신탁,[],ETF/펀드,"폐쇄형 투자신탁은 투자자가 운용사에 대해 중도 해약이나 환매를 요구할 수 없는 형태의 투자신탁입니다. 영국형 투자신탁이라고도 불리며, 회사형 투자신탁의 대표적인 형태 중 하나입니다. 투자자의 해약 요청에 따른 자산 매각 압박이 없으므로 운용의 안정성을 확보할 수 있다는 특징이 있습니다.",미래에셋증권 증권용어사전,https://securities.miraeasset.com/hki/hki3028/r01.do
포괄주의,[],재무/회계,"포괄주의는 정상적인 영업 활동에서 발생한 수익과 비용뿐만 아니라, 비정상적인 활동으로 인한 이익과 손실까지 모두 이익 결정 요인에 포함하는 방식입니다. 재무제표 등에서 기업의 전체적인 성과를 측정할 때 사용되는 개념으로, 영업 성과만을 중시하는 당기실적주의와는 반대되는 관점을 취합니다.",미래에셋증권 증권용어사전,https://securities.miraeasset.com/hki/hki3028/r01.do
포워드 마진,[],채권/금리/환율,"포워드 마진은 선물환율과 현물환율의 차이를 나타내는 지표입니다. 선물환율을 표시할 때 전체 환율을 그대로 적는 대신, 현물환율과의 차이만을 따로 떼어 표시하는 방식을 말합니다. 시장에서는 이를 스왑포인트(points)나 핍(pips)이라고도 부르며, 환율 변동이나 금리 차이를 분석하는 뉴스나 리포트에서 주로 사용됩니다.",미래에셋증권 증권용어사전,https://securities.miraeasset.com/hki/hki3028/r01.do
포트폴리오,[],주식 기초,"포트폴리오는 위험을 줄이고 수익을 얻기 위해 여러 종목이나 자산에 나누어 투자하는 방법을 뜻합니다. '계란을 한 바구니에 담지 마라'는 격언처럼 특정 종목이나 자산에 집중하지 않고 분산하는 것이 핵심입니다. 주식 시장 내 종목 구성뿐만 아니라 펀드, 부동산 등 다양한 투자처를 조합하는 방식도 포트폴리오에 해당합니다.",KB증권 금융용어사전,https://www.kbsec.com/go.able?linkcd=m04110000
포트폴리오 베타,[],투자지표/밸류에이션,"포트폴리오 베타는 시장 전체의 변동과 비교하여 포트폴리오의 가격이 얼마나 민감하게 움직이는지를 나타내는 지표입니다. 시장수익률이 변할 때 포트폴리오의 수익률이 변하는 비율을 의미하며, 이를 통해 시장 전체의 흐름과 관련된 체계적 위험을 가늠할 수 있습니다. 베타계수가 클수록 시장 상황이나 경기 변동에 더 민감하게 반응한다는 뜻이므로, 포트폴리오의 변동성 수준을 파악할 때 활용됩니다.",미래에셋증권 증권용어사전,https://securities.miraeasset.com/hki/hki3028/r01.do
포트폴리오 보험,[],파생/구조화상품,"포트폴리오 보험은 투자 자산의 가치가 일정 수준 이하로 떨어지지 않도록 보호하면서 상승장의 수익도 함께 얻으려는 자산관리 기법입니다. 헷징의 한 유형으로, 약세장에서는 포트폴리오를 가격 하락 위험으로부터 방어하고 강세장에서는 주가 상승에 따른 이익을 누리는 것을 목표로 합니다.",미래에셋증권 증권용어사전,https://securities.miraeasset.com/hki/hki3028/r01.do
포트폴리오 이론,[],주식 기초,포트폴리오 이론은 분산 투자를 기본으로 하여 수리적으로 체계화된 증권 투자 이론을 통칭하는 말입니다. 주로 대규모 펀드 운용이나 투자 리포트에서 자산 배분 전략을 설명할 때 사용됩니다. 현대 포트폴리오 이론(MPT)을 비롯해 마코위츠의 이론을 발전시킨 CAPM(자본 자산 평가 모델)이나 APT(재정 가격 이론) 등이 대표적인 이론으로 꼽힙니다.,미래에셋증권 증권용어사전,https://securities.miraeasset.com/hki/hki3028/r01.do
표면 수익률,[],배당/주주환원,"표면 수익률은 증자 등 기업 행위에 따른 주가 변동을 고려하지 않고, 현재 주가를 기준으로 계산한 배당 수익률을 의미합니다. 증자 후의 예상 배당을 고려하는 방식과 대비되는 개념으로, 일반적인 수익률 계산과 같이 현재 시점의 주가로 나누어 구합니다. 배당 관련 공시나 리포트에서 현재 주가 대비 배당금의 수준을 파악할 때 사용됩니다.",미래에셋증권 증권용어사전,https://securities.miraeasset.com/hki/hki3028/r01.do
표면 이률,[],채권/금리/환율,"표면 이율은 CD(양도성예금증서) 발행 시 지급하기로 약속한 이자율을 뜻합니다. 흔히 이자율이라고도 부르며, 발행 시점에 정해진 이율에 따라 이자가 지급됩니다.",미래에셋증권 증권용어사전,https://securities.miraeasset.com/hki/hki3028/r01.do
표면금리,[],채권/금리/환율,"표면금리는 채권의 액면금액에 대해 1년 동안 지급되는 이자의 비율을 뜻합니다. '쿠폰 레이트'라고도 불리며, 채권 발행 시 정해진 이자 지급 조건을 나타냅니다. 투자자가 채권을 보유하는 동안 정기적으로 받는 이자 금액을 결정하는 기준이 됩니다.",미래에셋증권 증권용어사전,https://securities.miraeasset.com/hki/hki3028/r01.do
표준비율,[],재무/회계,"표준비율은 재무 분석 등에서 비교 기준이 되는 비율을 말합니다. 동종 기업의 평균 실적이나 해당 기업의 과거 평균, 또는 달성 가능한 목표치 등을 기준으로 삼습니다. 특정 기업의 재무 상태나 성과가 적정한 수준인지 가늠할 때 지표로 활용됩니다.",미래에셋증권 증권용어사전,https://securities.miraeasset.com/hki/hki3028/r01.do
표지 팩터링 어음,[],채권/금리/환율,"표지 팩터링 어음은 투자금융회사가 기업으로부터 확보한 진성어음의 액면을 통합하거나 분할하여, 금융회사의 명의로 다시 발행하는 어음입니다. 기업이 상거래를 통해 받은 어음을 금융회사가 매입한 뒤, 이를 바탕으로 새로운 어음을 만들어 시중에 유통하는 방식입니다. 주로 단기 금융 상품이나 채권 관련 맥락에서 언급됩니다.",미래에셋증권 증권용어사전,https://securities.miraeasset.com/hki/hki3028/r01.do
표지어음,[],채권/금리/환율,"표지어음은 금융기관이 기업어음, 무역어음 등을 근거로 자체 발행하여 일반 투자자에게 판매하는 어음입니다. 기업의 자금 조달을 목적으로 발행된 어음들을 바탕으로 금융기관이 별도의 어음을 만들어 유통하는 방식입니다. 주로 금리나 채권 시장의 자금 흐름을 다루는 맥락에서 사용됩니다.",미래에셋증권 증권용어사전,https://securities.miraeasset.com/hki/hki3028/r01.do
풋백옵션,[],공시/기업행위,"풋백옵션은 기업 인수나 합병 시 주식이나 실물 자산을 인수한 투자자가 일정한 가격에 다시 되팔 수 있는 권리를 뜻합니다. 주로 공시나 뉴스에서 기업 간 거래 조건을 설명할 때 등장하며, 투자자가 인수한 자산을 특정 시점에 약속된 가격으로 처분할 수 있는 장치로 활용됩니다.",iM증권 금융용어사전,https://www.imfnsec.com/research/financial_guide/fg000000.jsp
풋옵션,[],파생/구조화상품,"풋옵션은 정해진 가격에 자산을 팔 수 있는 권리를 뜻합니다. 주가지수옵션 거래 등에서 결제가격이 미리 정한 행사가격보다 낮을 때, 옵션을 산 사람이 그 차액을 받을 수 있는 구조입니다. 주로 시장 하락에 대비하거나 위험을 관리하는 맥락에서 사용됩니다.",미래에셋증권 증권용어사전,https://securities.miraeasset.com/hki/hki3028/r01.do
프라임 레이트,[],채권/금리/환율,프라임 레이트는 신용도가 가장 높은 최우량 기업에 적용되는 우대금리입니다. 은행의 평균 자금조달비용에 적정한 예대마진 등을 고려하여 산정됩니다. 금리 관련 뉴스나 리포트에서 대출 금리의 기준이 되는 지표로 언급됩니다.,미래에셋증권 증권용어사전,https://securities.miraeasset.com/hki/hki3028/r01.do
프로그램매매,"[""프로그램 매매""]",수급/투자자,"프로그램매매는 컴퓨터 프로그램을 통해 여러 종목을 일괄적으로 동시에 거래하는 기법입니다. 국내 시장에서는 코스피200이나 코스닥150 등 주요 종목 중 15개 이상을 한꺼번에 거래하는 경우를 프로그램매매로 규정합니다. 주로 대규모 자금을 운용하는 기관이나 외국인 투자자가 사용하며, 시장의 수급 흐름을 파악하는 주요 지표로 활용됩니다.",KB증권 금융용어사전,https://www.kbsec.com/go.able?linkcd=m04110000
"프로그램매매호가 효력정지 (사이드카, Sidecar)",[],거래/주문/결제,"프로그램매매호가 효력정지(사이드카)는 시장 상황이 급변할 때 프로그램 매매 호가를 일시적으로 멈춰 시장 충격을 완화하는 제도입니다. 코스피200 선물 가격이 5% 이상 변동하거나, 코스닥150 선물(6% 이상) 및 지수(3% 이상)가 급격히 변동하여 1분간 지속될 때 발동됩니다. 발동 시 5분간 프로그램 매매 호가 효력이 정지되며, 모든 거래를 중단하는 서킷브레이커와 달리 자동 거래인 프로그램 매매만 제한한다는 점이 특징입니다.",KB증권 금융용어사전,https://www.kbsec.com/go.able?linkcd=m04110000
프리미엄 풋,[],채권/금리/환율,"프리미엄 풋은 전환사채(CB) 등의 채권 투자자가 미래의 특정 시점에 원금에 일정한 프리미엄을 더한 가격으로 상환을 요구할 수 있는 권리를 뜻합니다. 채권 매입자에게 부여되는 권리로, 주식 전환을 선택하지 않을 경우를 대비해 상환 조건을 강화한 형태입니다. 주로 기업이 채권을 발행할 때 투자자를 모집하기 위한 조건 중 하나로 공시나 리포트 등에서 언급됩니다.",미래에셋증권 증권용어사전,https://securities.miraeasset.com/hki/hki3028/r01.do
프리미엄채,[],채권/금리/환율,"프리미엄채는 액면가보다 높은 가격에 발행된 채권을 의미합니다. 만기에 돌려받는 원금보다 비싼 가격으로 발행되었기 때문에, 만기 시 원금을 상환받을 때 발행가 대비 손실이 발생하게 됩니다. 채권 투자 시 액면가와 발행가의 차이를 확인하는 맥락에서 주로 사용됩니다.",KB증권 금융용어사전,https://www.kbsec.com/go.able?linkcd=m04110000
피보나치수열,[],가격/차트,"피보나치수열은 앞선 두 숫자의 합이 다음 숫자가 되는 수열(1, 2, 3, 5, 8, 13, 21...)을 뜻합니다. 주식 시장에서는 주가 파동이 이 수열의 황금비율(1:1.618)에 따라 움직인다는 엘리오트 파동이론의 근거로 활용됩니다. 주로 차트 분석 시 주가의 변동 폭이나 흐름을 파악하는 도구로 언급되지만, 수열의 비율이 주가와 항상 일치하는 것은 아니므로 해석에 유의해야 합니다.",미래에셋증권 증권용어사전,https://securities.miraeasset.com/hki/hki3028/r01.do
피셔 효과,[],채권/금리/환율,피셔 효과는 명목금리가 실질금리와 예상 인플레이션율의 합과 같다는 이론입니다. 시중 금리가 투자자가 기대하는 실제 수익률과 향후 물가가 오를 것이라는 예상을 모두 반영하여 결정된다는 점을 설명합니다. 주로 금리 전망이나 채권 시장의 흐름을 다루는 뉴스 및 리포트에서 인플레이션과 금리의 관계를 설명할 때 사용됩니다.,미래에셋증권 증권용어사전,https://securities.miraeasset.com/hki/hki3028/r01.do
필립스곡선,[],거시경제,"필립스곡선은 실업률과 물가상승률(또는 임금상승률) 사이의 상충관계를 나타내는 곡선입니다. 실업률이 낮아지면 물가가 오르고, 실업률이 높아지면 물가가 낮아지는 경향을 보여줍니다. 거시경제 지표를 분석하거나 정부의 재정·금융 정책 효과를 설명하는 뉴스나 리포트에서 주로 인용됩니다. 다만, 물가와 실업률이 동시에 높아지는 스태그플레이션 상황에서는 이 관계가 성립하지 않을 수 있다는 한계가 있습니다.",미래에셋증권 증권용어사전,https://securities.miraeasset.com/hki/hki3028/r01.do
필터,[],가격/차트,"필터는 주가가 최고점에서 일정 비율 하락하거나 최저점에서 일정 비율 상승할 때를 추세 변화의 신호로 보는 기술적 분석 기법입니다. 주가의 단기적인 변동은 설정한 필터 범위 내에서 움직이지만, 이 범위를 벗어나면 장기적인 상승 또는 하락 추세가 형성된다고 가정합니다. 차트 분석에서 주가 흐름의 유의미한 변화를 판단하는 기준으로 활용됩니다.",미래에셋증권 증권용어사전,https://securities.miraeasset.com/hki/hki3028/r01.do
핏셔효과,[],거시경제,"핏셔효과는 명목금리가 실질수익률과 예상 인플레이션율의 합과 같다는 경제 이론입니다. 거시경제 뉴스나 리포트에서 환율 변동을 예측할 때 주로 활용됩니다. 자본 이동이 자유로운 환경에서는 전 세계의 실질수익률이 동일해지므로, 국가 간 명목금리의 차이는 결국 각국의 인플레이션 예상치 차이에서 비롯된다고 설명합니다.",미래에셋증권 증권용어사전,https://securities.miraeasset.com/hki/hki3028/r01.do
하계주,[],주식 기초,"하계주는 여름철 수요가 늘어나는 제품이나 서비스를 제공하는 기업의 주식을 뜻합니다. 에어컨, 선풍기 같은 가전제품이나 맥주, 음료, 빙과류를 만드는 식음료 기업이 대표적입니다. 주로 날씨가 더워지는 봄부터 여름 사이에 시장의 관심을 받는 특징이 있습니다.",미래에셋증권 증권용어사전,https://securities.miraeasset.com/hki/hki3028/r01.do
하드론,[],채권/금리/환율,"하드론은 외국에서 빌려온 자금(차관) 중 상환 기간이 짧고 금리가 높아 조건이 까다로운 차관을 뜻합니다. 주로 미 달러화와 같이 자유롭게 교환할 수 있는 경화(Hard Currency)로 갚아야 하는 차관에서 유래했습니다. 대개 상업적인 목적의 민간 차관이 많으며, 상환 기간이 10년 미만이거나 금리가 상대적으로 높은 특징이 있습니다.",미래에셋증권 증권용어사전,https://securities.miraeasset.com/hki/hki3028/r01.do
하락매입,[],거래/주문/결제,하락매입은 주가가 하락하는 경우에만 매수하도록 설정하는 주문 형태를 뜻합니다. 주로 단기적인 하락 국면에서 주식을 확보하려는 목적으로 활용됩니다. 주가 흐름에 따라 주문 체결 여부가 달라질 수 있다는 점을 고려해야 합니다.,미래에셋증권 증권용어사전,https://securities.miraeasset.com/hki/hki3028/r01.do
하방경직성,[],가격/차트,"하방경직성은 주가나 물가 등이 특정 수준 이하로 잘 떨어지지 않으려는 성질을 뜻합니다. 주로 주가 차트나 시장 분석 리포트에서 주가가 하락 압력을 받음에도 특정 가격대를 유지하는 현상을 설명할 때 쓰입니다. 하방경직성이 나타난다고 해서 주가가 더 이상 떨어지지 않는다고 단정할 수는 없으며, 시장 상황에 따라 변동될 수 있습니다.",iM증권 금융용어사전,https://www.imfnsec.com/research/financial_guide/fg000000.jsp
하이테크 주,[],주식 기초,"하이테크 주는 인공지능(AI), 마이크로 일렉트로닉스, 바이오 테크놀러지, 신소재 등 첨단 기술 산업에 속한 기업의 주식을 말합니다. 컴퓨터, 유전공학, 탄소 섬유와 같이 수익성과 성장성이 높은 분야를 포함하며, 시장에서 인기가 높은 종목군을 일컫습니다. 주로 뉴스나 리포트에서 미래 성장 산업을 분류할 때 사용되는 용어입니다.",미래에셋증권 증권용어사전,https://securities.miraeasset.com/hki/hki3028/r01.do
하향직각 삼각형,[],가격/차트,"하향직각 삼각형은 주가 차트에서 저점은 일정하게 유지되지만 고점은 점차 낮아지는 형태의 패턴입니다. 매도세가 강해지며 고점이 낮아지는 반면, 특정 가격대에서 매수세가 유입되어 수평 지지선이 형성될 때 나타납니다. 매도자가 주식에 대한 평가를 점차 낮추는 과정으로 해석하며, 패턴이 진행되는 동안 거래량은 줄어들다가 완성된 이후에는 늘어나는 경향이 있습니다.",미래에셋증권 증권용어사전,https://securities.miraeasset.com/hki/hki3028/r01.do
한계기업,[],재무/회계,한계기업은 임금 상승이나 기술 변화 등 경제 여건이 바뀌면서 경쟁력을 잃고 성장이 어려워진 기업을 말합니다. 산업 구조조정 과정에서 인력이나 자금이 더 효율적인 곳으로 흘러가도록 정리되어야 할 대상으로 언급되기도 합니다. 주로 기업의 생존 가능성과 재무 건전성을 판단하는 맥락에서 사용됩니다.,미래에셋증권 증권용어사전,https://securities.miraeasset.com/hki/hki3028/r01.do
한계예대율 (marginal loan-deposit ratio),[],거시경제,"한계예대율은 일정 기간 동안 늘어난 예금액 대비 대출금이 얼마나 늘어났는지를 나타내는 비율입니다. 전 분기나 전년 대비 증가분을 비교하는 방식으로 나뉘며, 금융 시장의 상황을 민감하게 반영하는 지표로 쓰입니다. 경기 동향을 파악할 때 중요하게 활용되지만, 이 수치만으로 시장의 방향성을 단정하기보다는 전반적인 경제 흐름과 함께 살펴야 합니다.",미래에셋증권 증권용어사전,https://securities.miraeasset.com/hki/hki3028/r01.do
한계지급준비율,[],거시경제,한계지급준비율은 특정 시점의 예금 수준을 기준으로 그보다 늘어난 예금액에 대해 더 높은 지급준비율을 부과하는 제도입니다. 은행의 예금 규모를 억제하여 시중 통화량을 조절하는 정책 수단으로 쓰입니다. 우리나라에서는 과거 일정 수준 이상의 예금 증가액에 대해 높은 비율의 지급준비금을 중앙은행에 예치하도록 하는 방식으로 실시된 적이 있습니다.,미래에셋증권 증권용어사전,https://securities.miraeasset.com/hki/hki3028/r01.do
한국금융투자협회 펀드코드,[],ETF/펀드,한국금융투자협회 펀드코드는 투자자가 펀드(집합투자기구)의 명칭과 관련 정보를 조회할 수 있도록 한국금융투자협회가 부여하는 5자리의 고유 번호입니다. 펀드 정보를 검색하거나 공시 자료를 확인할 때 특정 펀드를 식별하는 용도로 사용됩니다.,iM증권 금융용어사전,https://www.imfnsec.com/research/financial_guide/fg000000.jsp
한국증권예탁원,[],거래/주문/결제,"한국증권예탁원은 주식 시장에서 매매가 이루어진 뒤 실제 결제 업무를 담당하는 기관입니다. 실물 증권을 직접 주고받는 대신 예탁원에 등록된 계좌 간에 소유권을 옮기는 방식으로 결제를 처리하며, 증권을 집중적으로 예탁받아 관리합니다. 주식 거래 후 실제 결제가 완료되는 과정에서 핵심적인 역할을 수행합니다.",미래에셋증권 증권용어사전,https://securities.miraeasset.com/hki/hki3028/r01.do
한월,[],파생/구조화상품,"한월은 선물거래에서 매매계약의 만기가 되어 해당 상품이 인도되는 달을 뜻합니다. 인도월 또는 계약월이라고도 불리며, 일반적으로 3, 6, 9, 12월 등 3개월 단위로 설정됩니다. 각 결제월물은 최종거래월이 지나면 상장폐지되고 새로운 결제월물이 신규 상장되어 순환되는 특징이 있습니다.",미래에셋증권 증권용어사전,https://securities.miraeasset.com/hki/hki3028/r01.do
한정의견,[],재무/회계,"한정의견은 감사인이 기업의 재무제표를 감사한 결과, 회계 처리가 기업회계원칙에 어긋나거나 원칙이 계속적으로 적용되지 않았을 때 표시하는 의견입니다. 주로 감사보고서나 공시에서 기업의 재무 정보를 확인할 때 쓰입니다. 재무제표의 일부 항목에 문제가 있음을 의미하므로, 해당 의견이 나온 배경과 사유를 함께 검토해야 합니다.",미래에셋증권 증권용어사전,https://securities.miraeasset.com/hki/hki3028/r01.do
할당관세,[],거시경제,"할당관세는 물자 수급을 원활하게 하기 위해 특정 물품의 관세율을 한시적으로 낮추거나 높이는 제도입니다. 국내 물가가 급등할 때 관세를 낮춰 수입을 늘리거나, 반대로 과도한 수입으로 가격이 폭락할 때 관세를 높여 수급을 조절합니다. 기본세율의 40% 범위 내에서 운용하며, 특정 기간이나 수입 수량을 정해두는 것이 특징입니다. 주로 원자재나 생필품 가격 안정 대책과 관련된 뉴스에서 자주 접할 수 있습니다.",미래에셋증권 증권용어사전,https://securities.miraeasset.com/hki/hki3028/r01.do
할인율,[],채권/금리/환율,할인율은 만기가 되지 않은 채권의 현재 가치를 계산할 때 적용하는 이자율입니다. 미래에 받을 금액에서 만기까지의 이자를 차감하여 현재의 가치를 산출할 때 사용합니다. 일반적으로 위험이 클수록 미래 자산의 가치가 불확실해지기 때문에 할인율이 더 높게 설정되는 특징이 있습니다.,미래에셋증권 증권용어사전,https://securities.miraeasset.com/hki/hki3028/r01.do
할인채,[],채권/금리/환율,"할인채는 만기에 돌려받는 원금보다 낮은 가격으로 발행되는 채권입니다. 정기적인 이자를 지급하는 대신 처음부터 할인된 가격으로 발행하며, 만기에 원금을 전액 상환받을 때 그 차액만큼 수익이 발생하는 구조입니다. 채권 시장이나 투자 상품 설명에서 발행 방식에 따른 채권 종류를 구분할 때 주로 사용됩니다.",KB증권 금융용어사전,https://www.kbsec.com/go.able?linkcd=m04110000
합명회사,[],재무/회계,"합명회사는 모든 사원이 회사의 채무에 대해 직접적이고 무한한 책임을 지는 형태의 회사입니다. 정관에 별도의 정함이 없다면 각 사원이 회사의 업무를 집행하고 대표할 권한을 가집니다. 재산뿐만 아니라 노무나 신용으로도 출자할 수 있으며, 파산이나 합병, 총사원의 동의 등 정해진 사유가 발생하면 해산 절차를 밟게 됩니다.",미래에셋증권 증권용어사전,https://securities.miraeasset.com/hki/hki3028/r01.do
합병,[],공시/기업행위,"합병은 두 개 이상의 기업이 법률적으로 하나의 기업이 되는 것을 의미합니다. 기존 기업이 다른 기업을 흡수하여 한 곳만 남는 흡수합병과, 새로운 회사를 세우는 신설합병으로 나뉩니다. 기업 공시에서 자주 볼 수 있는 주요 의사결정 사항이며, 주주총회의 특별 결의를 거쳐야 하는 등 법적 절차를 필요로 합니다.",미래에셋증권 증권용어사전,https://securities.miraeasset.com/hki/hki3028/r01.do
합병교부금,[],공시/기업행위,합병교부금은 기업 합병 과정에서 사라지는 회사의 주주에게 지급되는 현금을 의미합니다. 합병비율을 조정하거나 배당 성격의 대금을 지급할 목적으로 활용됩니다. 공시나 기업 행위 관련 소식에서 합병 조건의 일부로 언급됩니다.,미래에셋증권 증권용어사전,https://securities.miraeasset.com/hki/hki3028/r01.do
합병비율,[],공시/기업행위,"합병비율은 기업이 합병할 때 사라지는 회사의 주식과 존속하거나 새로 생기는 회사의 주식을 교환하는 비율을 뜻합니다. 합병계약서의 필수 기재 사항이며, 비율이 1:1인 경우를 대등합병, 그렇지 않은 경우를 비대등합병이라고 부릅니다. 사라지는 회사로부터 인수한 1주당 순재산액과 합병으로 발행되는 신주의 평가액을 기준으로 결정됩니다.",미래에셋증권 증권용어사전,https://securities.miraeasset.com/hki/hki3028/r01.do
합병차익,[],재무/회계,"합병차익은 기업 합병 과정에서 소멸하는 회사의 순자산액이 합병을 위해 지급한 금액과 자본증가액을 초과할 때 발생하는 차익입니다. 합병잉여금이라고도 하며, 재무제표상 자본준비금으로 적립하는 것이 원칙입니다. 다만, 소멸회사의 이익이 자본준비금으로 전환되어 배당 재원이 줄어드는 것을 방지하기 위해 일부 금액은 적립하지 않을 수 있도록 허용하고 있습니다.",미래에셋증권 증권용어사전,https://securities.miraeasset.com/hki/hki3028/r01.do
합성거래기법,[],파생/구조화상품,"합성거래기법은 자산이나 부채를 효율적으로 관리하기 위해 다양한 금융 기법과 위험 관리 수단을 결합하여 사용하는 방식입니다. 기존 개별 금융 상품의 특성을 연결해 새로운 형태의 구조를 만드는 것이 특징이며, 투자 수익률 제고나 조달 비용 절감 등을 목적으로 활용됩니다. 과거에는 주로 대형 금융기관이나 대기업이 이용했으나, 최근에는 위험 관리 기법의 발달과 거래 단위의 소액화로 중소기업이나 소액 투자자들까지 활용 범위가 확대되고 있습니다.",미래에셋증권 증권용어사전,https://securities.miraeasset.com/hki/hki3028/r01.do
핫머니,[],거시경제,"핫머니는 국제금융시장에서 단기적인 이익을 찾아 국가 간을 빠르게 이동하는 유동성 자금을 뜻합니다. 주로 금리 차이, 환율 변동, 정치적 불안 등을 이유로 움직입니다. 자금이 급격히 유출되는 국가에는 통화 가치 하락과 경제 불안을, 유입되는 국가에는 과잉 유동성으로 인한 물가 상승 압력을 줄 수 있어 시장의 변동성을 키우는 요인이 됩니다.",미래에셋증권 증권용어사전,https://securities.miraeasset.com/hki/hki3028/r01.do
해산가치,[],투자지표/밸류에이션,"해산가치는 기업이 해산할 때 모든 채무를 변제하고 남은 자산인 잔여자산액을 의미합니다. 기업의 가치를 평가하는 지표 중 하나로 쓰이며, 재무제표상에서 부채를 제외하고 주주에게 돌아갈 수 있는 자산의 규모를 나타냅니다.",미래에셋증권 증권용어사전,https://securities.miraeasset.com/hki/hki3028/r01.do
해약,[],ETF/펀드,"해약은 투자자가 보유한 수익증권을 현금으로 바꾸기 위해 증권사나 운용사에 매수를 청구하고, 그만큼 신탁계약을 해지하는 것을 뜻합니다. 펀드 투자자가 자금을 회수하는 과정에서 주로 사용되는 용어입니다. 해약 시 받는 금액은 기준가격에서 일정한 수수료를 뺀 가격으로 결정됩니다.",미래에셋증권 증권용어사전,https://securities.miraeasset.com/hki/hki3028/r01.do
해외증권,[],시장/상장,해외증권은 국내 기업이 해외 증권시장에서 외국인 투자자를 대상으로 발행하는 증권을 뜻합니다. 공시나 뉴스에서 국내 기업이 해외 시장을 통해 자금을 조달하는 상황을 설명할 때 주로 사용됩니다.,미래에셋증권 증권용어사전,https://securities.miraeasset.com/hki/hki3028/r01.do
해외직접투자,[],거시경제,"해외직접투자는 해외 기업의 경영에 참여하거나 기술 제휴를 맺기 위해 자금을 투입하는 투자 방식입니다. 단순히 주가 차익을 노리는 일반적인 투자와 달리, 경영권 확보나 사업적 협력을 목적으로 합니다. 뉴스나 경제 지표에서 기업의 해외 진출 현황이나 국가 간 자본 이동 규모를 설명할 때 주로 쓰입니다.",미래에셋증권 증권용어사전,https://securities.miraeasset.com/hki/hki3028/r01.do
해지,[],ETF/펀드,"해지는 펀드를 없애는 행위로, 투자회사의 해산과 유사한 개념입니다. 펀드 운용이 종료되어 더 이상 유지되지 않는 상태를 의미하며, 주로 ETF나 펀드 관련 공시에서 상품의 존속 여부를 설명할 때 쓰입니다.",KB증권 금융용어사전,https://www.kbsec.com/go.able?linkcd=m04110000
헤지,[],파생/구조화상품,"헤지는 주식이나 환율 등 자산 가격이 변동하면서 생길 수 있는 위험을 피하기 위해 행하는 거래를 말합니다. 위험회피 또는 위험분산이라고도 부르며, 주로 파생상품 시장에서 기존 자산과 반대되는 포지션을 취해 손실 가능성을 줄이는 방식으로 활용됩니다. 투자 전략이나 리포트 등에서 위험 관리 수단으로 자주 언급됩니다.",iM증권 금융용어사전,https://www.imfnsec.com/research/financial_guide/fg000000.jsp
헤지 거래,[],파생/구조화상품,"헤지 거래는 주식, 통화, 금리 등 보유한 자산의 가격 변동 위험을 줄이기 위해 이와 반대되는 포지션을 취하는 거래 방식입니다. 예상치 못한 가격 변화로 발생할 수 있는 손실을 막기 위한 수단으로 활용됩니다. 위험을 낮추는 것이 주요 목적이지만, 거래 방식이나 시장 상황에 따라 그 효과와 결과가 달라질 수 있습니다.",미래에셋증권 증권용어사전,https://securities.miraeasset.com/hki/hki3028/r01.do
헤지주,[],거시경제,헤지주는 인플레이션이나 통화 가치 하락에 따른 자산 가치 손실을 방어하기 위해 투자 대상으로 삼는 종목을 뜻합니다. 주로 부동산이나 보험사 주식처럼 보유 자산의 가치가 큰 종목들이 이에 해당합니다. 거시경제 뉴스나 리포트에서 통화 불안이나 물가 상승 우려가 커질 때 위험을 분산하는 수단으로 언급되곤 합니다.,미래에셋증권 증권용어사전,https://securities.miraeasset.com/hki/hki3028/r01.do
헤지펀드,[],ETF/펀드,"헤지펀드는 100명 미만의 소수 투자자로부터 자금을 모집하여 파트너십 형태로 운영하는 개인 모집 투자신탁입니다. 파생금융상품을 복합적으로 활용하여 자금을 운용하며, 주로 조세 회피 지역에 거점을 두고 활동하는 특징이 있습니다. 높은 수익을 추구하는 과정에서 국제 금융 시장에 큰 영향을 미치기도 하며, 투자 전략에 따라 위험도가 높게 평가되기도 합니다.",미래에셋증권 증권용어사전,https://securities.miraeasset.com/hki/hki3028/r01.do
헤징,[],파생/구조화상품,헤징은 가격 변동으로 인한 손실을 방지하기 위해 인도시기가 서로 다른 매매를 동시에 진행하는 거래 방식입니다. 선물거래 등에서 위험을 관리하기 위한 연계매매라고도 불립니다. 주로 뉴스나 리포트에서 시장의 변동성 위험에 대응하는 전략을 설명할 때 사용됩니다.,미래에셋증권 증권용어사전,https://securities.miraeasset.com/hki/hki3028/r01.do
현금결제,[],파생/구조화상품,"현금결제는 선물거래 등에서 계약 만기 시 실물을 직접 주고받는 대신, 그 가치만큼의 현금을 주고받아 정산하는 방식입니다. 주가지수 선물처럼 실물 주식 포트폴리오를 직접 인도하기 번거롭거나 비용이 많이 드는 경우에 주로 활용됩니다. 최종 결제 시점의 가격과 계약 당시 가격의 차액을 계산해 현금으로 수수하며, 주가지수나 금리 선물 등 파생상품 시장에서 쓰이는 주요 결제 방법입니다.",미래에셋증권 증권용어사전,https://securities.miraeasset.com/hki/hki3028/r01.do
현금예탁법,[],채권/금리/환율,"현금예탁법은 기업이 해외에서 자금을 빌릴 때 그중 일정 비율을 중앙은행에 무이자로 예탁하게 하여 외자 유입을 규제하는 제도입니다. 예탁 비율을 조절해 기업이 실제로 부담하는 금리를 조정함으로써 해외 자금의 유입 속도를 관리하는 목적으로 사용됩니다. 독일에서 외환 관리의 한 방법으로 도입되었으며, 현재는 제도가 정지된 상태입니다.",미래에셋증권 증권용어사전,https://securities.miraeasset.com/hki/hki3028/r01.do
현금흐름분석,[],재무/회계,"현금흐름분석은 현금흐름표를 활용해 기업이 보유한 현금 잔액과 그 증감 원인을 파악하는 재무분석 기법입니다. 기업의 단기 지급능력을 확인하기 위해 사용하며, 재무제표를 통해 기업의 실제 자금 흐름 상태를 점검할 때 중요한 역할을 합니다.",미래에셋증권 증권용어사전,https://securities.miraeasset.com/hki/hki3028/r01.do
현금흐름표,[],재무/회계,"현금흐름표는 기업 활동으로 발생하는 현금의 유입과 유출을 정리한 재무제표입니다. 현금이 들어오면 플러스(+), 나가면 마이너스(-)로 표시하며, 크게 영업활동, 투자활동, 재무활동의 세 가지 항목으로 구분합니다. 영업활동은 제품 판매 등 본업을 통해 생기는 흐름을, 투자활동은 자산 투자나 처분과 관련된 흐름을, 재무활동은 대출이나 배당 등 자금 조달 및 상환과 관련된 흐름을 나타냅니다.",KB증권 금융용어사전,https://www.kbsec.com/go.able?linkcd=m04110000
현물결제,[],거래/주문/결제,"현물결제는 선물계약 만기 시 계약할 때 정한 가격으로 실제 상품을 주고받으며 대금을 결제하는 방식입니다. 선물거래의 전통적인 결제 방법으로, 계약 대상이 되는 상품을 직접 인수도한다는 점이 특징입니다.",미래에셋증권 증권용어사전,https://securities.miraeasset.com/hki/hki3028/r01.do
현물출자,[],공시/기업행위,"현물출자는 회사를 설립하거나 신주를 발행할 때 현금이 아닌 재산 등을 출자하여 주식을 배정받는 것을 뜻합니다. 주로 기업 공시에서 자본을 확충하는 방법의 하나로 언급됩니다. 출자하는 자산의 가치 산정 방식에 따라 기업의 재무 상태에 미치는 영향이 다를 수 있으므로, 단순히 자본금이 늘어난다는 사실만으로 긍정적 혹은 부정적이라 단정하기 어렵습니다.",미래에셋증권 증권용어사전,https://securities.miraeasset.com/hki/hki3028/r01.do
현선매매,[],채권/금리/환율,"현선매매는 일정 기간이 지난 뒤 미리 정한 가격으로 다시 사거나 파는 것을 조건으로 하는 일본의 채권 매매 방식입니다. 환매조건부 채권매매(RP)의 일종으로, 조건부매매라고도 불립니다. 채권을 사서 나중에 되파는 매입현선은 여유 자금 운용에, 채권을 팔고 나중에 되사는 매도현선은 단기 자금 조달에 주로 활용됩니다.",미래에셋증권 증권용어사전,https://securities.miraeasset.com/hki/hki3028/r01.do
현재가,[],가격/차트,현재가는 주식시장에서 실시간으로 거래되고 있는 주식의 가격을 의미합니다. 시장 상황에 따라 가격이 짧은 시간 내에도 빠르게 변동할 수 있으므로 주가 화면에서 수시로 확인해야 합니다.,KB증권 금융용어사전,https://www.kbsec.com/go.able?linkcd=m04110000
호가,[],거래/주문/결제,호가는 증권 시장에서 매수자와 매도자가 주식을 사고팔기 위해 제시하는 가격을 뜻합니다. 주가 화면에서 현재 거래가 가능한 가격대를 확인하거나 주문을 낼 때 기준이 됩니다. 매수자와 매도자가 부르는 가격이 서로 맞아야 거래가 이루어집니다.,미래에셋증권 증권용어사전,https://securities.miraeasset.com/hki/hki3028/r01.do
호재,[],주식 기초,"호재는 주가를 오르게 하는 긍정적인 요인을 뜻합니다. 뉴스나 리포트에서 금리 인하와 같은 경기 부양책, 증자, 기관 투자자의 대량 매수 등 주가 상승에 영향을 줄 만한 소식을 설명할 때 주로 쓰입니다. 다만 호재가 발생했다고 해서 주가가 항상 오르는 것은 아니며, 시장 상황이나 선반영 여부에 따라 다르게 해석될 수 있습니다.",미래에셋증권 증권용어사전,https://securities.miraeasset.com/hki/hki3028/r01.do
혼합자산 집합투자기구,[],ETF/펀드,"혼합자산 집합투자기구는 증권, 부동산, 특별자산 등 다양한 자산에 투자 비율의 제한 없이 운용하는 펀드를 의미합니다. 특정 자산군에 얽매이지 않고 여러 종류의 자산에 유연하게 투자할 수 있는 것이 특징입니다. 투자 대상이 폭넓은 만큼 각 자산의 특성과 운용 방식에 따라 성격이 다를 수 있습니다.",iM증권 금융용어사전,https://www.imfnsec.com/research/financial_guide/fg000000.jsp
화폐유통속도,[],거시경제,"화폐유통속도는 한 단위의 화폐가 일정 기간 동안 재화를 생산하는 데 몇 번이나 쓰였는지를 보여주는 지표입니다. 경제 내에서 돈이 얼마나 활발하게 유통되고 있는지를 나타내며, 주로 거시경제 뉴스나 리포트에서 경제의 활력이나 통화 정책의 흐름을 설명할 때 사용됩니다.",미래에셋증권 증권용어사전,https://securities.miraeasset.com/hki/hki3028/r01.do
확실성등가,[],투자지표/밸류에이션,"확실성등가는 불확실한 기대수익과 동일한 효용을 주는 확실한 수익을 의미합니다. 투자자가 위험을 회피할수록 미래에 기대되는 수익보다 현재의 확실한 수익을 더 낮게 평가하게 되는데, 이를 투자안 평가의 도구로 활용합니다. 불확실한 기대 현금흐름 대비 확실한 현금흐름의 비율인 확실성등가계수를 통해 측정할 수 있습니다.",미래에셋증권 증권용어사전,https://securities.miraeasset.com/hki/hki3028/r01.do
확정 이자부 증권,[],채권/금리/환율,"확정 이자부 증권은 정해진 기간 동안 일정한 이자가 확실히 지급되는 증권을 뜻합니다. 기업의 실적에 따라 지급 여부가 달라질 수 있는 주식 배당금과 달리, 발행 주체의 상황과 관계없이 이자를 지급하는 채권이 대표적입니다. 이자 대신 상환 차익을 얻는 할인 금융채 등도 수익이 확실히 보장된다면 이 범주에 포함되지만, 원본이 보증되지 않는 투자신탁 등은 확정 이자부 증권이라 하지 않습니다.",미래에셋증권 증권용어사전,https://securities.miraeasset.com/hki/hki3028/r01.do
환 포지션,[],채권/금리/환율,"환 포지션은 외국환 은행이 외화를 매입한 금액과 매각한 금액의 차액을 의미합니다. 외화의 유입과 유출이 얼마나 차이 나는지 나타내는 지표로, 주로 환율 관련 뉴스나 금융 리포트에서 현재의 외환 보유 상태를 설명할 때 사용됩니다.",미래에셋증권 증권용어사전,https://securities.miraeasset.com/hki/hki3028/r01.do
환노출,[],채권/금리/환율,"환노출은 환율 변동으로 인해 기업이 보유한 외화 자산이나 부채의 가치, 또는 현금흐름이 변할 수 있는 불확실성을 뜻합니다. 환리스크가 주로 손실 가능성을 의미하는 것과 달리, 환노출은 환차손과 환차익 발생 가능성을 모두 포함하는 중립적인 개념입니다. 회계적 노출(거래, 환산)과 경제적 노출로 구분되며, 외화 거래가 많은 기업의 재무 상태나 실적을 분석할 때 중요한 요소로 다뤄집니다.",미래에셋증권 증권용어사전,https://securities.miraeasset.com/hki/hki3028/r01.do
환매,[],거래/주문/결제,"환매는 이전에 매도하거나 발행했던 주식, 채권, 수익증권 등을 다시 사들이는 것을 뜻합니다. 신용 거래나 공매도 상황에서는 빌려서 판 주식을 되사는 과정을 의미하며, 투자신탁(펀드)이나 환매조건부채권(RP) 거래에서는 매출된 수익증권이나 채권을 다시 매입하여 현금화하는 것을 말합니다. 거래 맥락에 따라 구체적인 대상과 의미가 다를 수 있습니다.",미래에셋증권 증권용어사전,https://securities.miraeasset.com/hki/hki3028/r01.do
환매 조건부 매매,[],채권/금리/환율,"환매 조건부 매매는 일정 기간이 지난 후에 다시 사거나 파는 것을 조건으로 채권을 거래하는 방식입니다. 겉으로는 채권 매매의 형식을 띠지만, 실질적으로는 채권을 담보로 자금을 빌려 쓰거나 빌려주는 단기 금융 거래의 성격을 가집니다.",미래에셋증권 증권용어사전,https://securities.miraeasset.com/hki/hki3028/r01.do
환매 조건부 채권 및 BMF(Bond Management Fund),[],채권/금리/환율,"환매조건부 채권(RP)은 일정 기간이 지난 뒤 정해진 가격으로 다시 사거나 파는 것을 조건으로 채권을 거래하는 방식이며, BMF는 증권사가 인수한 채권이나 어음 등을 펀드에 편입하고 여기서 발행된 수익증권을 투자자에게 판매하는 상품입니다. 주로 단기 자금 운용이나 채권 관련 금융 상품을 설명할 때 사용됩니다. 거래 조건이나 편입된 자산의 종류에 따라 성격이 달라질 수 있습니다.",미래에셋증권 증권용어사전,https://securities.miraeasset.com/hki/hki3028/r01.do
환매 준비금,[],ETF/펀드,"환매 준비금은 투자자의 펀드 환매 요청에 대비하여 운용사가 현금이나 유가증권 형태로 미리 보유하고 있는 자금을 말합니다. 운용사의 고유 재산이나 신탁 재산의 일부를 활용해 마련하며, 투자자가 수익증권을 돌려주고 자금을 찾고자 할 때 원활하게 지급하기 위한 목적으로 운용됩니다.",미래에셋증권 증권용어사전,https://securities.miraeasset.com/hki/hki3028/r01.do
환매수수료,[],ETF/펀드,환매수수료는 펀드 등 투자 상품을 중도에 환매(판매)할 때 투자자가 지불하는 수수료입니다. 투자 기간에 따라 수수료율을 다르게 적용하여 장기 투자를 유도하고 단기 매매를 억제하는 역할을 합니다. 환매를 청구한 날의 기준 가격에서 정해진 수수료를 공제한 금액으로 환매가 이루어집니다.,미래에셋증권 증권용어사전,https://securities.miraeasset.com/hki/hki3028/r01.do
환매조건부 매도,[],채권/금리/환율,"환매조건부 매도는 일정 기간이 지난 뒤에 증권을 다시 사기로 약속하고 파는 거래를 뜻합니다. 주로 채권 시장에서 단기 자금을 조달할 때 활용되는 방식입니다. 거래 시점에 미리 정한 가격으로 다시 사는 조건이 붙어 있어, 일반적인 매도와는 성격이 다릅니다.",iM증권 금융용어사전,https://www.imfnsec.com/research/financial_guide/fg000000.jsp
환매조건부 매수,[],채권/금리/환율,"환매조건부 매수는 일정 기간이 지난 뒤에 증권을 다시 매도할 것을 조건으로 매수하는 거래 방식입니다. 주로 채권 시장이나 금융 상품 거래에서 활용되며, 매수 시점에 미리 정한 가격으로 다시 파는 조건이 붙습니다. 시장의 자금 흐름이나 금리 관련 뉴스에서 주로 접할 수 있는 용어입니다.",iM증권 금융용어사전,https://www.imfnsec.com/research/financial_guide/fg000000.jsp
환매조건부 채권매매업무,[],채권/금리/환율,"환매조건부 채권매매업무(RP)는 일정 기간이 지난 후 정해진 가격으로 다시 사거나 파는 것을 조건으로 채권을 매매하는 업무입니다. 채권을 담보로 자금을 빌리거나(조건부 매도) 빌려주는(조건부 매수) 성격을 가집니다. 한국은행이 시중의 유동성을 조절하기 위해 활용하거나, 금융기관 및 일반 투자자가 국채나 회사채 등을 대상으로 자금을 운용할 때 주로 사용됩니다.",미래에셋증권 증권용어사전,https://securities.miraeasset.com/hki/hki3028/r01.do
환매조건부매도(환매도),[],채권/금리/환율,"환매조건부매도는 일정 기간이 지난 후 다시 사기로 약속하고 투자자에게 채권을 파는 것을 뜻합니다. 주로 금융기관이 단기 자금을 마련하기 위해 활용하며, 채권을 매개로 한 거래이지만 실질적으로는 단기 자금 대출과 유사한 성격을 띠기도 합니다.",KB증권 금융용어사전,https://www.kbsec.com/go.able?linkcd=m04110000
환매조건부매매(RP),[],채권/금리/환율,"환매조건부매매(RP)는 일정 기간이 지난 후 미리 약정한 가격으로 다시 사는 것을 조건으로 증권을 매도하고, 약속한 날에 미리 정한 수익을 지급하는 거래 방식입니다. 주로 단기 자금을 융통하거나 안정적인 수익을 관리할 때 사용됩니다. 시장 금리 변화와 별개로 사전에 정해진 수익률을 기준으로 거래가 이루어지는 것이 특징입니다.",KB증권 금융용어사전,https://www.kbsec.com/go.able?linkcd=m04110000
환매조건부매수(환매수),[],채권/금리/환율,환매조건부매수(환매수)는 사전에 약속한 날짜에 투자자가 보유한 채권을 다시 사들이는 것을 말합니다. 채권 거래 시 정해진 기한이 되었을 때 약속된 조건에 따라 매수가 진행되는 상황을 의미합니다.,KB증권 금융용어사전,https://www.kbsec.com/go.able?linkcd=m04110000
환매조건부채권,[],채권/금리/환율,"환매조건부채권은 금융기관이 일정 기간이 지난 후 확정 금리를 더해 다시 사는 것을 조건으로 발행하는 채권입니다. 발행 주체인 금융기관이 일정 기간 뒤에 다시 사기로 약속했으므로, 투자자는 정해진 기간 동안 자금을 운용할 때 활용합니다. 주로 금리나 채권 관련 뉴스, 금융상품 정보에서 확인할 수 있습니다.",iM증권 금융용어사전,https://www.imfnsec.com/research/financial_guide/fg000000.jsp
환매청구,[],ETF/펀드,환매청구는 펀드에 투자한 자금을 돌려받기 위해 보유한 수익증권을 팔아 현금화하는 것을 의미합니다. 투자자가 펀드 투자를 종료하고 현금을 회수하고자 할 때 사용하는 절차입니다.,iM증권 금융용어사전,https://www.imfnsec.com/research/financial_guide/fg000000.jsp
환어음,[],채권/금리/환율,"환어음은 발행인이 지급인에게 특정 시기에 정해진 금액을 수취인에게 지급하도록 요청하는 증권입니다. 주로 기업 간의 대금 결제나 무역 거래에서 사용되며, 발행인이 직접 지급하는 것이 아니라 제3자에게 지급을 위탁하는 형태를 띱니다. 일정한 형식을 갖추어야 하는 증권이자 시장에서 유통될 수 있는 성격을 가지고 있어, 기업의 자금 흐름이나 재무 공시 등에서 언급됩니다.",미래에셋증권 증권용어사전,https://securities.miraeasset.com/hki/hki3028/r01.do
환위험,[],채권/금리/환율,"환위험은 환율이 변동함에 따라 외화로 표시된 거래나 재무제표 항목의 가치가 변하며 발생하는 재무적 위험을 뜻합니다. 주로 뉴스나 재무제표에서 환율 변동으로 인해 기업의 경영 실적이나 현금흐름이 영향을 받을 가능성을 설명할 때 쓰입니다. 환위험은 환율에 노출된 정도와 가격 변동성을 곱해 계산하며, 기업의 실적에 긍정적 또는 부정적 영향을 줄 수 있는 불확실성을 의미합니다.",미래에셋증권 증권용어사전,https://securities.miraeasset.com/hki/hki3028/r01.do
환율,[],채권/금리/환율,"환율은 자국 통화와 외국 통화의 교환 비율을 의미합니다. 한 나라의 통화는 해당 국가 내에서만 통용되므로, 외국과 거래하거나 물건을 살 때는 상대국의 통화로 바꾸는 과정이 필요합니다. 이때 자국 통화의 대외 가치에 따라 교환 비율이 달라지며, 뉴스나 리포트에서 국가 간 경제 상황을 분석하는 주요 지표로 활용됩니다.",미래에셋증권 증권용어사전,https://securities.miraeasset.com/hki/hki3028/r01.do
환투기,[],채권/금리/환율,"환투기는 외환 시세의 변동에 따른 매매 차익을 목적으로 외환을 거래하는 행위를 말합니다. 현물환 거래뿐만 아니라 주로 선물환을 이용한 대량 매매 형태로 이루어지기도 합니다. 환율 변동 예측을 바탕으로 차익을 얻으려는 성격이 강하며, 주로 외환 시장의 변동성을 설명하는 뉴스나 리포트 등에서 언급됩니다.",미래에셋증권 증권용어사전,https://securities.miraeasset.com/hki/hki3028/r01.do
환헤지,[],채권/금리/환율,"환헤지는 환율 변동으로 인해 발생할 수 있는 투자 손실 위험을 피하기 위한 행위입니다. 선물환계약이나 통화선물 등을 활용해 환율 변화에 따른 불확실성을 줄이는 것을 목적으로 합니다. 해외 자산에 투자하는 경우 환율 변동에 항상 노출되어 있으므로, 환율 영향을 최소화하고자 할 때 환헤지를 활용합니다.",iM증권 금융용어사전,https://www.imfnsec.com/research/financial_guide/fg000000.jsp
황금률,[],가격/차트,"황금률은 선분을 가장 안정적이고 이상적인 상태로 나누는 황금분할 비율을 뜻합니다. 약 1:0.618의 비율로 계산되며, 건축이나 디자인 등에서 시각적 안정감을 주는 비율로 활용됩니다. 주식시장에서는 차트 분석 시 주가의 상승과 하락 등 주기적인 리듬의 비율을 설명하는 데 응용되기도 합니다.",미래에셋증권 증권용어사전,https://securities.miraeasset.com/hki/hki3028/r01.do
회계적 이익률법,[],투자지표/밸류에이션,"회계적 이익률법은 투자로 인해 발생하는 연평균 순이익을 연평균 투자액으로 나누어 수익성을 평가하는 지표입니다. 기업이 특정 사업이나 투자안의 경제성을 검토할 때 사용하며, 계산된 이익률이 목표치보다 높거나 여러 안 중 이익률이 가장 높은 것을 선택하는 기준으로 활용됩니다. 다만, 화폐의 시간가치를 반영하지 못하고 실제 현금흐름이 아닌 장부상 이익을 기준으로 평가한다는 점에 유의해야 합니다.",미래에셋증권 증권용어사전,https://securities.miraeasset.com/hki/hki3028/r01.do
회사갱생법,[],공시/기업행위,"회사갱생법은 경영 위기로 자력 재건이 어려운 기업의 정상화를 돕기 위해 마련된 법률입니다. 기업이 법원에 신청하여 승인을 받으면, 관재인이 채권자와 주주의 이해관계를 조정하며 기업을 다시 살리는 과정을 거치게 됩니다. 주로 기업의 도산 위기나 회생 절차를 다루는 뉴스 및 공시에서 사용되는 용어입니다.",미래에셋증권 증권용어사전,https://securities.miraeasset.com/hki/hki3028/r01.do
회사채(corporate bonds ),[],채권/금리/환율,"회사채는 기업이 장기적인 자금을 조달하기 위해 발행하는 채권입니다. 시설 투자뿐만 아니라 운영 자금 마련이나 일시적인 자금 부족을 해결하기 위해 발행하기도 합니다. 주로 3년 만기가 통용되나 최근에는 1년 만기 등 기간이 다양해지고 있으며, 기업의 신용도에 따라 보증 없이 발행되는 경우도 많습니다.",미래에셋증권 증권용어사전,https://securities.miraeasset.com/hki/hki3028/r01.do
회사형 투자신탁,[],ETF/펀드,"회사형 투자신탁은 유가증권 투자를 목적으로 설립된 회사의 주식을 투자자가 취득하는 형태의 투자 구조입니다. 투자자는 해당 회사의 주주가 되며, 이는 계약형 투자신탁과는 구분되는 특징입니다. 미국의 뮤추얼 펀드가 대표적인 회사형 투자신탁의 사례로 꼽힙니다.",미래에셋증권 증권용어사전,https://securities.miraeasset.com/hki/hki3028/r01.do
회전율,[],채권/금리/환율,회전율은 채권이나 채권펀드가 보유한 자산을 얼마나 자주 매각하거나 교환하는지 나타내는 비율입니다. 펀드 내 자산 구성이 얼마나 빈번하게 교체되는지 보여주는 지표로 활용됩니다. 회전율이 높고 낮음은 운용 전략이나 시장 상황에 따라 다르게 해석될 수 있습니다.,KB증권 금융용어사전,https://www.kbsec.com/go.able?linkcd=m04110000
후배주,[],배당/주주환원,"후배주는 배당이나 잔여 재산 분배 순위가 보통주보다 뒤처지는 주식을 말합니다. 보통주가 배당을 받은 뒤에야 배당을 받을 권리가 생기며, 열위주나 후취주라고도 불립니다. 주로 대주주나 경영진, 발기인 등이 보유하는 경우가 많으며 기업의 배당 정책이나 지배구조 관련 공시 등에서 확인할 수 있습니다.",미래에셋증권 증권용어사전,https://securities.miraeasset.com/hki/hki3028/r01.do
후순위사채,[],채권/금리/환율,"후순위사채는 기업이 도산하거나 해산할 때 원리금을 돌려받는 순위가 일반 사채보다는 뒤처지지만, 주식보다는 앞서는 채권입니다. 담보부사채나 일반 대출 등 다른 모든 부채가 먼저 변제된 후에야 원리금을 돌려받을 수 있는 권리가 생깁니다. 특정 조건에서 발행 기업의 자기자본으로 인정받을 수 있다는 특징이 있어, 주로 기업의 자본 확충 관련 뉴스나 공시에서 언급됩니다.",미래에셋증권 증권용어사전,https://securities.miraeasset.com/hki/hki3028/r01.do
후순위채권,[],채권/금리/환율,"후순위채권은 발행 기업이 파산했을 때 다른 일반 채권자들에 대한 부채가 모두 청산된 뒤에 원리금을 상환받을 수 있는 채권입니다. 상환 기간이 5년 이상으로 길고 투자자가 중도상환을 요구할 수 없다는 특징이 있어, 발행 기업의 재무 상태를 파악할 때 자기자본으로 계산되기도 합니다.",iM증권 금융용어사전,https://www.imfnsec.com/research/financial_guide/fg000000.jsp
후입선출법,[],재무/회계,"후입선출법은 나중에 매입한 재고자산을 먼저 판매하거나 사용하는 것으로 가정하여 계산하는 방법입니다. 기업의 재무제표에서 재고자산의 원가를 배분할 때 사용하며, 매입역법이라고도 불립니다. 실제 물건이 나가는 순서와 상관없이 회계상 가정을 통해 재고자산의 가치를 평가하는 방식 중 하나입니다.",미래에셋증권 증권용어사전,https://securities.miraeasset.com/hki/hki3028/r01.do
희석화,[],공시/기업행위,희석화는 신주 발행 등으로 주식 수가 늘어나면서 기존 주식이 가진 가치가 낮아지는 것을 뜻합니다. 기업의 자산이나 이익이 늘어난 주식 수만큼 증가하지 않으면 주당 순자산이나 순이익이 감소하게 됩니다. 주로 유상증자 공시 등에서 기존 주주의 지분율이나 경영권이 약해지는 상황을 설명할 때 사용됩니다.,미래에셋증권 증권용어사전,https://securities.miraeasset.com/hki/hki3028/r01.do
히스토그램 금리예측기법,[],채권/금리/환율,히스토그램 금리예측기법은 금리 예측 전문가들이 제시하는 수익 발생 가능성을 종합하여 도표로 시각화하는 기법입니다. 투자 수익이 하나의 고정된 수치가 아니라 확률에 따른 분포를 이룬다는 전제하에 분석합니다. 주로 시장 전망 리포트 등에서 금리 변동의 불확실성과 전문가들의 주관적 예측치를 한눈에 파악하기 위해 활용됩니다.,미래에셋증권 증권용어사전,https://securities.miraeasset.com/hki/hki3028/r01.do
